d_page	han	count	roman_raw	code	tone	tone_src	sni	raw
403	遂	3	hong	hong5	5	十五音聲調	下平	"7-3-3159 遂0003 hong"" 2-36 公喜下卒hong"
403	蒙	14	bong	bong5	5	十五音聲調	下平	"1-321 蒙0014 bong""# 2-35 公門下至bong"
403	濠	1	bong	bong5	5	十五音聲調	下平	"7-2-7055 濠0001 bong""# 2-35 公門下卒bong"
403	蠔	1	bong	bong5	5	十五音聲調	下平	"7-3-2268 蠔0001 bong""# 2-35 公門下平bong"
403	薪	1	bong	bong5	5	十五音聲調	下平	7-3-3693 薪0001 2-35 公門下平bong
403	束	61	tong	tong1	1	十五音聲調	上平	"1-186 束0061 tong""# 2-18 公地上平tong"
403	辣	1	tong	tong3	3	十五音聲調	上去	"7-1-68 辣0001 tong""# 2-26 公地上去|tong"
403	通	34	thong	thong1	1	十五音聲調	上平	"1-393 通0034 thong""# 2-19 公他上卒thong"
403	同	109	tong	tong5	5	十五音聲調	下平	"1-318 同0109 tong""# 2-33 公地下平tong"
403	櫚	14	tong	tong5	5	十五音聲調	下平	"6-13-1533 榈0014 tong""# 2-33 公地下平tong"
403	童	16	tong	tong5	5	十五音聲調	下平	"1-1143 童0016 tong""# 2-33 公地下平tong"
403	銅	6	tong	tong5	5	十五音聲調	下平	"7-1-3464 铜0006 tong"" 2-33 公地下平tong"
403	瞳	2	tong	tong5	5	十五音聲調	下平	"7-2-5196 瞳0002 tong""# 2-33 公地下卒tong"
403	侗	1	tong	tong5	5	十五音聲調	下平	5-8-431 侗0001 tong.. 2-33 公地下卒tong
403	全	1	tong	tong5	5	十五音聲調	下平	"7-3-2410 全0001 tong""# 2-33 公地下平tong"
403	公	260	kong	kong1	1	十五音聲調	上平	"1-441 公0260 kong""# 2-17 公求上卒kong"
403	功	38	kong	kong1	1	十五音聲調	上平	"1-1227 功0038 kong""# 2-17 公求上平kong"
403	攻	13	kong	kong1	1	十五音聲調	上平	"6-9-2298 攻0013 kong""# 2-17 公求上卒kong"
403	空	17	khong	khong1	1	十五音聲調	上平	"5-11-484 空0017 khong""# 2-18 公去上平khong"
403	控	2	khong	khong1	1	十五音聲調	上平	"5-8-436 控0002 khong""# 2-18 公去上平khong"
403	蔓	1	cong	tsong1	1	十五音聲調	上平	7-4-2367 蔓0001 cong 2-19 公上卒|cong
403	匆	2	chong	tshong1	1	十五音聲調	上平	"7-3-2056 匆0002 chong""# 2-20 公出上卒chong"
403	慈	1	chong	tshong1	1	十五音聲調	上平	"7-2-1837 慈0001 chong"" 2-20 公出上卒chong"
403	聰	6	chong	tshong1	1	十五音聲調	上平	"5-16-620 聪0006 chong""# 2-20 公出上平[chong"
403	薇	2	chong	tshong5	5	十五音聲調	下平	"6-7-1104 薇0002 chong"" 2-34 公会下平cong"
403	洪	7	hong	hong5	5	十五音聲調	下平	"2-7 洪0007 hong"" 2-36 公喜下卒hong"
403	虹	4	hong	hong5	5	十五音聲調	下平	"7-4-4499 虹0004 hong""# 2-36 公喜下平hong"
403	鴻	7	hong	hong5	5	十五音聲調	下平	"7-2-1371 鸿0007 hong""# 2-36 公喜下卒hong"
403	瑞	1	long	long5	5	十五音聲調	下平	"7-3-3406 瑞0001 long""# 2-32 公柳下平[ong"
403	崇	14	cong	tsong5	5	十五音聲調	下平	"6-4-2429 崇0014 cong""# 2-34 公會下平cong"
403	風	60	hong	hong1	1	十五音聲調	上平	"1-465 風0060 hong""# 2-21 公喜上平hong"
403	樓	1	pong	pong1	1	十五音聲調	上平	"7-1-2700 楼0001 pong"" 2-21 公喜上平hong -h"
403	中	196	tiong	tiong1	1	十五音聲調	上平	"6-9-2212 中0196 tiong""# 3-48 恭地上卒tiong"
403	忠	43	tiong	tiong1	1	十五音聲調	上平	"1-312 忠0043 tiong""# 3-48 恭地上李iong"
404	衝	6	chiong	tshiong1	1	十五音聲調	上平	"7-2-1543 冲0006 chiong""# 3-50 恭出上卒chiong"
404	弓	20	kiong	kiong1	1	十五音聲調	上平	"5-6-14 弓0020 kiong""# 3-49 蒸求上卒kiong"
404	鄂	12	kiong	kiong1	1	十五音聲調	上平	5-20-17 鄂0012 3-49 恭求上平kiong
404	彎	2	kiong	kiong1	1	十五音聲調	上平	"7-1-190 弯0002 kiong""# 3-49 恭去上卒khiong -kh"
404	第	33	kiong	kiong5	5	十五音聲調	下平	"1-180 第0033 kiong""# 3-59 恭求下卒kiong"
404	路	56	ciong	tsiong1	1	十五音聲調	上平	"1-339 路0056 ciong""# 3-50 恭鲁上卒ciong"
404	鑫	1	ciong	tsiong1	1	十五音聲調	上平	"7-2-431 鑫0001 ciong"" 3-49 恭鲁上卒ciong"
404	充	29	chiong	tshiong1	1	十五音聲調	上平	"4-299 充0029 chiong""# 3-50 恭出上平chiong"
404	雄	24	hiong	hiong5	5	十五音聲調	下平	"1-912 雄0024 hiong""# 3-61 恭喜下卒hiong"
404	熊	6	him	him5	5	十五音聲調	下平	"6-11-1622 熊0006 him"" 1-53 金喜下卒him"
404	隆	3	liong	liong5	5	十五音聲調	下平	"7-1-146 隆0003 liong""# 3-59 恭柳下卒[liong"
404	戎	10	jiong	jiong5	5	十五音聲調	下平	"7-1-4167 戎0010 jiong""# 3-60 恭入下卒jiong"
404	嵩	3	siong	siong1	1	十五音聲調	上平	"7-1-923 嵩0003 siong"" 3-50 恭時上卒siong"
404	董	5	tong	tong2	2	十五音聲調	上上	"7-2-1327 董0005 tong"" [2-22 公地上上|tong"
404	動	36	tong	tong7	7	十五音聲調	下去	"42151 動0036 tong""# 2-38 公地下去tong"
404	徑	1	khong	khong2	2	十五音聲調	上上	"7-3-587 径0001 Khong"" 2-22 公去上上khong"
404	傻	1	chong	tshong2	2	十五音聲調	上上	"7-3-588 傻0001 chong"" 2-23 公會上上cong"
404	懿	17	cong	tsong2	2	十五音聲調	上上	7-1-2805 懿0017 cong 2-23 公會上上cong
404	汞	1	hong	hong7	7	十五音聲調	下去	"7-4-3388 汞0001 hong""# 2-39 公喜下去|hong"
404	箭	3	long	long2	2	十五音聲調	上上	"7-4-5114 箭0003 long""# 2-22 公柳上上ong"
404	速	4	tong	tong3	3	十五音聲調	上去	"6-1-948 速0004 tong"" 2-26 公地上去tong"
404	棟	3	tong	tong3	3	十五音聲調	上去	"7-3-3746 棟0003 tong""# 2-26 公地上去ltong"
404	痛	6	thong	thong3	3	十五音聲調	上去	"6-11-2004 痛0006 thong""# 2-27 公他上去thong"
404	洞	4	tong	tong7	7	十五音聲調	下去	"2-639 洞0004 tong"" 2-38 公地下去tong"
404	衡	4	tong	tong7	7	十五音聲調	下去	"5-11-224 衡0004 tong"" 2-38 公地下去|tong"
404	貢	60	kong	kong3	3	十五音聲調	上去	"5-3-390 貢0060 kong""# 2-26 公求上去kong"
404	送	13	song	song3	3	十五音聲調	上去	"5-10-449 送0013 song"" 2-27 公時上去song"
404	翼	1	hang	hang7	7	十五音聲調	下去	"6-2-2253 翼0001 hang""# 2-39 公喜下去hong ong~7"
404	哄	1	hang	hang7	7	十五音聲調	下去	7-3-739 哄0001 hang 2-39 公喜下去hong →ong
404	弄	7	long	long7	7	十五音聲調	下去	"7-3-1766 弄0007 long""# 2-37 公柳下去long"
404	昌	1	hong	hong3	3	十五音聲調	上去	"7-3-6042 昌0001 hong""# 2-28 公喜上去|hong -3"
404	蘿	16	bong	bong7	7	十五音聲調	下去	"7-2-1397 萝0016 bong""# 2-39 公門下去bongi"
404	中	23	tiong	tiong3	3	十五音聲調	上去	"4-2411 中0023 tiong""# 3-54 恭地上去tiong"
404	仲	88	tiong	tiong7	7	十五音聲調	下去	"5-5-506 仲0088 tiong""# 3-62 恭地下去tiong"
404	款	50	ciong	tsiong3	3	十五音聲調	上去	"3-1599 款0050 ciong""# 3-54 恭鲁上去ciong"
405	模	2	phok	phok4	4	十五音聲調	上入	"7-1-3007 模0002 phok"" 2-29 公顾上入phok"
405	煲	9	pok	pok8	8	十五音聲調	下入	"5-13-343 煲0009 pok""# 2-40 公逐下入pok"
405	暴	4	pok	pok8	8	十五音聲調	下入	"6-9-1364 暴0004 pok"" 2-41 公下入phok ""ph"
405	溪	1	ph	ph8	8	十五音聲調	下入	"7-1-1458 溪0001 2-41 公下入phok ""ph"
405	木	62	bok	bok8	8	十五音聲調	下入	2-140 木0062 bok”# 2-42 公門下入 bok'
405	沐	4	bok	bok8	8	十五音聲調	下入	5-14-661 沐0004 bok* 2-42 公門下入 bok'
405	禿	1	thun	thun4	4	十五音聲調	上入	"7-2-3723 秃0001 thun"" 1-11 君他上入 thut' →ut-4"
405	駕	52	tok	tok8	8	十五音聲調	下入	"6-2-1224 駕0052 tok""# 241 公地下入 Itok"
405	渡	1	tok	tok8	8	十五音聲調	下入	"5-14-565 渡0001 tok""# 2-41 公地下入"
405	積	2	itok	itok8	8	十五音聲調	下入	7-3-4616 积0002 2-41 公地下入 Itok'
405	膜	1	thok	thok8	8	十五音聲調	下入	"7-4-371 膜001 thok""# 2-41 公地下入tok"
405	微	4	tok	tok8	8	十五音聲調	下入	"7-4-4257 微0004 tok""# 2-41 公地下入tok"
405	座	1	tok	tok8	8	十五音聲調	下入	"5-9-398 座0001 tok"" 2-41 公地下入|tok"
405	谷	8	kok	kok4	4	十五音聲調	上入	"6-5-2026 谷0008 kok""# 2-28 公求上入kok"
405	毅	28	kok	kok4	4	十五音聲調	上入	"1-225 毅0028 kok""# 2-28 公求上入kok"
405	液	3	kok	kok4	4	十五音聲調	上入	"7-3-476 液0003 kok""# 2-28 公求上入kok"
405	哭	9	khok	khok4	4	十五音聲調	上入	5-7-158 哭0009 2-29 公去上入khok
405	速	16	sok	sok4	4	十五音聲調	上入	"5-13-618 速0016 sok""# 2-30 公时上入sok"
405	屋	16	ok	ok4	4	十五音聲調	上入	"3-926 屋0016 ok""# 2-31 公英上入ok"
405	斜	1	hak	hak8	8	十五音聲調	下入	"7-3-346 斜001 hak""# 5-16 江喜下入hak"
405	鹿	13	lok	lok8	8	十五音聲調	下入	"6-1-174 鹿0013 lok""# 2-40 公柳下入lok"
405	豫	45	ok	ok8	8	十五音聲調	下入	4-1351 豫0045 1ok”# 2-39 公柳下入[1ok
405	囍	1	lok	lok8	8	十五音聲調	下入	7-3-4191 囍0001 lok0 2-40 公柳下入[lok
405	磅	2	loki	loki8	8	十五音聲調	下入	7-1-4140 磅0002 loki 2-39 公柳下入1ok
405	箱	3	siok	siok4	4	十五音聲調	上入	"6-3-748 箱0003 siok""# 3-57 恭时上入siok"
405	路	2	siok	siok4	4	十五音聲調	上入	"5-10-194 路0002 siok""# 3-57 恭時上入siok"
405	幅	1	hok	hok4	4	十五音聲調	上入	"7-3-1461 幅0001 hok""# 2-31 公喜上入(hok"
405	腹	18	hok	hok4	4	十五音聲調	上入	"6-11-2244 腹0018 hok""# 2-31 公喜上入hok"
405	福	11	hok	hok4	4	十五音聲調	上入	"6-3-1839 福0011 hok""# 2-31 公喜上入hok"
405	雙	9	hok	hok4	4	十五音聲調	上入	"4-2588 双0009 hok""# 2-31 公喜上入hok"
405	伏	12	hok	hok8	8	十五音聲調	下入	"6-1-234 伏0012 hok""# 2-43 公喜下入hok"
405	服	76	hok	hok8	8	十五音聲調	下入	"4-1263 服0076 hok""# 2-43 公喜下入hok"
405	復	15	hok	hok8	8	十五音聲調	下入	2-188 復0015 hok# 2-43 公喜下入hok
405	馥	1	hiok	hiok4	4	十五音聲調	上入	7-2-3556 馥0001 3-58 恭喜上入hiok
405	牧	14	bok	bok8	8	十五音聲調	下入	2-596 牧0014 bok”# 2-42 公門下入bok
405	首	1	bok	bok8	8	十五音聲調	下入	7-2-1922 首0001 2-42 公下入bok
406	移	15	bok	bok8	8	十五音聲調	下入	"5-3-39 移0015 bok""# 2-42 公下入[bok"
406	繆	5	bok	bok8	8	十五音聲調	下入	6-4-2020 缪0005 2-42 公門下入bok
406	睦	2	bok	bok8	8	十五音聲調	下入	"2-332 睦0002 bok""# 2-42 公門下入bok"
406	竹	23	tiok	tiok4	4	十五音聲調	上入	"1-261 竹0023 tiok""# 3-56 恭地上入(tiok"
406	第	8	tiok	tiok4	4	十五音聲調	上入	"6-12-2462 第0008 tiok""# 3-56 恭地上入iok"
406	逐	4	tiok	tiok8	8	十五音聲調	下入	7-3-5415 逐0004 3-64 恭地下入 tiok
406	韓	1	tiok	tiok8	8	十五音聲調	下入	"7-1-4030 韩0001 tiok""# 3-64 恭地下入[tiok"
406	訊	1	k	k4	4	十五音聲調	上入	6-9-492 讯0001 2-66 經柳上入k
406	菊	2	kiok	kiok4	4	十五音聲調	上入	7-4-5624 菊0002 3-56 恭求上入kiok
406	超	2	kiok	kiok4	4	十五音聲調	上入	"7-3-2744 超0002 kiok""# 3-56 恭求上入[iok"
406	就	10	ciok	tsiok4	4	十五音聲調	上入	7-1-2844 就0010 ciok# 3-56 恭誉上入|ciok
406	粥	3	ciak	tsiak4	4	十五音聲調	上入	"6-5-249 粥0003 ciak""# 3-56 恭誉上入|ciok"
406	假	1	siok	siok4	4	十五音聲調	上入	2-657 假0001 siok 3-57 恭時上入|siok
406	叔	45	siok	siok4	4	十五音聲調	上入	"2-348 叔0045 siok""# 3-57 恭時上入[siok"
406	藏	5	siok	siok4	4	十五音聲調	上入	"1-219 藏0005 siok""# 3-57 恭時上入|siok"
406	敦	45	siok	siok8	8	十五音聲調	下入	4-3796 敦0045 -7015 3-65 恭時下入|siok
406	墊	1	siok	siok8	8	十五音聲調	下入	"7-2-1905 垫0001 siok""# 3-65 恭時下入/siok"
406	熱	9	siok	siok8	8	十五音聲調	下入	"1-396 热0009 siok""# 3-65 恭時下入|siok"
406	淑	9	siok	siok4	4	十五音聲調	上入	"6-7-1188 淑0009 siok""# 3-57 恭時上入/siok"
406	鬱	2	hiok	hiok4	4	十五音聲調	上入	"5-3-336 郁0002 hiok 3-58 恭喜上入hiok"""
406	澳	1	hiok	hiok4	4	十五音聲調	上入	"3-482 澳0001 hiok""# 3-58 恭喜上入hiok"
406	澳	1	hiok	hiok4	4	十五音聲調	上入	"7-1-2281 澳0001 3-58 恭喜上入hiok"""
406	蓄	1	thiok	thiok4	4	十五音聲調	上入	"7-3-5019 蓄0001 thiok"" 3-58 恭喜上入hiok"
406	六	48	liok	liok8	8	十五音聲調	下入	"5-6-4 六0048 liok""# 3-64 恭柳下入liok"
406	陸	14	liok	liok8	8	十五音聲調	下入	"6-4-832 陆0014 liok""# 3-64 恭柳下入liok"
406	載	4	liok	liok8	8	十五音聲調	下入	"5-5-44 载0004 liok""# 3-64 恭柳下入liok"
406	蓼	1	liok	liok8	8	十五音聲調	下入	7-3-6205 蓼0001 liok 13-64 恭柳下入[liok
406	肉	43	jiok	jiok8	8	十五音聲調	下入	"5-10-385 肉0043 jiok""# 3-65 恭入下入jiok"
406	楚	3	chiok	tshiok4	4	十五音聲調	上入	"6-9-917 楚0003 chiok""# 3-58 恭出上入|chiok"""
406	段	2	siok	siok4	4	十五音聲調	上入	"5-10-52 段0002 siok"" 3-57 恭時上入siok"
406	成	1	chiok	tshiok4	4	十五音聲調	上入	"6-6-2476 成0001 chiok""# 3-58 恭出上入|chiok"
406	登	1	chiok	tshiok4	4	十五音聲調	上入	"6-3-59 登0001 chiok"" 3-58 恭出上入chiok"
406	宿	15	siok	siok4	4	十五音聲調	上入	5-18-364 宿0015 siok'# 3-57 恭時上入siok
406	民	4	siok	siok4	4	十五音聲調	上入	"2-261 民0004 siok"" 3-57 恭時上入siok"
406	蓓	1	siok	siok4	4	十五音聲調	上入	"7-2-1923 蓓001 siok""# 3-57 恭時上入siok"
406	醇	1	siok	siok4	4	十五音聲調	上入	"7-2-6996 醇0001 siok'"" 3-57 恭時上入siok"
406	育	13	iok	iok8	8	十五音聲調	下入	"42639 育0013 iok""# 3-66 恭英下入liok"
406	冬	15	tong	tong1	1	十五音聲調	上平	"1-174 冬0015 tong""# 2-18 公地上平tong"
406	要	19	long	long5	5	十五音聲調	下平	"1-537 要0019 long""# 2-32 公柳下平[long"
406	腰	1	long	long5	5	十五音聲調	下平	"7-3-2300 腰0001 long""# 2-32 公柳下至ong"
407	綜	1	cong	tsong1	1	十五音聲調	上平	"7-2-4081 综0001 cong""# 2-19 公曾上平cong"
407	封	27	hong	hong1	1	十五音聲調	上平	"6-12-1565 封0027 hong""# [2-21 公喜上平hong"
407	豐	1	hong	hong1	1	十五音聲調	上平	"7-2-2417 丰0001 hong"" 2-21 公上平hong"
407	烽	2	hong	hong1	1	十五音聲調	上平	7-4-3833 烽0002 hong. 2-21 公喜上平hong
407	蜂	2	hong	hong1	1	十五音聲調	上平	"7-4-3253 蜂0002 hong""# 2-21 公喜上平hong"
407	肇	4	hong	hong1	1	十五音聲調	上平	"7-1-4475 肇0004 hong""# 2-21 公喜上平hong"
407	逢	10	hong	hong5	5	十五音聲調	下平	"7-1-270 逢0010 hong""# 2-36 公喜下平hong"
407	縫	1	hong	hong5	5	十五音聲調	下平	"7-2-6519 缝0001 hong"" 2-36 公喜下卒hong"
407	漫	1	long	long5	5	十五音聲調	下平	7-3-2253 漫0001 2-32 公柳下平[long
407	供	7	kiong	kiong1	1	十五音聲調	上平	"6-6-1013 供0007 kiong""# 3-49 恭求上平iong"
407	恭	38	kiong	kiong1	1	十五音聲調	上平	"1-300 恭0038 kiong""# 3-49 恭求上卒kiong"
407	蛋	2	khiong	khiong1	1	十五音聲調	上平	"7-4-5435 蛋0002 khiong"" 3-49 恭去上平khiong"
407	緬	12	ciong	tsiong1	1	十五音聲調	上平	"6-4-1794 缅0012 ciong""# 3-49 恭鲁上平|ciong"
407	量	1	tong	tong5	5	十五音聲調	下平	"7-3-3694 量0001 tong""# 2-33 公地下平tong"
407	春	1	cing	tsing1	1	十五音聲調	上平	"7-1-2878 春0001 cing"" 2-58 经含上卒[cing"
407	雍	12	iong	iong1	1	十五音聲調	上平	"1-837 雍0012 iong""# 3-50 恭英上平iong"
407	姿	2	iong	iong1	1	十五音聲調	上平	"6-5-1214 姿0002 iong"" 3-50 恭英上卒liong"
407	避	4	iong	iong1	1	十五音聲調	上平	"7-4-2324 避0004 iong"" 3-50 恭英上平iong"
407	胞	6	hiong	hiong1	1	十五音聲調	上平	"7-2-5225 胞0006 hiong"" 3-51 恭喜上平hiong"
407	容	43	iong	iong5	5	十五音聲調	下平	"3-1817 容0043 iong""# 3-61 恭英下卒liong"
407	龍	50	liong	liong5	5	十五音聲調	下平	"4-3032 龍0050 liong""# 3-59 恭柳下平iong"
407	徙	1	chiong	tshiong1	1	十五音聲調	上平	"4-2416 徙0001 chiong"" 3-50 恭出上平chiong"
407	徒	111	ciong	tsiong5	5	十五音聲調	下平	"4-3378 徒0111 ciong""# 3-60 恭鲁下平ciong"
407	松	10	siong	siong5	5	十五音聲調	下平	"5-3-474 松0010 siong""# 3-60 恭时下卒siong"
407	蓉	1	iong	iong5	5	十五音聲調	下平	"7-4-1545 蓉0001 iong""# 3-61 恭英下平liong"
407	城	1	iong	iong5	5	十五音聲調	下平	"7-2-1495 城0001 iong""# 3-60 恭英下卒iong"
407	擇	3	hong	hong7	7	十五音聲調	下去	"7-2-331 择0003 hong."" 2-39 公喜下去hong"
407	奉	8	hong	hong7	7	十五音聲調	下去	"6-11-1862 奉0008 hong""# 2-39 公喜下去hong"
407	家	5	thiong	thiong2	2	十五音聲調	上上	"5-14-1216 家0005 thiong"" 3-52 恭他上上thiong"
407	壕	1	thiong	thiong2	2	十五音聲調	上上	"7-3-6339 壕0001 thiong"" 3-52 恭他上上thiong"
408	寇	5	thiong	thiong2	2	十五音聲調	上上	"7-4-5939 寇0005 thiong""# 3-52 恭他上上thiong"
408	重	52	tiong	tiong7	7	十五音聲調	下去	"7-4-2854 重0052 tiong""# 3-62 恭地下去|tiong"
408	共	2	iong	iong2	2	十五音聲調	上上	5-10-641 共0002 3-51 恭求上上iong
408	拱	3	iong	iong2	2	十五音聲調	上上	2-110 拱0003 3-51 恭求上上iong
408	恐	30	khiong	khiong2	2	十五音聲調	上上	"6-1-2336 恐0030 khiong""# 3-52 恭去上上khiong"
408	種	5	ciong	tsiong2	2	十五音聲調	上上	"7-1-2725 種0005 ciong""# 3-52 恭誉上上ciong"
408	罐	4	ciong	tsiong2	2	十五音聲調	上上	"6-13-1354 罐0004 ciong""# 3-52 恭鲁上上ciong"
408	攤	4	iong	iong3	3	十五音聲調	上去	"7-1-1479 摊0004 iong"" 3-55 恭英上去iong"
408	擎	1	ong	ong2	2	十五音聲調	上上	7-3-3338 擎0001 2-22 公柳上上ong
408	悚	1	sok	sok2	2	十五音聲調	上上	2-877 悚0001 sok* 3-52 恭時上上siong →iong~2
408	傭	2	iong	iong2	2	十五音聲調	上上	"7-3-907 佣0002 iong"" 3-52 恭英上上iong"
408	勇	38	iong	iong2	2	十五音聲調	上上	"4-1925 勇0038 iong""# 3-53 恭英上上hong"
408	蔬	7	thong	thong2	2	十五音聲調	上上	"1-921 蔬0007 thong""# 2-23 公他上上thong"
408	宋	44	song	song3	3	十五音聲調	上去	"4-3316 宋0044 song""# 2-27 公時上去|song"
408	俸	1	hong	hong7	7	十五音聲調	下去	7-2-1907 俸0001 hong 2-39 公喜下去hong
408	共	25	kiong	kiong7	7	十五音聲調	下去	"5-5-798 共0025 kiong""# 3-62 恭求下去kiong"
408	種	9	ciong	tsiong3	3	十五音聲調	上去	"7-1-3750 種0009 ciong""# 13-54 恭誉上去|ciong"
408	毅	6	chiong	tshiong3	3	十五音聲調	上去	"5-9-156 毅0006 chiong"" 13-55 恭出上去|chiong"
408	徒	1	chiong	tshiong3	3	十五音聲調	上去	"5-3-592 徒0001 chiong"" 3-55 恭出上去|chiong"
408	徙	8	ciong	tsiong7	7	十五音聲調	下去	"5-3-625 徙0008 ciong"" 3-62 恭會下去ciong"
408	頭	8	siong	siong7	7	十五音聲調	下去	"1-468 頭0008 siong""# 3-63 恭時下去siong"
408	用	113	iong	iong7	7	十五音聲調	下去	"3-808 用0113 iong""# 3-63 恭英下去liong"
408	督	3	tok	tok4	4	十五音聲調	上入	"7-2-1812 督0003 tok""# 2-29 公地上入tok"
408	篇	16	tok	tok4	4	十五音聲調	上入	"4-2495 篇0016 tok""# 2-29 公地上入tok"
408	毒	2	tok	tok8	8	十五音聲調	下入	"7-3-1821 毒0002 tok""# 2-41 公地下入tok"
408	截	1	tokio	tokio8	8	十五音聲調	下入	7-1-689 截0001 tokio 241 公地下入tok
408	告	2	khok	khok4	4	十五音聲調	上入	5-3-393 告0002 khok* 2-29 公去上入khok
408	括	4	khok	khok4	4	十五音聲調	上入	"6-11-1381 括0004 khok"" 2-29 公去上入khok"
408	酷	2	khok	khok4	4	十五音聲調	上入	"7-4-2471 酷0002 khok""# 2-29 公去上入khok"
408	沃	2	ak	ak4	4	十五音聲調	上入	"7-4-6154 沃0002 ak"" 5-9 江英上入ak"""
408	鴿	6	khok	khok8	8	十五音聲調	下入	"7-3-5117 鸽0006 khok*"" 2-43 公语下入gok"
408	離	1	ciak	tsiak8	8	十五音聲調	下入	"7-3-656 离0001 ciak""# 2-41 公地下入tok →t→ok-8"
408	曲	9	khiok	khiok4	4	十五音聲調	上入	42665 曲0009 3-56 恭去上入khiok
408	玉	81	giok	giok8	8	十五音聲調	下入	"5-14-766 玉0081 giok""# 3-66 恭语下入 giok"
409	猛	12	gak	gak8	8	十五音聲調	下入	"7-1-448 猛0012 gak""# 3-66 恭语下入 701--"
409	爆	4	ciak	tsiak4	4	十五音聲調	上入	"7-1-2302 爆0004 ciak""# 3-56 恭鲁上入 ciok"
409	威	3	ciak	tsiak4	4	十五音聲調	上入	"6-2-2607 威0003 ciak""# 3-56 恭誉上入 ciok 701--"
409	闊	3	chiok	tshiok4	4	十五音聲調	上入	"7-4-4274 阔0003 chiok"" 3-58 恭出上入 chiok"
409	束	8	sok	sok4	4	十五音聲調	上入	"5-5-238 束0008 sok"" 2-30 公時上入|sok"
409	蜀	11	siok	siok8	8	十五音聲調	下入	"7-1-887 蜀0011 siok""# 3-65 恭時下入siok"
409	屋	19	siok	siok8	8	十五音聲調	下入	"7-3-2266 屋0019 siok""# 3-65 恭時下入siok"
409	旭	1	hiok	hiok4	4	十五音聲調	上入	"7-2-172 旭0001 hiok"" 3-58 恭喜上入hiok'"
409	浴	5	iok	iok8	8	十五音聲調	下入	"2-892 浴0005 iok""# 3-66 恭英下入iok"
409	欲	177	iok	iok8	8	十五音聲調	下入	"1-249 欲0177 iok""# 3-66 恭英下入iok"
409	悠	5	iok	iok8	8	十五音聲調	下入	"7-3-1134 悠0005 iok""# 3-66 恭英下入iok"
409	鴿	2	iok	iok8	8	十五音聲調	下入	"7-4-5357 鸽0002 iok""# 3-66 恭英下入iok"
409	緣	8	liok	liok8	8	十五音聲調	下入	"7-3-2387 緣0008 liok""# 3-64 恭柳下入liok"
409	綠	6	lok	lok8	8	十五音聲調	下入	"1-948 绿0006 lok""# 3-64 恭柳下入liok -iok"
409	第	1	lok	lok8	8	十五音聲調	下入	"7-3-5713 第0001 lok""# 3-64 恭柳下入liok"
409	辱	15	jiok	jiok8	8	十五音聲調	下入	"6-3-1708 辱0015 jiok""# 3-65 恭入下入jiok"
409	尊	1	jok	jok8	8	十五音聲調	下入	7-1-1926 尊0001 3-65 恭入下入jok
409	得	1	jiok	jiok8	8	十五音聲調	下入	"7-2-6688 得0001 jiok""# 3-65 恭入下入ljiok"
409	足	139	ciok	tsiok4	4	十五音聲調	上入	2-860 足0139 #7013 3-56 恭誉上入|ciok
409	促	3	chiok	tshiok4	4	十五音聲調	上入	"7-3-6281 促0003 chiok""# 3-58 恭出上入chiok"
409	粟	27	chiok	tshiok4	4	十五音聲調	上入	"5-6-109 粟0027 chiok""# 3-57 恭时上入|siok"
409	籟	6	siok	siok8	8	十五音聲調	下入	"2-868 籁0006 siok""# 3-65 恭時下入[siok"
409	俗	13	s	s8	8	十五音聲調	下入	2-932 俗0013 #,701S 3-65 恭時下入|siok
409	邦	55	pang	pang1	1	十五音聲調	上平	"3-376 邦0055 pang""# 5-1 江逐上平pang"
409	逢	1	hong	hong5	5	十五音聲調	下平	6-8-936 逢0001 hong 2-36 公喜下平hong
409	魔	2	bang	bang5	5	十五音聲調	下平	"7-2-6720 魔0002 bang"" 5-11 江門下卒bang"
409	江	26	kang	kang1	1	十五音聲調	上平	"6-5-1574 江0026 kang""# 5-1 江求上卒kang"
409	槓	1	kong	kong1	1	十五音聲調	上平	"6-8-108 杠0001 kong"" 5-1 江求上平kang -ang"
409	雙	6	siang	siang1	1	十五音聲調	上平	"7-1-2429 雙006 siang"" 2-20 公時上卒[song -ong"
409	蚌	2	pangi	pangi7	7	十五音聲調	下去	7-2-4706 蚌0002 pangi 5-12 江逐下去pang
409	項	11	hang	hang7	7	十五音聲調	下去	"7-2-678 项0011 hang""# 5-13 江喜下去hang"
409	撞	1	tong	tong7	7	十五音聲調	下去	"7-3-4856 撞0001 tong"" 2-38 公地下去tong"
409	降	13	kang	kang3	3	十五音聲調	上去	"6-2-692 降0013 kang""# 5-5 江求上去|kang"
409	釋	4	kang	kang3	3	十五音聲調	上去	2-783 释0004 kang 5-5 江求上去kang
409	澤	4	kang	kang3	3	十五音聲調	上去	"6-6-1752 泽0004 kang"" 5-5 江求上去kang"
409	巷	3	hang	hang7	7	十五音聲調	下去	"5-6-355 巷0003 hang""# 5-13 江喜下去hang"
410	爆	1	ph	ph8	8	十五音聲調	下入	7-1-1600 爆0001 poki0 241 公頭下入phok ph
410	到	1	pak	pak4	4	十五音聲調	上入	7-2-5486 到0001 5-7 江上入pak *ak
410	璞	4	phok	phok4	4	十五音聲調	上入	"74-2074 璞0004 phok""# 2-29 公颇上入phok"
410	邀	2	biau	biau2	2	十五音聲調	上上	"2-644 邀0002 biau""# 3-23 婚門上上biau?"
410	卓	6	tok	tok4	4	十五音聲調	上入	"1-1038 卓0006 tok""# 2-29 公地上入|tok*"
410	涿	1	tok	tok4	4	十五音聲調	上入	7-1-565 涿0001 5704 2-29 公地上入tok
410	琢	76	tok	tok4	4	十五音聲調	上入	"1-75 琢0076 tok""# 2-29 公地上入tok"""
410	新	1	ciok	tsiok4	4	十五音聲調	上入	7-3-454 新0001 ciok′# 2-29 公地上入
410	新	1	tok	tok8	8	十五音聲調	下入	6-2-1798 新0001 2-41 公地下入 tok' 18
410	淘	5	tok	tok8	8	十五音聲調	下入	7-1-31 淘0005 tok# 2-41 公會下入 cok
410	灌	15	cok	tsok8	8	十五音聲調	下入	"6-1-238 灌0015 cok""# 241 公會下入cok"
410	角	11	kak	kak4	4	十五音聲調	上入	"1-1032 角0011 kak"" 5-7 江求上入kak"
410	較	4	kak	kak4	4	十五音聲調	上入	"6-10-1308 较0004 kak""# 5-7 江求上入kak"
410	登	15	kak	kak4	4	十五音聲調	上入	"6-9-2159 登0015 kak""# 5-7 江求上入kak"
410	短	2	haks	haks8	8	十五音聲調	下入	6-1-1341 短0002 haks 2-17 于喜下入|hat' *at
410	慈	1	kok	kok4	4	十五音聲調	上入	"7-3-6509 慈0001 kok""# 5-8 江去上入 Khak' +kh-→ak"
410	嶽	9	gak	gak8	8	十五音聲調	下入	7-1-3755 岳0009 gak'# 5-15 江语下入 gak'
410	楽	69	gak	gak8	8	十五音聲調	下入	1-461 楽0069 5-15 江语下入 gak'
410	捉	1	chiok	tshiok4	4	十五音聲調	上入	7-3-5261 捉0001 chiok 13-58 恭出上入|chiok
410	消	2	sok	sok4	4	十五音聲調	上入	7-1-4601 消0002 sok°# 2-30 公時上入sok
410	朔	6	sok	sok4	4	十五音聲調	上入	"7-1-1688 朔0006 sok""# 2-31 公時上入sok"
410	數	2	sok	sok4	4	十五音聲調	上入	54496 数0002 #70 2-31 公時上入sok
410	握	4	ak	ak4	4	十五音聲調	上入	7-2-5244 握0004 ak# 5-9 江英上入ak
410	涅	2	ak	ak4	4	十五音聲調	上入	"7-3-2224 涅0002 ak"" 5-9 江英上入ak"
410	季	185	hak	hak8	8	十五音聲調	下入	"1-33 季0185 hak""# 5-16 江喜下入hak"
410	差	1	chi	tshi1	1	十五音聲調	上平	"7-3-3718 差0001 chi""# 6-49 居出上卒chi"
410	陂	1	pho	pho1	1	十五音聲調	上平	"7-1-2499 陂0001 pho"" 6-45 居逐上平pi -p-i"
410	被	2	lphi	lphi5	5	十五音聲調	下平	6-3-1118 被0002 6-66 居颇下卒lphi *ph→5
410	碑	2	pi	pi1	1	十五音聲調	上平	2-526 碑0002 6-45 居逐上平pi
410	照	3	pi	pi5	5	十五音聲調	下平	"7-2 4591 照0003 pi""# 6-66 居颇下平phi ph"
410	披	8	phi	phi1	1	十五音聲調	上平	1-991 披0008 phi 6-47 居颜上平phi
410	皮	9	phi	phi5	5	十五音聲調	下平	"5-3-379 皮009 phi""# 6-66 居颇下卒phi"
410	疫	2	phi	phi5	5	十五音聲調	下平	"2-392 疫0002 phi""# 6-66 居颇下平phis"
410	糜	1	bi	bi5	5	十五音聲調	下平	"2 408 糜0001 bi""# 6-69 居門下卒[bis"
410	魅	1	i	i5	5	十五音聲調	下平	743668 魅0001 113 6-63 居柳下平[i
410	路	1	ki	ki5	5	十五音聲調	下平	"7-2-4968 路0001 ki""# 6-64 居求下平["
410	奇	34	ki	ki5	5	十五音聲調	下平	"1-1104 奇0034 ki""# 6-64 居求下卒ki"
411	騎	5	ki	ki5	5	十五音聲調	下平	"7-1-4645 骑0005 ki""# 6-64 居去下卒 khi'"
411	俄	32	gi	gi5	5	十五音聲調	下平	"1-96 俄0032 gi"" 6-69 居語下平"
411	支	2	ci	tsi1	1	十五音聲調	上平	7-1-1157 支0002 ci 6-47 居鲁上平ci
411	枝	12	ki	ki1	1	十五音聲調	上平	"2-360 枝0012 ki""# 6-47 居鲁上平i"
411	肢	2	ci	tsi1	1	十五音聲調	上平	"6-8-1815 肢0002 ci""# 6-47 居曾上卒ci"
411	施	34	si	si1	1	十五音聲調	上平	"7-1-324 施0034 si""# 6-48 居时上平[si"
411	羲	8	hi	hi1	1	十五音聲調	上平	"7-3-5284 羲0008 hi""# 6-50 居喜上平[hi"
411	撥	3	hi	hi1	1	十五音聲調	上平	6-6-508 拨0003 hi 6-50 居喜上卒hi
411	兒	31	j	j5	5	十五音聲調	下平	"2-352 兒0031 j1""# 6-67 居入下卒"
411	卑	16	pi	pi1	1	十五音聲調	上平	"2-328 卑0016 pi""# 6-45 居逻上卒[pi"
411	律	1	pin	pin1	1	十五音聲調	上平	5-14-185 律0001 pin 6-45 居逐上平pi
411	強	7	bi	bi2	2	十五音聲調	上上	5-9-275 强0007 bi* 6-55 居上上bi
411	歧	7	ki	ki5	5	十五音聲調	下平	"6-2-1183 歧0007 ki"" 6-64 求下卒[ -5"
411	歧	1	ki	ki5	5	十五音聲調	下平	"7-1-3687 歧0001 ki""# 6-64 居求下平[ki"
411	抵	4	ki	ki5	5	十五音聲調	下平	"5-7-831 抵0004 ki""# 6-64 居求下平["
411	貨	2	cu	tsu1	1	十五音聲調	上平	"7-3-192 货0002 cu""# 6-14 号上卒|cu'"
411	雄	7	chi	tshi1	1	十五音聲調	上平	"7-2-1520 雄0007 chi""# 6-49 居出上卒[chi"
411	斑	1	cu	tsu5	5	十五音聲調	下平	"7-3-608 斑0001 cu""# 6-26 号出下卒|chu ch→5"
411	斯	137	su	su1	1	十五音聲調	上平	"1-963 斯0137 su""# 6-15 号時上卒[su'"
411	履	2	si	si2	2	十五音聲調	上上	"7-2-6490 履0002 si""# 6-54 居時上上si"
411	路	1	sin	sin2	2	十五音聲調	上上	6-13-1809 路0001 sin 6-54 居時上上si
411	彼	62	pi	pi2	2	十五音聲調	上上	"4-3481 彼0062 pi""# 6-51 居退上上pi"
411	被	14	pi	pi7	7	十五音聲調	下去	"7-2-6833 被0014 pi""# 6-71 居逐下去pi"
411	薛	6	bi	bi2	2	十五音聲調	上上	7-4-5259 薛0006 16-55 居門上上(bi
411	概	1	this	this2	2	十五音聲調	上上	7-1-4661 概0001 this 6-53 居他上上thi
411	多	1	su	su2	2	十五音聲調	上上	7-2-6886 多0001 su 6-52 居地上上 -t-i-2
411	騎	3	ki	ki2	2	十五音聲調	上上	"7-3-3810 骑0003 ki""# 6-52 居去上上khi -kh→2"
411	妓	2	i	i7	7	十五音聲調	下去	7-3-5164 妓0002 6-71 居求下去i
411	技	11	ki	ki7	7	十五音聲調	下去	"3-1744 技0011 ki""# 6-71 居求下去i"
411	只	2	cin	tsin2	2	十五音聲調	上上	3-1519 只0002 cin 6-53 居鲁上上ci
412	新	7	ci	tsi2	2	十五音聲調	上上	2-924 新0007 6-53 居會上上ci?
412	積	1	ci	tsi2	2	十五音聲調	上上	7-1-3738 积0001 6-53 居會上上ci
412	侈	7	chi	tshi2	2	十五音聲調	上上	"6-1-2222 侈0007 chi""# 6-56 居出上上[chi"
412	躍	1	su	su7	7	十五音聲調	下去	7-4 4256 跃0001 su 6-73 居下去|ci →i→7
412	家	7	si	si2	2	十五音聲調	上上	"1-234 家0007 si""# 6-54 居時上上si"
412	氏	60	si	si7	7	十五音聲調	下去	"1-633 氏0060 si""共 6-74 居時下去[si"
412	是	494	si	si7	7	十五音聲調	下去	"1-1164 是0494 si""# 6-73 居時下去si"
412	倚	10	i	i2	2	十五音聲調	上上	"4-665 倚0010 i""# 16-54 居英上上"
412	通	5	jinn	jinn2	2	十五音聲調	上上	"4-1181 通0005 jinn""# 6-54 居入上上i”"
412	停	3	pi	pi7	7	十五音聲調	下去	3-1811 停0003 pi 6-71 居逐下去pi
412	婷	3	pi	pi7	7	十五音聲調	下去	"7-2-4413 婷0003 pi""# [6-71 居逐下去pi"
412	庫	4	pi	pi7	7	十五音聲調	下去	"6-9-720 库0004 pi""# [6-71 居逐下去pi"
412	紫	19	ci	tsi2	2	十五音聲調	上上	"5-17-647 紫0019 ci""# 6-53 居鲁上上ci"
412	此	187	chu	tshu2	2	十五音聲調	上上	"3-1243 此0187 chu""# 6-19 磊出上上|chu”"
412	徒	9	s	s2	2	十五音聲調	上上	5-7-54 徒0009 6-54 居时上上[s
412	量	1	su	su2	2	十五音聲調	上上	"7-1-2754 量0001 su""# 6-54 居入上上"
412	羲	169	g	g7	7	十五音聲調	下去	1-84 羲0169 6-75 居語下去g
412	枝	1	chi	tshi3	3	十五音聲調	上去	"5-9-709 枝0001 chi""# 6-58 居會上去|ci"
412	施	1	inn	inn3	3	十五音聲調	上去	"7-2-4318 施0001 inn"" 6-59 居時上去[si3"
412	超	2	chi	tshi3	3	十五音聲調	上去	"6-12-137 超0002 Chi"" 6-60 居出上去|chi"""
412	載	10	hi	hi3	3	十五音聲調	上去	"7-3-1762 载0010 hi""# 6-61 居喜上去hi"
412	鞋	21	i	i7	7	十五音聲調	下去	"7-2-766 鞋0021 i""# 6-70 居柳下去["
412	臂	9	pi	pi3	3	十五音聲調	上去	"6-12-164 臂0009 pi""# 6-57 居逐上去pi"
412	暨	11	phi	phi3	3	十五音聲調	上去	"5-6-813 暨0011 phi""# 6-58 居颇上去(phi°"
412	避	13	pi	pi7	7	十五音聲調	下去	"7-2-2110 避0013 pi""# 6-71 居逐下去pi"
412	刺	15	chi	tshi3	3	十五音聲調	上去	"7-2-6808 刺0015 chi""# 6-60 居出上去|chi"
412	易	29	su	su3	3	十五音聲調	上去	"5-11-485 易0029 su""# 6-21 据時上去[su"
412	易	32	inn	inn7	7	十五音聲調	下去	"6-7-1278 易0032 inn""# 6-74 居英下去"
412	危	16	gui	gui5	5	十五音聲調	下平	"42255 危0016 gui""# 1-68 规語下平lgui"
412	吹	6	chui	tshui1	1	十五音聲調	上平	"2455 吹0006 chui"" [1-60 规出上平chui"
413	吹	2	chue	tshue1	1	十五音聲調	上平	"7-3-2711 吹0002 chue"" 5-64 榆出上平chue"
413	炊	7	chue	tshue1	1	十五音聲調	上平	"7-3-3898 炊0007 chue""# 5-64 格出上平chue'"
413	重	11	sui	sui5	5	十五音聲調	下平	2-109 重0011 sui'3 1-68 规時下平sui
413	鐘	1	sui	sui5	5	十五音聲調	下平	7-2-2676 鐘0001 1-67 规時下平sui
413	規	12	kui	kui1	1	十五音聲調	上平	"2-368 规0012 kui""# 1-58 规求上平[kui"
413	窺	6	kw	kw1	1	十五音聲調	上平	"6-6-652 窥0006 kw""# 1-58 规求上平kui"
413	新	2	ce	tse1	1	十五音聲調	上平	"7-3-3622 新0002 ce""# 3-37 稻鲁上平ce"
413	陪	5	sui	sui5	5	十五音聲調	下平	"1-705 陪0005 sui""# 1-68 规时下卒suis"
413	艷	2	khui	khui2	2	十五音聲調	上上	"6-6-213 艷0002 khui"" 1-61 规去上上khui"
413	瑞	1	chuan	tshuan2	2	十五音聲調	上上	"6-12-89 瑞0001 chuan""# 1-63 规出上上chui? →ui-2"
413	委	7	ui	ui2	2	十五音聲調	上上	6-4-85 委0007 1-62 规英上上ui
413	毀	15	hui	hui2	2	十五音聲調	上上	"5-15-567 毁0015 hui""# 1-62 规喜上上hui"
413	雙	1	hui	hui2	2	十五音聲調	上上	"7-2-3751 双0001 hui""# 1-62 规喜上上hui"
413	累	1	ui	ui2	2	十五音聲調	上上	7-4-370 累0001 1-60 规柳上上ui -2
413	蕊	2	lui	lui2	2	十五音聲調	上上	7-4-6210 蕊0002 1-60 规柳上上lui
413	假	5	gui	gui7	7	十五音聲調	下去	"6-5-2083 假0005 gui""# 1-71 规語下去lgui"
413	瑞	1	chuan	tshuan2	2	十五音聲調	上上	"6-3-755 瑞0001 chuan"" 1-63 规出上上chui"
413	睡	5	sui	sui3	3	十五音聲調	上去	7-1-3850 睡0005 sui 1-65 规時上去[sui
413	瑞	9	sui	sui7	7	十五音聲調	下去	"7-1-2326 瑞0009 sui""# 1-70 规時下去|sui"
413	需	130	m	m7	7	十五音聲調	下去	5-11-243 需0130 #.m 1-71 规英下去ui
413	累	2	lui	lui7	7	十五音聲調	下去	7-4-2717 累0002 1-69 规柳下去[lui
413	師	88	su	su1	1	十五音聲調	上平	"1-720 師0088 su""# 6-15 据時上卒[su"
413	悲	8	pi	pi1	1	十五音聲調	上平	"5-17-706 悲0008 pi""# 6-45 居逐上卒pi"
413	丕	3	phi	phi1	1	十五音聲調	上平	"7-4-1825 丕0003 phi""# 6-46 居颜上平(phi"
413	眉	13	bi	bi5	5	十五音聲調	下平	"7-2-1322 眉0013 bi""# 6-69 居下卒[bis"
413	榴	1	bi	bi5	5	十五音聲調	下平	"7-2-4242 榴0001 bi""# 6-69 居門下平[bi"
413	薇	2	bi	bi5	5	十五音聲調	下平	"7-2-916 薇0002 bi""# 6-69 居門下卒bi"
413	翼	4	bi	bi5	5	十五音聲調	下平	6-1-173 翼0004 6-69 居門下卒[bi
413	郡	1	bi	bi5	5	十五音聲調	下平	7-3-5455 郡0001 bi 6-69 居門下卒[bi
413	矯	1	thiu	thiu1	1	十五音聲調	上平	5-10-226 矫0001 thiu 647 居他上平thi
413	邏	18	ti	ti5	5	十五音聲調	下平	"1-1056 逻0018 ti""# 6-66 居地下卒"
414	泥	1	ni	ni5	5	十五音聲調	下平	"6-9-493 泥0001 ni""# 7-48 柜柳下平[linn -}-→inn"
414	凱	24	ki	ki1	1	十五音聲調	上平	7-1-1285 凯0024 6-45 居求上卒ki
414	郝	2	ki	ki5	5	十五音聲調	下平	"7-2-792 郝0002 ki""# 6-64 居求下平"
414	低	2	ci	tsi2	2	十五音聲調	上上	"5-12-492 低0002 ci""# 6-52 居地上上"
414	躍	2	ci	tsi2	2	十五音聲調	上上	6-9-1208 跃0002 6-53 居鲁上上ci
414	旁	5	gn	gn1	1	十五音聲調	上平	5-10-135 旁0005 #gn3 6-14 号鲁上平[cu
414	鷗	1	chi	tshi1	1	十五音聲調	上平	"7-4-5699 鸥0001 chi""# 6-49 居出上平|chi"
414	昆	2	si	si1	1	十五音聲調	上平	7-3-6331 昆0002 6-48 居時上卒[si
414	薯	1	si	si1	1	十五音聲調	上平	4-2728 薯0001 6-48 居時上卒[si
414	梨	6	le	le5	5	十五音聲調	下平	"1-114 梨0006 le""# 4-9 皆柳下卒[lai ai"
414	枇	1	pi	pi5	5	十五音聲調	下平	2-761 枇0001 pi 6-64 居逐下卒pi
414	恥	1	pi	pi5	5	十五音聲調	下平	"7-4-3317 耻0001 pi""# 6-64 居逐下平pi"
414	箍	1	pis	pis5	5	十五音聲調	下平	7-2-6974 箍0001 pis 6-64 居逐下平lpi
414	諮	1	n	n1	1	十五音聲調	上平	5-20-8 咨0001 #,n3 6-14 号鲁上平|cu
414	委	7	gn	gn1	1	十五音聲調	上平	2-940 委0007 #g,n3 6-14 据會上卒|cu'
414	資	10	cu	tsu1	1	十五音聲調	上平	"7-3-1302 资0010 cu"""" 6-14 据會上平[cu'"
414	超	1	chu	tshu1	1	十五音聲調	上平	"7-3-841 超0001 Chu"" 6-14 竭上卒[ci"
414	私	21	su	su1	1	十五音聲調	上平	"4-297 私0021 su""# 6-15 辐时上卒[su'"
414	姨	2	i	i5	5	十五音聲調	下平	7-2-4291 姨0002  i3 6-68 居英下卒
414	鄂	13	phi	phi2	2	十五音聲調	上上	1-858 鄂0013 phi°# 6-52 居頭上上phi
414	否	1	yd	yd2	2	十五音聲調	上上	7-3-4620 否0001 yd [6-52 居頭上上phi
414	美	70	bi	bi2	2	十五音聲調	上上	"2-292 美0070 bi""# 16-55 居門上上[bi2"
414	幾	1	kis	kis1	1	十五音聲調	上平	"641984 几0001 kis 6-45 居求上卒["""
414	憲	1	ki	ki2	2	十五音聲調	上上	"7-3-4240 宪0001 ki""# 6-51 居求上上[i?"
414	指	23	ci	tsi2	2	十五音聲調	上上	"3-920 指0023 ci""# 6-53 居會上上"
414	矢	15	si	si2	2	十五音聲調	上上	"5-15-201 矢0015 si""# 6-54 居時上上 si?"
414	硯	44	si	si7	7	十五音聲調	下去	"3-916 砚0044 si""# 6-73 居時下去[si"""
414	履	17	i	i2	2	十五音聲調	上上	5-8-98 履0017~1i*# 6-50 居柳上上[2
414	七	2	pis	pis2	2	十五音聲調	上上	7-3-3800 七0002  pis 6-51 居逐上上pi
414	比	38	pi	pi2	2	十五音聲調	上上	7-43370 比0038 6-51 居逐上上pi
415	批	1	pi	pi2	2	十五音聲調	上上	7-3-2810 批0001 pi 6-51 居逐上上pi -2
415	姊	1	ce	tse2	2	十五音聲調	上上	"7-2-4469 姊0001 ce""# 6-53 居鲁上上ei"
415	死	147	su	su2	2	十五音聲調	上上	"4-1690 死0147 su""# 6-18 解時上上su?"
415	咒	1	su	su7	7	十五音聲調	下去	"5-16-121 咒0001 su""# 6-28 歸時下去su"
415	泌	2	pi	pi3	3	十五音聲調	上去	"1-1093 泌0002 pi"" 6-57 居逐上去p"
415	裁	1	pis	pis3	3	十五音聲調	上去	7-4-720 裁0001 pis 6-57 居逐上去pi
415	祕	1	pi	pi3	3	十五音聲調	上去	7-2-1974 秘0001 6-57 居逐上去pi
415	費	6	pi	pi3	3	十五音聲調	上去	5-17-177 费0006 6-57 居逻上去pi
415	譽	1	lpi	lpi3	3	十五音聲調	上去	7-1-4309 誉0001 6-57 居逐上去lpi
415	儲	18	pi	pi7	7	十五音聲調	下去	"1-462 储0018 pi""# 6-71 居逸下去pi"
415	媚	8	mi	mi7	7	十五音聲調	下去	"7-2-3520 媚0008 mi""# 7-51 門下去binn -b-*inn"
415	致	41	ti	ti3	3	十五音聲調	上去	"1-1158 致0041 ti""# 6-58 居地上去[6”"
415	鞋	1	ci	tsi3	3	十五音聲調	上去	"7-3-893 鞋0001 ci""# 6-58 居鲁上去|ci"
415	治	89	ti	ti7	7	十五音聲調	下去	"3-216 治0089 ti""# 6-72 居地下去6"
415	稚	1	t	t7	7	十五音聲調	下去	"6-5-726 稚0001 t""# 6-72 居地下去"
415	鄂	1	khi	khi2	2	十五音聲調	上上	"7-3-574 鄂0001 khi"" 44 皆去上上khai →ai"
415	冀	1	i	i3	3	十五音聲調	上去	7-2-1337 冀0001 [6-57 居求上去i -3
415	器	31	khi	khi3	3	十五音聲調	上去	"1-78 器0031 khi""# 6-58 居去上去khi"
415	別	1	inn	inn7	7	十五音聲調	下去	"7-4-2767 别0001 inn"" 6-75 居善下去[gi gi"
415	擎	1	ci	tsi3	3	十五音聲調	上去	7-2-3287 擎0001 6-58 居鲁上去[ci
415	示	8	si	si7	7	十五音聲調	下去	4-1738 示0008 6-73 居時下去[si
415	者	7	si	si7	7	十五音聲調	下去	"6-11-1085 者0007 si""# 6-74 居時下去si"
415	嘴	7	si	si7	7	十五音聲調	下去	"7-3-2412 嘴0007 si""# 6-74 居時下去[si"
415	滋	2	ni	ni7	7	十五音聲調	下去	"7-1-2706 滋0002 ni""# 7-50 柜柳下去linn -}>inn7"
415	武	7	j	j7	7	十五音聲調	下去	"4-2920 武0007 j""# 6-73 居入下去乐"
415	底	2	pi	pi3	3	十五音聲調	上去	7-3-4347 底0002 6-57 居遗上去pi
415	比	11	pi	pi7	7	十五音聲調	下去	"5-2-309 比0011 pi""# 6-71 居邀下去pi"
415	聯	4	bi	bi7	7	十五音聲調	下去	"2-844 联0004 bi""# 6-74 居門下去bi"
415	地	115	te	te7	7	十五音聲調	下去	"4-861 地0115 te""# 3-46 稽地下去te"
416	藥	29	khi	khi3	3	十五音聲調	上去	6-5-1176 藥0029 #.144 16-58 居去上去khi
416	態	2	n	n3	3	十五音聲調	上去	6-6-2003 态0002 #,n5 6-21 锯鲁上去[cu° -*3
416	次	29	chu	tshu3	3	十五音聲調	上去	"5-13-737 次0029 chu""# 6-22 据出上去|chu"
416	自	207	cu	tsu7	7	十五音聲調	下去	"43858 自0207 cu""# 6-28 号鲁下去|cu'"
416	四	105	ns	ns3	3	十五音聲調	上去	4969 四0105 #,ns 6-21 据时上去[su
416	四	1	si	si3	3	十五音聲調	上去	"7-4-8 四0001 si""# 6-59 居時上去[si"
416	肆	10	su	su3	3	十五音聲調	上去	"1-813 肆0010 su""# 6-21 据時上去[su”"
416	泗	2	su	su3	3	十五音聲調	上去	"6-5-1570 泗0002 su""# 6-21 锯時上去[su"
416	建	1	inn	inn7	7	十五音聲調	下去	"7-4-534 建0001 inn"" 6-74 居英下去"
416	衰	16	sue	sue1	1	十五音聲調	上平	"1-942 衰0016 sue""# 5-63 格時上平 sue"
416	機	2	sue	sue1	1	十五音聲調	上平	"6-14-1566 機0002 Sue'"" 5-63 格时上平sue"
416	追	12	tui	tui1	1	十五音聲調	上平	"5-18-144 追0012 tui""# 1-58 规地上平tui"
416	桂	3	cui	tsui1	1	十五音聲調	上平	"7-3-5359 桂0003 cui""# 1-59 规會上平lcui"
416	菱	2	kui	kui5	5	十五音聲調	下平	"6-9-1214 菱0002 kui 1-67 规求下卒kui"""
416	鏈	3	cui	tsui1	1	十五音聲調	上平	"7-3-3654 链0003 cui""# 1-59 规會上平|cui"
416	推	21	chui	tshui1	1	十五音聲調	上平	"6-1-1776 推0021 chui""# 1-60 规出上卒|chui"
416	鞋	3	ui	ui5	5	十五音聲調	下平	2-831 鞋0003 1-68 规英下平ui
416	爆	2	iu	iu5	5	十五音聲調	下平	"5-5-16 爆0002 Iu"" 1-66 规柳下平ui -5"
416	蒸	1	ui	ui5	5	十五音聲調	下平	6-5-2462 蒸0001 1-66 规柳下卒ui
416	葵	2	kui	kui5	5	十五音聲調	下平	"7-3-2988 葵0002 kui""# 1-67 规求下卒(kuis"
416	段	4	sui	sui1	1	十五音聲調	上平	"5-10-610 段0004 sui*""# 1-59 规時上平[sui"
416	翼	110	sui	sui1	1	十五音聲調	上平	5-5-14 翼0110 [1-59 规時上平[sui'
416	雕	1	chis	tshis1	1	十五音聲調	上平	7-2-6422 雕0001 chis 6-49 居出上卒|chi
416	唯	24	ui	ui5	5	十五音聲調	下平	4-2595 唯0024 1-68 规英下平ui°
416	惟	75	ui	ui5	5	十五音聲調	下平	"1-960 惟0075 ui""# 1-68 规英下卒u"
416	維	8	i	i5	5	十五音聲調	下平	"7-1-1497 維0008 i""# 1-68 规英下卒["
416	道	22	ui	ui5	5	十五音聲調	下平	"4-1254 道0022 ui""# 1-68 规英下平uis"
416	軌	2	khui	khui2	2	十五音聲調	上上	"4-3264 轨0002 khui""# 1-61 规去上上khui"
416	號	2	kui	kui2	2	十五音聲調	上上	"7-1-2016 号0002 kui""# 1-61 规求上上kui?"
416	水	87	sui	sui2	2	十五音聲調	上上	"2-44 水0087 sui""# 1-62 规時上上sui?"
416	消	1	ui	ui2	2	十五音聲調	上上	"6-8-93 消0001 ui""# 1-62 规英上上"
416	量	2	lui	lui2	2	十五音聲調	上上	"7-1-4224 量0002 lui"" 1-60 规柳上上lui?"
416	耒	3	jue	jue7	7	十五音聲調	下去	6-5-1142 耒0003 5-75 格入下去jue' -j→ue
416	癸	2	kui	kui3	3	十五音聲調	上去	"7-3-5091 癸0002kui""# 1-64 规求上去kui"""
416	挨	2	kuis	kuis5	5	十五音聲調	下平	6-8-75 挨0002  kuis 1-67 规求下平[kui'
417	慰	1	tui	tui7	7	十五音聲調	下去	6-9-379 慰0001 tui 1-70 规地下去|tui
417	隆	4	tui	tui7	7	十五音聲調	下去	"1-612 隆0004 tui""# 1-70 规地下去|tui"
417	愧	9	khwi	khwi3	3	十五音聲調	上去	"4-3913 愧0009 khwi""# 1-64 规去上去khui"
417	第	3	kui	kui7	7	十五音聲調	下去	"5-9-521 第0003 kui""# 1-69 规求下去[kui'"
417	魂	13	kui	kui7	7	十五音聲調	下去	"6-10-1682 魂0013 kui""# 1-69 规求下去kui"
417	鎖	8	kui	kui7	7	十五音聲調	下去	"5-10-547 鎖0008 kui""# 1-69 规求下去kui"""
417	位	70	ui	ui7	7	十五音聲調	下去	4-1106 位0070 1-71 规英下去ui
417	頰	23	lui	lui7	7	十五音聲調	下去	"5-15-846 颊0023 lui""# 1-69 规柳下去[lui"
417	季	49	kui	kui3	3	十五音聲調	上去	"4-1451 季0049 kui""# 1-64 规求上去[kui"
417	醉	5	cuwi	tsuwi3	3	十五音聲調	上去	7-2-2709 醉0005 #.3 1-64 规會上去|cuwi
417	翠	5	chui	tshui3	3	十五音聲調	上去	"2-764 翠0005 chui""# 1-65 规出上去|chui"
417	萃	1	m	m7	7	十五音聲調	下去	6-3-1600 萃0001 #.m3 1-70 规誉下去cui
417	梓	1	cui	tsui7	7	十五音聲調	下去	6-3-446 梓0001 cui?# 1-70 规鲁下去|cui
417	率	1	cui	tsui7	7	十五音聲調	下去	"7-2-900 率0001 cui""# 1-70 规鲁下去cui"
417	崇	1	sui	sui3	3	十五音聲調	上去	"7-4-3675 崇0001 sui""# 1-65 规時上去[sui"
417	燒	2	sui	sui7	7	十五音聲調	下去	7-4-1724 烧0002 sui 1-70 规時下去 sui
417	闢	1	cut	tsut3	3	十五音聲調	上去	"6-13-927 辟0001 cut'"" 1-65 规時上去[sui →s→ui-3"
417	逸	15	sui	sui7	7	十五音聲調	下去	"7-1-4325 逸0015 sui""# 1-70 规時下去|sui"
417	穗	2	hui	hui7	7	十五音聲調	下去	"7-1-2888 穗0002 hui""# 1-70 规時下去sui"
417	蓄	3	cai	tsai1	1	十五音聲調	上平	"3-1901 蓄0003 cai""# 42 皆上平|cai"
417	淄	1	cu	tsu1	1	十五音聲調	上平	7-1-1268 淄0001 cu 6-14 解誉上平cu
417	籍	2	sn	sn1	1	十五音聲調	上平	5-17-339 籍0002 #s,n3 6-14 号含上平|cu
417	鐳	1	cu	tsu1	1	十五音聲調	上平	"7-3-4633 镭0001 cu"" 6-14 号鲁上卒|cu"
417	答	2	thai	thai1	1	十五音聲調	上平	"7-3-5394 答0002 thai""# 6-47 居他上平[thi"
417	癡	1	chis	tshis1	1	十五音聲調	上平	7-2-114 痴0001 chis 6-49 居出上卒|chi
417	度	1	chi	tshi1	1	十五音聲調	上平	7-4-3719 度0001 chi 6-49 居出上卒|chi
417	持	15	chi	tshi5	5	十五音聲調	下平	"5-16-103 持0015 chi""# 6-66 居地下平[6°"
417	姬	9	i	i1	1	十五音聲調	上平	1-1113 姬0009 6-45 居求上平i
417	基	5	ki	ki1	1	十五音聲調	上平	"1-726 基0005 ki""# 645 居求上卒["
417	期	5	ki	ki1	1	十五音聲調	上平	5-13-380 期0005 6-45 居求上平[ki
417	箕	8	ki	ki1	1	十五音聲調	上平	7-1-163 箕0008 ki 6-45 居求上平[k
417	欺	12	khi	khi1	1	十五音聲調	上平	"5-9-352 欺0012 khi""# 6-46 居去上平khi"
417	洪	2	ki	ki5	5	十五音聲調	下平	"6-12-1185 洪0002 ki""# 6-64 居求下平[ki"
418	期	18	ki	ki5	5	十五音聲調	下平	"5-7-683 期0018 ki""# 6-64 居求下平"
418	棋	3	ki	ki5	5	十五音聲調	下平	"7-4-1846 棋0003 ki""# 6-64 居求下卒"
418	旗	1	ki	ki5	5	十五音聲調	下平	"7-4-1956 旗0001 ki""# 6-64 居求下平"
418	龔	3	ki	ki5	5	十五音聲調	下平	"7-2-848 龚0003 ki""# 6-64 居求下卒i"" -5"
418	碁	1	ki	ki5	5	十五音聲調	下平	"1-1098 碁0001 ki""# 6-64 居求下平5"
418	疑	17	g	g5	5	十五音聲調	下平	"4 3411 疑0017 g""# 6-69 居語下卒g"
418	之	3846	p	p1	1	十五音聲調	上平	1-1110 之3846 #,P 6-47 居誉上平[ci
418	芝	4	ci	tsi1	1	十五音聲調	上平	7-2-2325 芝0004 6-47 居會上平ci
418	詩	119	si	si1	1	十五音聲調	上平	"1-471 詩0119 si""# 6-48 居時上平[si"
418	時	100	si	si5	5	十五音聲調	下平	"1-90 時0100 si""# 6-67 居时下卒[s1"
418	熙	2	hi	hi1	1	十五音聲調	上平	"3-443 熙0002 hi""# 16-50 居喜上卒[hi"
418	嬉	2	hi	hi1	1	十五音聲調	上平	"7-1-469 嬉0002 hi"" 6-49 居喜上卒hi"
418	而	1451	j	j5	5	十五音聲調	下平	"5-1-2 而1451 j1""# 6-67 居入下平"
418	莘	6	cu	tsu1	1	十五音聲調	上平	"6-13-1293 莘0006 cu""# 6-14 据會上平[cu'"
418	滋	5	cu	tsu1	1	十五音聲調	上平	"7-3-2316 滋0005 cu""# 6-14 据鲁上平|cu'"
418	茲	1	cu	tsu1	1	十五音聲調	上平	"6-3-360 兹0001 cu"" 6-14 锯會上平|cu"
418	慈	10	cu	tsu5	5	十五音聲調	下平	2-370 慈0010 6-25 铝會下平cu
418	思	108	su	su1	1	十五音聲調	上平	"441 思0108 su"" 6-15 号时上平[su"
418	司	46	su	su1	1	十五音聲調	上平	"5-13-33 司0046 su""# 6-15 锯时上平[su'"
418	倪	5	su	su1	1	十五音聲調	上平	"5-13-997 倪0005 su""# 6-15 锯时上卒[su'"
418	短	2	su	su1	1	十五音聲調	上平	"6-13-2405 短0002 su"" 6-15 号时上平[su'"
418	綜	9	si	si1	1	十五音聲調	上平	"1-1179 综0009 si""# 6-48 居时上平[si"
418	同	1	su	su5	5	十五音聲調	下平	"74-3934 同0001 su""# 6-26 据时下平[su°"
418	詞	16	su	su5	5	十五音聲調	下平	"7-1-2546 词0016 su""# 6-26 据時下卒[su°"
418	穿	49	su	su5	5	十五音聲調	下平	"3-633 穿0049 su""# 6-26 号時下卒[su°"
418	士	202	su	su7	7	十五音聲調	下去	"1-1074 士0202 su""# 6-28 锯時下去|su'"
418	仕	46	su	su7	7	十五音聲調	下去	"1-987 仕0046 su""# 6-28 号時下去|su"
418	侯	10	su	su7	7	十五音聲調	下去	5-10-524 侯0010 6-28 時下去[su'
418	史	24	su	su2	2	十五音聲調	上上	"1-528 史0024 su""# 6-18 船時上上su?"
418	使	169	su	su2	2	十五音聲調	上上	"741487 使0169 su""# 6-18 锯时上上su"
419	已	90	ki	ki2	2	十五音聲調	上上	"3-883 已0090 ki""# 6-51 居求上上？"
419	起	1	ki	ki2	2	十五音聲調	上上	"7-1-1553 起0001 ki""# 6-51 居求上上k"
419	起	24	khi	khi2	2	十五音聲調	上上	"1-852 起0024 khi""# 6-51 居去上上khi"
419	止	48	ci	tsi2	2	十五音聲調	上上	"1-360 止0048 ci""# 6-53 居售上上|ci"
419	讓	3	ci	tsi2	2	十五音聲調	上上	"7-2-5656 让0003 ci""# 6-53 居鲁上上ei"
419	始	65	si	si2	2	十五音聲調	上上	"1-534 始0065 si""# 6-54 居时上上si"
419	市	21	chi	tshi7	7	十五音聲調	下去	"1-864 市0021 chi""# 6-75 居出下去chi"
419	待	6	si	si7	7	十五音聲調	下去	"7-1-1163 待0006 si""# 6-74 居時下去|si"
419	喜	33	hi	hi2	2	十五音聲調	上上	"5-4-443 喜0033 hi""# 6-56 居喜上上(hi"
419	裏	83	i	i2	2	十五音聲調	上上	3-404 里0083 1°# 6-50 居柳上上[i
419	耳	44	jinn	jinn2	2	十五音聲調	上上	"5-17-171 耳0044 jinn""# 6-54 居入上上"
419	子	2273	cu	tsu2	2	十五音聲調	上上	"1-87 子2273 cu""# 6-18 锯鲁上上cu"
419	梓	11	cu	tsu2	2	十五音聲調	上上	"6-11-2058 梓0011 cu""# 6-18 [据含上上|cu"
419	蕙	1	si	si2	2	十五音聲調	上上	5-8-41 蕙0001 6-54 居时上上si
419	似	34	su	su7	7	十五音聲調	下去	"6-11-1033 似0034 su""# 6-28 号時下去|su'"
419	以	2	su	su7	7	十五音聲調	下去	"7-2-3465 以0002 su""# 6-28 锯時下去|su"
419	起	12	su	su7	7	十五音聲調	下去	"4-1267 起0012 su""# 6-28 据時下去[su'"
419	事	269	su	su7	7	十五音聲調	下去	"1-510 事0269 9 su""# 6-28 据时下去[su'"
419	使	6	su	su3	3	十五音聲調	上去	5-6-100 使0006 $ su 6-21 据時上去|su
419	置	9	ti	ti3	3	十五音聲調	上去	"6-14-531 置0009 ti""# 6-58 居地上去["""
419	值	1	it	it8	8	十五音聲調	下入	7-3-6484 值0001 4-31 市地下入it
419	記	12	ki	ki3	3	十五音聲調	上去	"1-456 記0012 ki""# 6-57 居求上去"
419	返	8	khi	khi3	3	十五音聲調	上去	"6-10-1798 返0008 khi""# 6-58 居去上去|khi"
419	志	97	ci	tsi3	3	十五音聲調	上去	1-1086 志0097 #:13 6-58 居曾上去|ci
419	載	2	chi	tshi3	3	十五音聲調	上去	"7-3-3934 载0002 chi""# 6-59 居上去[ci"
419	截	13	chi	tshi3	3	十五音聲調	上去	"7-1-4213 截0013 chi""# 6-59 居時上去[si"
420	武	13	chi	tshi3	3	十五音聲調	上去	"4-2219 武0013 chi""# 6-60 居出上去|chi"
420	侍	12	si	si7	7	十五音聲調	下去	"5-5-778 侍0012 si""# 6-73 居時下去si"
420	思	4	su	su3	3	十五音聲調	上去	"4-1293 思0004 su""# 6-21 据時上去[su"""
420	筒	1	su	su3	3	十五音聲調	上去	"7-2-3708 筒0001 su""# 6-21 据时上去[su"""
420	寺	3	si	si7	7	十五音聲調	下去	"7-2-1778 寺0003 si""并 6-73 居時下去[si"
420	朗	2	su	su5	5	十五音聲調	下平	"7-2-553 朗0002 su""# 6-26 据时下平[su"
420	期	2	su	su7	7	十五音聲調	下去	"7-2-3732 期0002 su""# 6-28 据時下去[su’"
420	昊	67	inn	inn7	7	十五音聲調	下去	"1-1080 昊0067 inn""# 7-51 柜英下去|inn"
420	機	10	ki	ki1	1	十五音聲調	上平	"2-724 機0010 ki""# 6-45 居求上卒"
420	碳	3	ki	ki1	1	十五音聲調	上平	"6-12-581 碳0003 ki""# 6-45 居求上卒"
420	綫	6	ki	ki1	1	十五音聲調	上平	"5-12-405 綫0006 ki""# 6-45 居求上卒"
420	旅	1	ki	ki5	5	十五音聲調	下平	"6-10-2143 旅0001 ki""# 6-64 居求下平"
420	沂	1	ki	ki5	5	十五音聲調	下平	"5-11-945 沂0001 ki""# 6-64 居求下卒"
420	希	9	hi	hi1	1	十五音聲調	上平	"5-5-722 希0009 hi""# 6-50 居喜上卒[hi"
420	稀	1	hi	hi1	1	十五音聲調	上平	"7-1-224 稀0001 hi""# 6-50 居喜上卒hi"
420	線	3	kis	kis2	2	十五音聲調	上上	7-2-4795 线0003 3 kis 6-51 居求上上ki?
420	壹	82	khis	khis2	2	十五音聲調	上上	5-17-341 壹0082 khis3 6-51 居去上上khi
420	既	66	ki	ki3	3	十五音聲調	上去	1476 既0066 ki 6-57 居求上去
420	氯	50	khi	khi3	3	十五音聲調	上去	"5-8-165 氯0050 khi""# 6-58 居去上去khi"
420	毅	3	ge	ge7	7	十五音聲調	下去	"43627 毅003 ge""# 6-75 居語下去"
420	非	215	hui	hui1	1	十五音聲調	上平	"5-7-421 非0215 hui""# 1-60 规喜上平hui"
420	張	28	hui	hui1	1	十五音聲調	上平	"7-1-91 张0028 hui""# 1-60 规喜上卒,hui"
420	犀	1	hi	hi1	1	十五音聲調	上平	7-4-2931 犀0001 hi 1-60 规喜上平[hui
420	妃	15	hui	hui1	1	十五音聲調	上平	"6-2-1381 妃0015 hui""# 1-60 规喜上卒|hui"
421	肥	12	hui	hui5	5	十五音聲調	下平	"7-2-5385 肥0012 hui""# 1-68 规喜下平hui"
421	微	20	bi	bi5	5	十五音聲調	下平	"4-169 微0020 bi""# 6-69 居下卒bi"
421	源	10	gui	gui5	5	十五音聲調	下平	5-8-458 源0010 1-68 规語下卒gui
421	威	18	wi	wi1	1	十五音聲調	上平	"5-1-215 威0018 wi""# 1-59 规英上卒u"
421	押	4	hui	hui1	1	十五音聲調	上平	"7-3-4268 押0004 hui""# 1-60 规喜上平hui"
421	輝	7	hui	hui1	1	十五音聲調	上平	"6-14-1047 辉0007 hui""# 1-60 规喜上平hui"
421	微	2	hui	hui1	1	十五音聲調	上平	"7-4-4313 微0002 hui""# 1-60 规喜上平|hui"
421	章	7	wi	wi2	2	十五音聲調	上上	"7-3-3969 章0007 wi""# 1-62 规英上上ui"
421	圖	5	wi	wi5	5	十五音聲調	下平	"7-2-1589 图0005 wi""# 1-68 规英下平u"
421	逢	25	i	i5	5	十五音聲調	下平	"5-2-112 逢0025 i""# 1-68 规英下平ui"
421	笙	1	hui	hui2	2	十五音聲調	上上	"6-6-1187 笙0001 hui"" 1-62 规喜上上hui"
421	斐	5	huis	huis2	2	十五音聲調	上上	3-488 斐0005 huis 1-62 规喜上上hui
421	菲	2	hui	hui2	2	十五音聲調	上上	5-8-586 菲0002 hui' 1-62 规喜上上hui
421	排	1	hui	hui2	2	十五音聲調	上上	"5-7-127 排0001 hui"" 1-62 规喜上上hui"
421	尾	13	bi	bi2	2	十五音聲調	上上	"7-1-290 尾0013 bi""# 6-55 居上上[bi2"
421	鬼	26	kui	kui2	2	十五音聲調	上上	"5-2-571 鬼0026 kui""# 1-61 规求上上kui?"
421	獨	1	hue	hue2	2	十五音聲調	上上	"7-2-4597 独0001 hue""# 1-63 规喜上上hui? i-2"
421	烽	1	hui	hui2	2	十五音聲調	上上	2-839 烽0001 hui? 1-62 规喜上上hui?
421	沸	3	hut	hut3	3	十五音聲調	上去	"1-876 沸0003 hut""# 1-64 规逸上去pui -p→ui-*3"
421	未	184	bi	bi7	7	十五音聲調	下去	"6-1-1174 未0184 bi""# 6-74 居用下去[bi"
421	味	16	bi	bi7	7	十五音聲調	下去	"3-1012 味0016 bi""# 6-74 居附下去bi"
421	貴	78	kwi	kwi3	3	十五音聲調	上去	"4-1069 贵0078 kwi""# 1-64 规求上去kui"
421	魏	15	gui	gui7	7	十五音聲調	下去	"1-693 魏0015 gui""# 1-71 规语下去lgui"
421	畏	42	m	m3	3	十五音聲調	上去	2-796 畏0042 #..m 1-65 规英上去ui
421	恐	3	ui	ui3	3	十五音聲調	上去	7-3-1631 恐0003 1-65 规英上去|ui
421	卉	2	hui	hui7	7	十五音聲調	下去	7-1-1521 卉0002 hui 1-71 规喜下去|hui
421	費	7	hui	hui3	3	十五音聲調	上去	"5-20-226 费0007 hui""# 1-66 规喜上去|hui"""
421	薛	4	hui	hui3	3	十五音聲調	上去	"7-1-1850 薛0004 hui""# 1-66 规喜上去hwi"
421	滑	6	wi	wi7	7	十五音聲調	下去	"7-1-1276 滑0006 wi""# 1-71 规英下去ui"
421	榮	2	lui	lui7	7	十五音聲調	下去	7-4-1298 荣0002 1-69 规柳下去[lui
421	載	1	hui	hui7	7	十五音聲調	下去	7-2-6454 载0001 1-71 规喜下去hui -h-7
421	調	448	m	m7	7	十五音聲調	下去	3-843 調0448 #.m 1-71 规英下去ui
421	螞	1	ui	ui7	7	十五音聲調	下去	7-4-4614 蚂0001 1-71 规英下去ui
421	搬	22	hui	hui3	3	十五音聲調	上去	"1-786 搬0022 hui""# 1-66 规喜上去hui"
421	肺	2	hui	hui3	3	十五音聲調	上去	"3-887 肺0002 hui""# 6-61 居喜上去hui"
421	吠	4	hui	hui7	7	十五音聲調	下去	"7-1-217 吠0004 hui"" 1-71 规喜下去hui"
422	磁	3	ue	ue3	3	十五音聲調	上去	"7-2-3638 磁0003 ue"" 5-68 格英上去ue'"
422	喙	1	hue	hue7	7	十五音聲調	下去	"7-4 4013 喙0001 hue""! 1-71 喜下去hwi"
422	茫	1	chi	tshi1	1	十五音聲調	上平	"6-6-1779 茫0001 chi""# 6-49 居出上卒[chi"
422	初	30	choo	tshoo1	1	十五音聲調	上平	"13 初0030 choo""# 13-38 稻出上卒che'"
422	組	1	chio	tshio1	1	十五音聲調	上平	"7-4-5892 组0001 chio 3-2 活上卒coo"""
422	疏	15	so	so1	1	十五音聲調	上平	"6-12-575 疏0015 so0""# 3-3 活時上卒s0o0"
422	搏	1	khi	khi1	1	十五音聲調	上平	"7-4-2218 搏0001 khi"" 6-47 居他上平(thi +th"
422	穆	1	khi	khi1	1	十五音聲調	上平	"7-4-5676 穆0001 khi"" 647 居他上平[thi th"
422	儲	8	thi	thi5	5	十五音聲調	下平	"7-1-2735 储0008 thi""# 6-66 居地下卒世 →→5"
422	車	39	ki	ki1	1	十五音聲調	上平	"5-10-605 車0039 ki""# 6-45 居求上卒"
422	居	134	ki	ki1	1	十五音聲調	上平	"5-7-67 居0134 ki""# 16-45 居求上卒"
422	據	1	ki	ki3	3	十五音聲調	上去	"7-3-921 据0001 ki""# 6-57 居求上去”"
422	魚	46	gi	gi5	5	十五音聲調	下平	"5-15-196 魚0046 gi""# 6-69 居语下平间"
422	書	76	si	si1	1	十五音聲調	上平	"1-342 書0076 si""# 6-48 居时上卒[s1"
422	舒	7	si	si1	1	十五音聲調	上平	3-1944 舒0007 6-48 居時上平[si
422	徐	1	si	si5	5	十五音聲調	下平	7-1-78 徐0001 6-67 居時下卒[si
422	座	12	hi	hi1	1	十五音聲調	上平	"5-8-198 座0012 hi""# 6-50 居喜上平[hi"
422	噓	1	hi	hi1	1	十五音聲調	上平	"7-3-432 嘘0001 hi""# 6-50 居喜上平[hi"
422	茹	3	ju	ju5	5	十五音聲調	下平	"7-4-5817 茹0003 ju""# 6-67 居入下平[i"
422	疽	3	chi	tshi1	1	十五音聲調	上平	"6-9-2318 疽0003 chi""# 6-49 居出上卒[chi"
422	苴	1	chis	tshis1	1	十五音聲調	上平	7-1-4109 苴0001 chis 6-49 居出上卒[chi
422	沮	3	chi	tshi1	1	十五音聲調	上平	"5-18-173 沮0003 chi""# 6-49 居出上平[chi"
422	起	1	chi	tshi1	1	十五音聲調	上平	"7-3-842 起0001 chi""# 6-49 居出上卒|chi"
422	璀	2	chi	tshi1	1	十五音聲調	上平	"5-3-450 璀0002 chi""# 6-49 居出上平|chi"
422	背	4	si	si1	1	十五音聲調	上平	6-7-1190 背0004 6-48 居时上平si
422	徐	13	chi	tshi5	5	十五音聲調	下平	"6-8-628 徐0013 chi"" 6-70 居出下卒|chi"
423	澳	1	l	l5	5	十五音聲調	下平	"7-3-4414 澳0001 1l""# 6-68 居英下平"
423	阻	1	coo	tsoo2	2	十五音聲調	上上	6-6-1792 阻0001  coo*3 3-6 活含上上coo”
423	楚	49	choo	tshoo2	2	十五音聲調	上上	"5-18-537 楚0049 choo""# 3-7 活出上上|choo"
423	所	333	so	so2	2	十五音聲調	上上	"5-9-458 所0333 so0""# 3-6 活时上上5003"
423	所	105	se	se2	2	十五音聲調	上上	"6-6-1403 所0105 se""# 3-40 稽时上上se"
423	格	3	cu	tsu2	2	十五音聲調	上上	"7-3-4472 格0003 cu""# 6-53 居含上上ci"
423	行	2	this	this2	2	十五音聲調	上上	"7-4-1344 行0002 thi""s 6-52 居他上上thi"
423	籽	2	thi	thi2	2	十五音聲調	上上	"1-36 籽0002 thi""# 6-52 居他上上thi"
423	營	2	ki	ki2	2	十五音聲調	上上	"6-2-663 营0002 ki""# 6-51 居求上上[k"""
423	翠	59	ki	ki2	2	十五音聲調	上上	"3-1863 翠0059 ki""# 6-51 居求上上ki"
423	拒	7	ki	ki7	7	十五音聲調	下去	"6-14-1294 拒0007 ki""# 6-71 居求下去i"
423	鉅	1	i	i7	7	十五音聲調	下去	2-637 钜0001 6-72 居求下去i
423	圖	3	gi	gi2	2	十五音聲調	上上	"7-4-2542 图0003 gi""# 6-56 居需上上网"
423	語	36	gi	gi2	2	十五音聲調	上上	"7-4-637 語0036 gi""# 6-56 居語上上"
423	察	15	gi	gi2	2	十五音聲調	上上	"6-3-2346 察0015 gi""# 6-56 居需上上g"
423	渚	2	cu	tsu2	2	十五音聲調	上上	"7-1-2574 渚0002 cu"" 6-53 居含上上ci"
423	煮	4	cu	tsu2	2	十五音聲調	上上	"7-2-845 煮0004 cu"" 6-53 居鲁上上[ci"
423	梓	2	cu	tsu2	2	十五音聲調	上上	"7-2-3346 梓0002 cu""# 6-56 居出上上|chi -ch-i"
423	寬	26	chi	tshi2	2	十五音聲調	上上	"1-30 宽0026 chi""# 6-56 居出上上chi"
423	署	5	si	si2	2	十五音聲調	上上	"5-10-224 署0005 si""# 6-54 居時上上[si?"
423	委	7	si	si2	2	十五音聲調	上上	"5-18-368 委0007 si""# 6-54 居時上上[si"
423	鼠	11	chi	tshi2	2	十五音聲調	上上	"7-4-4678 鼠0011 chi""# 6-56 居出上上chi"
423	汝	4	jinn	jinn2	2	十五音聲調	上上	"6-14-1374 汝0004 jinn"" 6-53 居入上上"
423	咀	1	chu	tshu5	5	十五音聲調	下平	"7-4-730 咀0001 chu"" 3-12 活鲁下平coo *℃-00~5"
423	效	5	si	si7	7	十五音聲調	下去	7-1-2250 效0005 6-73 居時下去si
423	序	15	si	si7	7	十五音聲調	下去	"1-303 序0015 si""# 6-73 居时下去[si"
423	緒	3	si	si7	7	十五音聲調	下去	"1-714 绪0003 si""# 6-73 居時下去si"
424	助	32	coo	tsoo7	7	十五音聲調	下去	"6-2-978 助0032 coo""# 3-16 活鲁下去|coo"
424	女	2	linn	linn7	7	十五音聲調	下去	6-7-749 女0002 #.! 7-50 柜柳下去[linn -}→inn
424	據	1	ki	ki3	3	十五音聲調	上去	"2-423 据0001 ki 6-57 居求上去"""
424	去	94	khi	khi3	3	十五音聲調	上去	"4-292 去0094 khi""# 6-58 居去上去[khi"
424	御	17	g	g7	7	十五音聲調	下去	"5-2-115 御0017 g""# 6-75 居語下去gi"
424	語	16	gi	gi7	7	十五音聲調	下去	"5-9-540 语0016 6-75 居語下去|gi"""
424	寬	14	chi	tshi3	3	十五音聲調	上去	"6-5-1115 宽0014 chi""# 6-60 居出上去|chi"
424	恕	6	si	si3	3	十五音聲調	上去	"3-1312 恕0006 si""# 6-59 居時上去si"
424	庶	47	s	s3	3	十五音聲調	上去	"7-2-1216 庶0047 s1""# 6-59 居時上去[si"
424	署	2	su	su7	7	十五音聲調	下去	"7-3-752 署0002 su""# 6-74 居時下去[si"
424	曙	1	si	si7	7	十五音聲調	下去	7-1-2154 曙0001 6-74 居时下去|si
424	蔡	4	si	si3	3	十五音聲調	上去	6-5-2108 蔡0004 16-59 居時上去[si
424	豫	15	inn	inn7	7	十五音聲調	下去	"6-7-2373 豫0015 inn""# 6-74 居英下去"
424	賓	9	inn	inn7	7	十五音聲調	下去	"6-8-2069 宾0009 inn"" [6-74 居英下去"
424	預	5	inn	inn7	7	十五音聲調	下去	"7-1-3982 预0005 inn"" 6-74 居英下去"
424	暨	25	inn	inn7	7	十五音聲調	下去	"4-3495 暨0025 inn""# 6-74 居英下去["
424	旬	4	poo	poo5	5	十五音聲調	下平	"6-5-2377 旬0004 poo"" 3-11 活逐下平poo"
424	菩	4	phoo	phoo5	5	十五音聲調	下平	"7-4-3412 菩0004 phoo"" 3-12 沽頭下卒lphoo"
424	蒲	7	poo	poo5	5	十五音聲調	下平	"7-4-5818 蒲0007 poo"" 3-11 活逐下平poo0"
424	摸	1	boo	boo5	5	十五音聲調	下平	"7-3-1221 摸0001 boo"" 3-13 沽胃下卒boo°"
424	都	28	to	to1	1	十五音聲調	上平	"6-11-1139 都0028 to0""# 3-2 沽地上平too"
424	徒	41	too	too5	5	十五音聲調	下平	"6-1-1158 徒0041 too""# |3-12 活地下卒too"""
424	屠	2	too	too5	5	十五音聲調	下平	"7-1-1643 屠0002 too |3-12 沽地下平(to0"""
424	茶	3	too	too5	5	十五音聲調	下平	74-3677 茶0003 too' |3-12 沽地下卒too°
424	送	6	too	too5	5	十五音聲調	下平	"7-1-1577 送0006 too""# |3-12 沽地下平to0°"
424	墊	7	too	too5	5	十五音聲調	下平	"5-17-32 垫007 too""# 3-12 沽地下平to0°"
424	奴	11	l	l5	5	十五音聲調	下平	"5-18-14 奴0011 l00""# 3-11 沽柳下平[lo0°"
424	姑	9	koo	koo1	1	十五音聲調	上平	"6-2-1859 姑009 koo""# [3-1 活求上卒koo"
424	沽	4	koo	koo1	1	十五音聲調	上平	"5-9-406 沽0004 koo"" 3-1 活求上平koo"""
424	蒸	1	koo	koo1	1	十五音聲調	上平	"7-4-6354 蒸0001 koo"" 3-1 活求上平k0o'"
424	辜	3	ko	ko1	1	十五音聲調	上平	"6-3-1456 辜0003 ko0""# [3-1 活求上平k0o°"
425	熊	5	koo	koo1	1	十五音聲調	上平	"5-6-656 熊0005 koo""# 3-1 活求上平koo"
425	酷	1	koo	koo1	1	十五音聲調	上平	"7-3-5292 酷0001 koo""# 3-1 活求上平koo"
425	吳	22	goo	goo5	5	十五音聲調	下平	"1-669 吴0022 goo""# 3-13 活语下平goo°"
425	梧	4	goo	goo5	5	十五音聲調	下平	"7-2-5664 梧0004 goo"" 3-13 活语下平goo"
425	租	2	coo	tsoo1	1	十五音聲調	上平	"6-2-662 租0002 Coo"" 3-2 活鲁上平coo"
425	更	1	so	so1	1	十五音聲調	上平	"7-3-5081 更0001 S0o"" 3-3 活时上平soo"
425	蘇	13	s	s1	1	十五音聲調	上平	"6-2-2143 蘇0013 S00""# 3-3 活时上平soo"
425	圩	1	u	u1	1	十五音聲調	上平	"7-2-5234 圩0001 1""# 6-17 解英上平[u -u-1"
425	灣	1	u	u1	1	十五音聲調	上平	6-1-478 湾0001 6-17 锯英上平u
425	呼	8	hoo	hoo1	1	十五音聲調	上平	"5-3-125 呼0008 hoo""# 34 活喜上平hoo"
425	戰	1	hoo	hoo1	1	十五音聲調	上平	"3-572 战0001 hoo""# 34 活喜上平hoo"
425	乎	449	hoo	hoo7	7	十五音聲調	下去	"3-923 乎0449 hoo""# 3-17 活喜下去|hoo"
425	強	3	hoo	hoo5	5	十五音聲調	下平	"7-2-4459 强0003 hoo""# 3-14 活喜下平hoo"
425	孤	12	hoo	hoo5	5	十五音聲調	下平	"7-4-2187 孤0012 hoo""# 3-14 沽喜下卒hoo"
425	氫	2	hoo	hoo5	5	十五音聲調	下平	"7-2-6258 氢0002 hoo""# 3-14 洁喜下平hoo"
425	壺	8	hoo	hoo5	5	十五音聲調	下平	"7-3-5504 壶0008 hoo""# 3-13 沾喜下平hoo"
425	瑚	3	hoo	hoo5	5	十五音聲調	下平	"5-5-88 瑚0003 00"" 3-14 活喜下平hoo -h"
425	朗	1	hoo	hoo5	5	十五音聲調	下平	"7-2-1887 朗0001 hoo"" 3-14 活喜下平hoo"
425	藍	16	l	l5	5	十五音聲調	下平	"7-3-730 蓝0016 l00""# 3-11 活柳下平[100°"
425	鯊	1	loo	loo5	5	十五音聲調	下平	"7-1-2450 鲨0001 loo"" 3-11 活柳下平[100°"
425	煌	1	lo	lo5	5	十五音聲調	下平	"7-3-3820 煌0001 l0o0""# 3-11 活柳下平[100°"
425	道	1	l	l5	5	十五音聲調	下平	"7-4-3841 道0001 l00""# 3-11 洁柳下平100°"
425	駕	10	coo	tsoo1	1	十五音聲調	上平	"6-4-930 驾0010 coo""# 3-2 活合上平coo"
425	夫	230	hu	hu1	1	十五音聲調	上平	"4-1532 夫0230 hu""# 6-16 歸喜上卒hu"
426	眉	14	hu	hu1	1	十五音聲調	上平	"5-12-260 眉0014 hu""# 6-16 歸喜上平hu"
426	孚	4	hu	hu1	1	十五音聲調	上平	"7-2-2364 孚0004 hu""# 6-16 号喜上平[hu"
426	數	2	hu	hu1	1	十五音聲調	上平	7-3-3061 数0002 6-16 歸喜上平hu
426	夫	132	hu	hu5	5	十五音聲調	下平	"5-14-158 夫0132 hu""# 6-26 歸喜下平hu"
426	扶	6	hu	hu5	5	十五音聲調	下平	"5-16-107 扶0006 hu""# 6-26 喜下卒hu"""
426	芙	1	hu	hu5	5	十五音聲調	下平	7-4-1544 芙0001 hu 6-26 据喜下卒hu
426	符	6	hu	hu5	5	十五音聲調	下平	"7-1-396 符0006 hu""# 6-26 喜下卒hu"
426	蔣	3	hu	hu5	5	十五音聲調	下平	7-1-4312 蒋0003 6-26 据喜下卒hu
426	蚨	1	hu	hu5	5	十五音聲調	下平	"7-3-4393 蚨0001 hu""# 6-26 据喜下卒hu"
426	亮	3	hu	hu5	5	十五音聲調	下平	"7-2-6905 亮0003 hu""# 6-26 据喜下卒hu -5"
426	巫	5	bu	bu5	5	十五音聲調	下平	"74 3339 巫0005 bu""# 6-26 舒用下卒[bu"
426	無	548	bu	bu5	5	十五音聲調	下平	"4366 無0548 bu""# 6-26 据用下平,bu"
426	蒸	2	bu	bu5	5	十五音聲調	下平	"6-12-1406 蒸0002 bu"" 6-26 强用下平bu"
426	廚	4	tu	tu5	5	十五音聲調	下平	"7-3-5450 厨0004 tu""# 6-25 号地下卒[tu"
426	拘	3	khu	khu1	1	十五音聲調	上平	"6-13-1969 拘0003 khu""# 6-46 居去上平khi"
426	豹	6	khi	khi1	1	十五音聲調	上平	"6-12-1192 豹0006 khi""# 6-47 居去上平khi"
426	區	6	khi	khi1	1	十五音聲調	上平	"7-1-811 區0006 khi""# 6-46 居去上卒khi"
426	第	11	khi	khi1	1	十五音聲調	上平	"6-6-205 第0011 khi""# 6-46 居去上卒(khi"
426	敲	4	khi	khi1	1	十五音聲調	上平	6-7-1105 敲0004 khi 6-46 居去上卒(khi
426	症	1	ki	ki5	5	十五音聲調	下平	"7-4-3733 症0001 ki""# 6-64 居求下卒i"
426	耗	2	khi	khi5	5	十五音聲調	下平	"7-3-3805 耗0002 khi"" 6-65 居求下平"" k→5"
426	隅	6	g	g5	5	十五音聲調	下平	"3-418 隅0006 g""# 6-69 居语下平[g"
426	愚	19	g	g5	5	十五音聲調	下平	"4758 愚0019 g""# 6-69 居語下平"
426	虞	30	g	g5	5	十五音聲調	下平	"1-549 虞0030 g""# 6-69 居下平临"
426	朱	17	cu	tsu1	1	十五音聲調	上平	"6-14-2188 朱0017 cu""# 6-14 号鲁上平|cu"
426	休	1	cu	tsu1	1	十五音聲調	上平	"7-2-5657 休0001 cu"" 6-14 号曾上平|cu"
426	珠	27	n	n1	1	十五音聲調	上平	7-1-3368 珠0027 #,n3 6-14 岛鲁上平|cu
426	福	2	khi	khi1	1	十五音聲調	上平	"7-3-3359 福0002 khi""# 6-46 居去上平khi"
426	妹	1	cu	tsu1	1	十五音聲調	上平	"7-2-6910 妹0001 cu""# 6-46 居地上平["
426	翰	3	su	su1	1	十五音聲調	上平	"7-2-6991 翰0003 su""# 6-16 据時上平[su"
426	殊	12	su	su5	5	十五音聲調	下平	"6-11-1070 殊0012 su""# 6-26 号時下平[su°"
426	絲	1	thi	thi1	1	十五音聲調	上平	7-3-4634 絲0001 thi 6-47 居他上平thi
426	遷	1	u	u1	1	十五音聲調	上平	"5-13-90 迁0001 u"" 6-17 英上平[u"
426	汗	4	u	u1	1	十五音聲調	上平	6-3-2597 汗0004 u3 6-17 歸英上平[
427	縷	1	l	l5	5	十五音聲調	下平	"7-3-779 缕0001 l00"" 3-11 活柳下卒[100° -5"
427	源	1	coo	tsoo1	1	十五音聲調	上平	7-4-2189 源0001 |3-2 活含上平coo
427	起	14	chi	tshi1	1	十五音聲調	上平	"5-9-262 起0014 chi""# 6-49 居出上卒chi"
427	鎮	25	si	si1	1	十五音聲調	上平	"7-4-3774 镇0025 si""# 6-48 居時上平[si"
427	需	1	si	si1	1	十五音聲調	上平	"7-3-3557 需0001 si""# 6-48 居時上平[si"
427	緣	8	si	si1	1	十五音聲調	上平	"7-1-4643 缘0008 si""# 6-48 居時上平si"
427	瑜	3	ju	ju5	5	十五音聲調	下平	"7-2-2298 瑜0003 ju""# 6-67 居入下平"
427	鋪	8	po	po2	2	十五音聲調	上上	3-686 铺0008 34 活透上上p0o0
427	浦	2	poo	poo2	2	十五音聲調	上上	7-3-4554 浦0002 poo'? 13-5 活额上上phoo →ph-2
427	普	3	phoo	phoo2	2	十五音聲調	上上	"7-2-2698 普0003 phoo""# 3-5 活頭上上phoo"""
427	薄	3	phoo	phoo2	2	十五音聲調	上上	"7-3-994 薄0003 phoo""# 3-5 活頭上上phoo"
427	部	12	poo	poo7	7	十五音聲調	下去	"7-1-124 部0012 poo0""# 3-15 活逐下去poo"
427	薄	3	d	d7	7	十五音聲調	下去	7-4-4005 薄0003 #00d 3-15 活颜下去phoo -ph
427	堵	2	too	too2	2	十五音聲調	上上	"7-3-3392 堵0002 too"" 3-5 活地上上to0°"
427	曙	1	too	too2	2	十五音聲調	上上	"4-154 曙0001 too""# 3-5 活地上上t00"
427	靚	1	toos	toos2	2	十五音聲調	上上	6-12-1234 靓0001 toos 3-5 活地上上to0°
427	苦	12	khoo	khoo2	2	十五音聲調	上上	"1-1014 苦0012 khoo""# 3-5 活去上上khoo"
427	杜	10	too	too7	7	十五音聲調	下去	"7-4-299 杜0010 too""# 3-15 沽地下去too"
427	舌	92	k	k2	2	十五音聲調	上上	"5-7-14 舌0092 koo0""# 13-5 活求上上k00"
427	股	2	ko	ko2	2	十五音聲調	上上	"1-1008 股0002 ko0""# 3-5 活求上上ko0°"
427	署	3	k	k2	2	十五音聲調	上上	"6-1-475 署0003 ko0""# 3-5 洁求上上k00°"
427	話	1	koo	koo2	2	十五音聲調	上上	"1-327 话0001 koo""# 3-5 活求上上k00"
427	鼓	27	koo	koo2	2	十五音聲調	上上	5-17-511 鼓0027 koo# [3-5 活求上上k00°
428	臂	14	k	k2	2	十五音聲調	上上	5-16-492 臂0014 koo*# 13-5 活求上上k00*
428	五	133	goonn	goonn2	2	十五音聲調	上上	4-1890 五0133 #,0080 8-5 姑语上上goonn g-oonn
428	午	5	ngoo	ngoo2	2	十五音聲調	上上	"7-1-1739 午0005 ngoo""# 8-5 姑语上上goonn” g00nn"
428	伍	3	g	g2	2	十五音聲調	上上	"6-4-849 伍0003 ngo0""# 8-5 贴语上上goonn? g00nn"
428	租	32	coo	tsoo2	2	十五音聲調	上上	1-267 租0032 3-6 活鲁上上coo°
428	矩	2	coo	tsoo2	2	十五音聲調	上上	"7-1-3449 矩0002 coo""# 3-6 活誉上上coo°"
428	粗	1	choo	tshoo1	1	十五音聲調	上平	"3-797 粗0001 choo""# 3-4 沽出上平choo°"
428	虎	40	hoo	hoo2	2	十五音聲調	上上	"6-14-872 虎0040 hoo""# 3-7 活喜上上hoo"""
428	遊	1	hoo	hoo2	2	十五音聲調	上上	"6-2-1395 游0001 hoo""# 3-7 沽喜上上hoo"""
428	站	1	koo	koo2	2	十五音聲調	上上	"7-2-358 站0001 koo"" 3-7 活喜上上ho0°"
428	估	2	khoo	khoo7	7	十五音聲調	下去	"7-3-5853 估0002 khoo""# 3-15 活求下去k00"
428	站	2	hoo	hoo7	7	十五音聲調	下去	"2-964 站0002 hoo""# 3-17 活喜下去hoo"
428	魯	49	l	l2	2	十五音聲調	上上	5-6-645 鲁0049 l00°# 3-4 活柳上上100
428	父	6	hu	hu2	2	十五音聲調	上上	"6-2-1387 父0006 hu""# 6-19 歸喜上上(hu"
428	甫	6	hu	hu2	2	十五音聲調	上上	"5-11-886 甫0006 hu""# 6-19 号喜上上hu?"
428	府	17	hu	hu2	2	十五音聲調	上上	"5-11-348 府0017 hu""# 6-19 号喜上上,hu"
428	斧	8	hu	hu2	2	十五音聲調	上上	"7-2-828 斧0008 hu""# 6-19 号喜上上hu"
428	俯	6	hu	hu2	2	十五音聲調	上上	"6-1-2269 俯0006 hu""# 6-19 号喜上上,hu?"
428	肺	2	hu	hu2	2	十五音聲調	上上	"5-10-370 肺0002 hu""# 6-19 号喜上上hu?"
428	燕	5	bu	bu2	2	十五音聲調	上上	"6-1-1960 燕0005 bu""# 6-19 号喜上上[hu"""
428	父	184	hu	hu7	7	十五音聲調	下去	"3-466 父0184 hu""# 6-29 船喜下去|hu'"
428	籤	6	hu	hu2	2	十五音聲調	上上	"5-6-114 签0006 hu"" 6-19 船喜上上hu"
428	魔	3	hu	hu7	7	十五音聲調	下去	"7-3-2453 魔0003 hu"" 6-29 号喜下去|hu"""
428	韓	12	hu	hu7	7	十五音聲調	下去	6-5-1686 韩0012 hu' 6-29 号喜下去|hu'
428	武	80	bu	bu2	2	十五音聲調	上上	"1-567 武0080 bu""# 6-18 据上上[bu"
428	梅	9	bu	bu2	2	十五音聲調	上上	"5-17-253 梅0009 bu""# 6-18 号用上上[bu*"
428	舞	14	bu	bu2	2	十五音聲調	上上	"5-15-332 舞0014 bu""# 6-18 号上上,bu²"
428	熊	2	bus	bus2	2	十五音聲調	上上	5-18-286 熊0002 bu's 6-19 号胃上上,bu*
428	掛	1	cu	tsu2	2	十五音聲調	上上	"7-3-4277 挂0001 cu"" 6-19 解出上上 chu? →ch-2"
428	柱	5	cu	tsu7	7	十五音聲調	下去	"7-1-1127 柱0005 cu""# 6-72 居鲁下去[ei"
428	矩	10	ki	ki2	2	十五音聲調	上上	"5-2-103 矩0010 ki""# 6-51 居求上上[k"
428	路	2	gi	gi2	2	十五音聲調	上上	"6-14-1964 路0002 gi""# 6-56 居喜上上,hi?"
428	主	56	cu	tsu2	2	十五音聲調	上上	"5-16-50 主0056 cu""# 6-18 船鲁上上cu?"
428	璧	2	ci	tsi2	2	十五音聲調	上上	7-2-4343 璧0002 6-53 居鲁上上ci?
428	尋	1	hi	hi2	2	十五音聲調	上上	7-2-6478 寻0001 hi 3-7 活喜上上hoo?
428	宇	9	u	u2	2	十五音聲調	上上	"1-708 宇0009 u""# 6-55 居英上上"
428	羽	19	u	u2	2	十五音聲調	上上	"5-14-198 羽0019 u""# 6-55 居英上上"
428	雨	31	u	u2	2	十五音聲調	上上	"6-1-1069 雨0031 u""# 6-55 居英上上"
429	禹	46	u	u2	2	十五音聲調	上上	"1-561 禹0046 u""# 6-55 居英上上P"
429	樓	2	lo	lo5	5	十五音聲調	下平	"6-5-2106 楼0002 lo0""# 3-11 活柳下卒[100°"
429	樓	1	lui	lui2	2	十五音聲調	上上	"7-2-6579 楼0001 lui""# 6-50 居柳上上 -}-i--2"
429	乳	6	ju	ju2	2	十五音聲調	上上	"7-2-956 乳0006 ju""# 6-18 锯入上上证"
429	取	86	chi	tshi2	2	十五音聲調	上上	"5-13-810 取0086 chi""# 6-56 居出上上ch"
429	取	1	chi	tshi3	3	十五音聲調	上去	"5-7-700 取0001 chi""# 6-60 居出上去chi"
429	聚	13	cu	tsu7	7	十五音聲調	下去	"3-1655 聚0013 cu""# 6-73 居會下去ei"
429	庚	8	jinn	jinn2	2	十五音聲調	上上	"5-6-120 庚0008 jinn""# 6-53 居入上上"
429	布	26	poo	poo3	3	十五音聲調	上去	"5-10-297 布0026 poo""# 3-8 活逐上去poo0"
429	步	17	poo	poo7	7	十五音聲調	下去	"6-1-416 步0017 poo""# 3-15 活逐下去poo'"
429	哺	1	poo	poo7	7	十五音聲調	下去	"7-3-2502 哺0001 poo""3 3-15 活逐下去|poo"
429	捕	1	poo	poo7	7	十五音聲調	下去	"2-909 捕0001 poo"" 3-15 活逐下去poo"
429	佛	3	poks	poks7	7	十五音聲調	下去	6-7-2207 佛0003 pok*s 3-15 活逐下去poo →00-7
429	墓	5	bong	bong7	7	十五音聲調	下去	"7-3-6245 墓0005 bong""# 2-39 公門下去bong"
429	募	1	boo	boo7	7	十五音聲調	下去	"7-2-1571 募0001 boo"" 3-16 活门下去|booi"
429	慕	19	boo	boo7	7	十五音聲調	下去	2-162 慕0019 boo°# 3-16 活下去boo
429	暮	9	boo	boo7	7	十五音聲調	下去	"6-13-1168 暮0009 boo""# 3-16 活門下去boo'"
429	妒	1	too	too3	3	十五音聲調	上去	"7-2-3736 妒0001 too""! 3-8 活地上去to0"
429	射	1	too	too3	3	十五音聲調	上去	"4-3487 射0001 too""# 3-8 沽地上去too"
429	吐	7	thoo	thoo3	3	十五音聲調	上去	"7-2-4655 吐0007 thoo"" 3-9 活他上去|thoo --53"
429	兔	5	thoo	thoo3	3	十五音聲調	上去	"7-4-4428 兔0005 thoo""# 3-9 活饱上去|thoo"""
429	度	12	too	too7	7	十五音聲調	下去	"6-2-986 度0012 too0""# 3-15 活地下去|too"
429	渡	9	too	too7	7	十五音聲調	下去	"7-1-1002 渡0009 too""# |3-15 沽地下去|too"
429	怒	18	noo	noo7	7	十五音聲調	下去	"1-243 怒0018 noo""# 8-8 姑柳下去loonn' -}→00nn"
429	固	46	koo	koo3	3	十五音聲調	上去	"4-3786 固0046 koo""# 3-8 活求上去00°"
429	故	224	koo	koo3	3	十五音聲調	上去	"3-1665 故0224 koo""# 3-8 活求上去[ko0°"
429	庫	7	khoo	khoo3	3	十五音聲調	上去	"6-5-1225 库0007 khoo""# 3-8 活去上去khoo"
429	祥	3	khoo	khoo3	3	十五音聲調	上去	"7-2-6751 祥0003 khoo""# 3-8 沽去上去khoo"
429	椅	2	khoo	khoo3	3	十五音聲調	上去	"7-1-3678 椅0002 khoo""# 3-8 活去上去khoo"
429	悟	4	go	go7	7	十五音聲調	下去	"1-1101 悟0004 go0""# 3-17 活語下去goo"""
429	悟	2	go	go7	7	十五音聲調	下去	"7-2-5627 悟0002 go0""# 3-17 活语下去|go00"""
429	設	1	ngoo	ngoo7	7	十五音聲調	下去	"7-3-1494 設0001 ngoo"" 3-16 活语下去goo"
429	做	1	co	tso3	3	十五音聲調	上去	7-2-2157 做0001 3-74 高鲁上去|co
429	措	8	choki	tshoki3	3	十五音聲調	上去	"4-2457 措008 choki 3-10 活出上去|choo"" *00-*3"
429	醋	1	choo	tshoo3	3	十五音聲調	上去	"7-2-5425 醋0001 choo"" 3-10 活出上去choo"
429	詐	1	ca	tsa3	3	十五音聲調	上去	"1-785 诈0001 Ca"" 3-9 活鲁上去co0"
429	咋	1	coo	tsoo3	3	十五音聲調	上去	"5-10-439 咋0001 Coo"" 3-10 活出上去choo -ch"
429	素	26	soo	soo3	3	十五音聲調	上去	"2-676 素0026 Soo""# 3-9 活時上去|s00"""
429	新	1	so	so3	3	十五音聲調	上去	7-4-2567 新0001 3-9 活時上去so0°
429	想	5	s	s3	3	十五音聲調	上去	"5-12-263 想0005 S0o""# 3-9 活時上去s00"
430	互	4	hoo	hoo7	7	十五音聲調	下去	"1-863 互0004 hoo"" 3-17 沽喜下去|hoo'"
430	路	89	l	l7	7	十五音聲調	下去	"5-7-387 路0089 lo0""# 3-14 活柳下去[l00'"
430	露	10	l	l7	7	十五音聲調	下去	2-37 露0010 l00 3-14 沽柳下去[lo0'
430	數	30	soo	soo3	3	十五音聲調	上去	"6-4-2363 数0030 Soo""# 3-9 活時上去[so0°"
430	付	2	hu	hu3	3	十五音聲調	上去	"7-3-3630 付0002 hu"" 6-22 鍋喜上去,hu"
430	傅	17	hu	hu7	7	十五音聲調	下去	"6-13-2041 傅0017 hu""# 6-29 歸喜下去[hu'"
430	賦	10	hu	hu3	3	十五音聲調	上去	"6-5-975 赋0010 hu""# [6-22 歸喜上去hu"
430	赴	1	hu	hu3	3	十五音聲調	上去	"6-1-2153 赴0001 hu"" [6-22 锯喜上去|hu"
430	附	13	hu	hu7	7	十五音聲調	下去	"6-2-880 附0013 hu""# 6-29 据喜下去|hu'"
430	射	1	hu	hu7	7	十五音聲調	下去	"7-2-4158 射0001 hu"" 6-29 磊喜下去hu'"
430	尃	1	hu	hu7	7	十五音聲調	下去	"7-3-6033 尃0001 hu""# 6-29 号喜下去hu'"
430	努	13	bu	bu7	7	十五音聲調	下去	"(6-13-2424 努0013 bu""# 6-29 号用下去[bu?"
430	第	2	bu	bu7	7	十五音聲調	下去	"7-1-716 第0002 bu""# 6-29 号用下去,bu'"
430	婺	1	bok	bok7	7	十五音聲調	下去	"7-2-4733 婺0001 bok"" 6-29 号用下去,bu'"
430	登	2	bok	bok7	7	十五音聲調	下去	"7-4 4644 登0002 bok""# 6-29 岛胃下去bu'"
430	往	2	cu	tsu3	3	十五音聲調	上去	1-454 往0002 [6-21 锯會上去|cu
430	句	18	bku	bku3	3	十五音聲調	上去	"7-3-2921 句0018 B ku""# 6-20 据求上去ku"
430	屢	10	k	k3	3	十五音聲調	上去	"6-5-1125 屡0010 k""# 6-57 居求上去"
430	寓	3	e	e7	7	十五音聲調	下去	1-481 寓003 6-75 居語下去e
430	注	5	cu	tsu3	3	十五音聲調	上去	"7-3-542 注0005 cu""# 6-21 锯鲁上去cu"
430	鑄	4	eu	eu3	3	十五音聲調	上去	7-3-4805 铸0004 [6-21 据鲁上去eu
430	澎	1	su	su3	3	十五音聲調	上去	"7-1-184 澎0001 su""# 6-21 锯會上去|cu"" ~C-+3"
430	樹	26	su	su7	7	十五音聲調	下去	"41782 樹0026 su""# 6-74 居時下去[si"
430	雨	4	u	u3	3	十五音聲調	上去	"7-34677 雨0004 u"" 6-60 居英上去"
430	覆	11	j	j5	5	十五音聲調	下平	"7-1-3881 覆0011  j""# 6-67 居入下卒册"
430	足	3	cu	tsu3	3	十五音聲調	上去	"7-1-618 足0003 3 cu""# [6-21 锯鲁上去|cu'"
430	娶	13	chi	tshi3	3	十五音聲調	上去	"6-7-2238 娶0013 chi""# 6-60 居出上去lchi"
430	趙	1	chi	tshi3	3	十五音聲調	上去	"3-2123 赵0001 chi""# 6-60 居出上去|chi"
430	裕	5	ju	ju7	7	十五音聲調	下去	"1-1210 裕0005 ju"" 6-73 居入下去成"
430	篇	1	iak	iak8	8	十五音聲調	下入	742572 篇0001 4 48 姜英下入iak -iak
431	臺	5	tai	tai5	5	十五音聲調	下平	"7-1-3076 台0005 tai""# 4-10 皆地下平tai?"
431	蜜	25	tai	tai5	5	十五音聲調	下平	"5-6-429 蜜0025 tai""# 4-10 皆地下卒tai° →-33"
431	眙	1	tai	tai1	1	十五音聲調	上平	"7-3-5595 眙0001 tai""# 4-2 皆他上平thai *th--1"
431	第	20	khai	khai1	1	十五音聲調	上平	"7-1-14 第0020 khai""# 4-2 皆去上平[khai"
431	裁	1	cais	tsais1	1	十五音聲調	上平	4-3241 裁0001 cai's 4-2 皆鲁上平|cai
431	炎	11	cai	tsai1	1	十五音聲調	上平	"6-1-2001 炎0011 cai""# 4-2 皆上卒|cai"
431	哉	174	cai	tsai1	1	十五音聲調	上平	"5-17-514 哉0174 cai""# 4-2 皆鲁上平|cai"
431	裁	4	cai	tsai1	1	十五音聲調	上平	"4-1373 裁0004 cai"" 4-2 皆鲁上平|cai"
431	猜	1	chai	tshai1	1	十五音聲調	上平	"7-4-4282 猜0001 chai"" 43 皆出上卒 F|chai"
431	材	8	cai	tsai5	5	十五音聲調	下平	"7-4-5683 材0008 cai""# 4-10 皆鲁下平|eai"
431	財	38	cai	tsai5	5	十五音聲調	下平	"3-1630 財0038 cai""# 4-10 皆鲁下平cai"
431	裁	5	chai	tshai5	5	十五音聲調	下平	"5-5-707 裁0005 chai"" 4-10 皆鲁下平cai"
431	線	2	chai	tshai5	5	十五音聲調	下平	7-4-619 线0002 chai3 4-11 皆出下平chai?
431	夏	34	e	e1	1	十五音聲調	上平	5-3-687 夏0034 #,[e 4-3 皆英上平ai
431	咳	2	hai	hai3	3	十五音聲調	上去	"7-4-766 咳0002 hai"" 4-7 皆去上去khai"
431	孩	1	hai	hai5	5	十五音聲調	下平	"6-13-592 孩0001 hai"" 4-11 皆喜下卒hai"
431	徠	1	lai	lai5	5	十五音聲調	下平	"7-2-2818 徕0001 lai""# 4-9 皆柳下卒[lai"
431	萊	9	lai	lai5	5	十五音聲調	下平	"6-7-1616 莱0009 lai""# 4-9 皆柳下卒[lai"
431	佛	1	pai	pai5	5	十五音聲調	下平	7-3-235 佛0001 pai 4-9 皆逐下卒pai
431	排	1	paijy	paijy5	5	十五音聲調	下平	6-5-1568 排0001 paijy 4-9 皆逐下卒pai
431	埋	1	bai	bai5	5	十五音聲調	下平	"7-2-4006 埋0001 bai""# 4-11 皆胃下卒bai"
431	皆	184	kai	kai1	1	十五音聲調	上平	"4-521 皆0184 kai""# 4-1 皆求上卒kai"
431	偕	5	kai	kai1	1	十五音聲調	上平	"6-3-2649 偕0005 kai""# 4-1 皆求上平[kai"
431	陷	15	kai	kai1	1	十五音聲調	上平	"5-15-867 陷0015 kai""# 4-1 皆求上卒kai"
431	寳	6	cai	tsai1	1	十五音聲調	上平	"7-2-2123 寳0006 cai""# 4-2 皆鲁上卒|cai"
431	豺	2	chais	tshais5	5	十五音聲調	下平	6-7-1742 豺0002 chais 4-11 皆出下卒|chais
431	莜	5	hai	hai5	5	十五音聲調	下平	"7-2-5612 莜0005 hai""# 4-11 皆喜下卒hai"
431	批	1	phue	phue1	1	十五音聲調	上平	"7-1-3836 批0001 phue"" 3-37 稻颜上平phe' -*e"
431	送	2	be	be5	5	十五音聲調	下平	7-4-3720 送0002 3-45 稻門下卒[be
431	低	3	te	te1	1	十五音聲調	上平	7-2-106 低0003 3-37 稽地上平te
431	提	9	the	the5	5	十五音聲調	下平	"7-3-4380 提0009 the""# 3-44 稽他下卒the"
431	蹄	1	te	te5	5	十五音聲調	下平	"6-5-1519 蹄0001 te""# 3-44 稽地下卒te"
431	題	7	te	te5	5	十五音聲調	下平	"6-14-1567 题0007 te""# 13-44 陷地下平te"
431	蹄	2	this	this5	5	十五音聲調	下平	7-4-3035 蹄0002 this 6-66 居他下卒thi
432	泥	2	linn	linn5	5	十五音聲調	下平	7-1-1166 泥0002 7-48 柜柳下平[ linn }→inn
432	嵇	4	khe	khe1	1	十五音聲調	上平	"7-2-2680 嵇0004 Khe""# 3-36 稽求上平ke"
432	稽	5	khe	khe1	1	十五音聲調	上平	"7-1-4635 稽0005 khe""# 3-36 稽求上平ke°"
432	雞	40	ke	ke1	1	十五音聲調	上平	"5-17-124 雞0040 ke""# 3-36 稻求上平ke'"
432	溪	3	khe	khe1	1	十五音聲調	上平	"2-530 溪0003 khe"" 3-37 稽去上平khe'"
432	豁	1	khe	khe1	1	十五音聲調	上平	"6-4112 豁0001 Khe"" 3-37 稽去上卒khe'"
432	倪	1	ge	ge2	2	十五音聲調	上上	"6-2-2229 倪0001 ge""# 3-40 增籍上上ge"
432	霓	2	ge	ge5	5	十五音聲調	下平	6-2-2110 霓0002 3-45 稽语下平ge'
432	皖	1	ge	ge5	5	十五音聲調	下平	"5-2-513 皖0001 ge"" 3-45 稽语下平|ge"
432	寬	2	ge	ge5	5	十五音聲調	下平	"7-4-5893 宽0002 ge""# 3-45 稽语下平ge 15"
432	妻	69	che	tshe1	1	十五音聲調	上平	"5-16-829 妻0069 che""# 3-38 稽出上卒|che'"
432	悽	2	che	tshe1	1	十五音聲調	上平	7-1-2599 凄0002 3-38 稽出上平[che -ch
432	膏	135	ce	tse5	5	十五音聲調	下平	"7-3-5149 膏0135 ce""# 3-44 稽會下平|ce"
432	清	1	ce	tse5	5	十五音聲調	下平	7-2-6116 清0001 ce'* 3-44 鳍鲁下平ce'
432	西	51	se	se1	1	十五音聲調	上平	1-696 西0051 3-38 稽時上卒[se'
432	樓	4	se	se1	1	十五音聲調	上平	6-9-475 楼0004 3-38 稽時上卒[se'
432	犀	4	se	se1	1	十五音聲調	上平	"73-4037 犀0004 se""# 3-38 稽時上平[se'"
432	標	2	ses	ses1	1	十五音聲調	上平	5-14-927 标0002 ses 3-38 稽時上平[se'
432	分	20	he	he5	5	十五音聲調	下平	"3-500 分0020 he"" 3-45 稽喜下平,he'"
432	笑	50	he	he5	5	十五音聲調	下平	"6-9-2493 笑0050 he""# 3-45 稽喜下平he"
432	溪	2	khe	khe5	5	十五音聲調	下平	"7-4-5789 溪0002 khe""# 3-45 稽喜下卒he' h→5"
432	侯	2	he	he5	5	十五音聲調	下平	6-2-2137 侯0002 he' 3-45 稽喜下卒|he'
432	黎	11	le	le5	5	十五音聲調	下平	2-115 黎0011 le' 3-43 稽柳下平[le
432	蔡	3	le	le5	5	十五音聲調	下平	"7-3-2308 蔡0003 le""# 3-43 稽柳下卒[le'"
432	倍	20	pue	pue7	7	十五音聲調	下去	"3-1448 倍0020 pue""# 5-74 格遗下去pue'"
432	待	43	thai	thai7	7	十五音聲調	下去	"7-2-6038 待0043 thai""# 4-13 皆他下去thai"
432	息	3	tai	tai7	7	十五音聲調	下去	"7-2-494 息0003 tai""# 4-12 皆地下去tai"
432	殆	11	tai	tai7	7	十五音聲調	下去	"5-2-329 殆0011 tai"" 4-12 皆地下去tai"
432	追	3	taj	taj7	7	十五音聲調	下去	1-703 追0003 taj 4-12 皆地下去|tai
432	乃	118	nai	nai2	2	十五音聲調	上上	"5-16-34 乃0118 nai""# 7-112 阴柳上上 lainn' -}→ainn"
432	改	34	kai	kai2	2	十五音聲調	上上	"1-738 改0034 kai""# 44 皆求上上kai"
432	宰	38	cais	tsais2	2	十五音聲調	上上	7-1-3945 宰0038 cai's 45 皆鲁上上|cai?
432	朵	9	chai	tshai2	2	十五音聲調	上上	"7-2-996 朵009 chai""# 4-5 皆出上上|chai?"
432	彩	5	chai	tshai2	2	十五音聲調	上上	"7-1-2774 彩0005 chai""# 4-5 皆出上上chai"
432	深	1	chai	tshai2	2	十五音聲調	上上	7-2-911 深0001 chai 4-5 皆出上上chai
432	矯	3	chai	tshai2	2	十五音聲調	上上	"2-438 矫0003 chai"" 4-5 皆出上上chai?"
432	在	179	cai	tsai7	7	十五音聲調	下去	"5-1-302 在0179 cai""# 4-13 皆鲁下去cai"
432	海	54	hai	hai2	2	十五音聲調	上上	"4-2986 海0054 hai""# 4-6 皆喜上上hai?"
432	亥	1	hai	hai7	7	十五音聲調	下去	"6-10-929 亥0001 hai"" 4-14 皆喜下去|hai"
433	骸	3	hai	hai2	2	十五音聲調	上上	2-901 骸0003 hai 4-6 皆喜上上hai -2
433	米	11	bi	bi2	2	十五音聲調	上上	"6-5-670 米0011 bi""# 6-55 居門上上bi"
433	底	7	ti	ti2	2	十五音聲調	上上	"6-10-2229 底0007 ti""# 6-52 居地上上"
433	強	1	te	te2	2	十五音聲調	上上	"6-9-468 强0001 te"" 6-52 居地上上"
433	路	12	khe	khe2	2	十五音聲調	上上	"2-444 路0012 khe""# 3-39 稽去上上khe"
433	黎	1	khe	khe2	2	十五音聲調	上上	"7-4-864 黎0001 khe""# 3-39 稽去上上khe?"
433	弟	104	te	te7	7	十五音聲調	下去	"1-123 弟0104 te""# 3-46 稽地下去te"
433	佛	4	te	te7	7	十五音聲調	下去	"6-1-596 佛0004 te""# 3-46 稽地下去te'"
433	濟	2	ce	tse2	2	十五音聲調	上上	"7-2-7023 济0002 ce""# 3-40 稻鲁上上ce"
433	江	3	che	tshe2	2	十五音聲調	上上	"6-5-2441 江0003 che""# 3-40 稳出上上che'"
433	洗	6	sien	sien2	2	十五音聲調	上上	"7-1-1503 洗0006 sien"" 1-26 整時上上sien"
433	酒	3	se	se3	3	十五音聲調	上去	"7-2-3865 酒0003 se""# 1-78 嘉時上去se -*3"
433	福	199	le	le2	2	十五音聲調	上上	"1-444 福0199 le""# 3-39 稽柳上上le"
433	酸	5	le	le2	2	十五音聲調	上上	"7-3-2900 酸0005 le""# 3-39 稽柳上上le"
433	戴	14	tai	tai3	3	十五音聲調	上去	"1-453 戴0014 tai""# 4-7 皆地上去tai"
433	熊	7	thai	thai3	3	十五音聲調	上去	"7-2-3801 熊0007 thai""# 4-7 皆他上去|thai"
433	代	29	tai	tai7	7	十五音聲調	下去	"1-747 代0029 tai""# 4-12 皆地下去tai"
433	岱	1	tai	tai7	7	十五音聲調	下去	"2-620 岱0001 tai""# 4-12 皆地下去|tai"
433	袋	1	tai	tai7	7	十五音聲調	下去	"7-3-2722 袋0001 tai""# 4-12 皆地下去tai"
433	速	5	tai	tai7	7	十五音聲調	下去	"4-1662 速0005 tai""# 4-12 皆地下去tai"
433	耐	1	lainn	lainn7	7	十五音聲調	下去	7-2-4744 耐0001 7-118 胃柳下去lainn -}-ainn
433	再	15	cai	tsai3	3	十五音聲調	上去	"7-1-2382 再0015 cai""# 4-8 皆鲁上去cai"
433	載	29	cai	tsai3	3	十五音聲調	上去	"4-3544 载0029 cai""# 4-8 皆含上去|cai"
433	茶	5	chai	tshai3	3	十五音聲調	上去	"7-3-2472 茶0005 chai""# 4-9 皆出上去|chai"
433	塞	3	sai	sai3	3	十五音聲調	上去	"7-1-1587 塞0003 sai""# 4-8 皆時上去sai"
433	愛	82	ai	ai3	3	十五音聲調	上去	"3-1046 爱0082 ai""# 4-8 皆英上去ai"
433	介	6	kai	kai3	3	十五音聲調	上去	"6-9-2035 介0006 kai""# 4-6 皆求上去|kai"
433	戒	21	kai	kai3	3	十五音聲調	上去	"5-16-500 戒0021 kai""# 4-6 皆求上去kai"
433	芥	5	kai	kai3	3	十五音聲調	上去	"6-8-193 芥0005 kai""# 4-6 皆求上去|kai"
433	界	6	kai	kai3	3	十五音聲調	上去	"6-4-106 界0006 kai""# 4-6 皆求上去kai"
433	誠	1	hai	hai3	3	十五音聲調	上去	"2-708 誠0001 hai""# 4-7 皆求上去kai --3"
433	沒	2	sai	sai3	3	十五音聲調	上去	"4-1826 没0002 sai""# 4-8 皆時上去sai"
433	裁	2	hai	hai7	7	十五音聲調	下去	"6-5-1328 裁0002 hai"" 4-14 皆喜下去hai"
434	揭	1	khe	khe3	3	十五音聲調	上去	"5-14-1171 揭0001 khe""# 6-58 居去上去khi"
434	制	23	ce	tse3	3	十五音聲調	上去	"1-915 制0023 ce""# 6-59 居鲁上去[ci3"
434	雙	5	ce	tse3	3	十五音聲調	上去	"7-2-3849 双0005 ce""# 6-59 居替上去[ci"
434	世	110	si	si3	3	十五音聲調	上去	"43233 世0110 si""并 6-59 居時上去[si"
434	勢	21	si	si3	3	十五音聲調	上去	"6-3-357 势0021 si""# 6-59 居時上去[si"
434	黃	1	se	se3	3	十五音聲調	上去	"7-2-7000 黄0001 se"" 16-59 居時上去[si"
434	逝	5	si	si7	7	十五音聲調	下去	"6-9-579 逝0005 si""# 6-73 居时下去[si"
434	茲	1	si	si7	7	十五音聲調	下去	"7-4-2084 兹0001 si""# 6-74 居時下去[si"
434	誓	8	si	si7	7	十五音聲調	下去	7-3-769 誓0008 si°# 6-74 居時下去[si
434	晚	2	si	si7	7	十五音聲調	下去	"7-4 4576 晚0002 si""# 6-74 居時下去[si"
434	廈	12	le	le7	7	十五音聲調	下去	"5-7-870 厦0012 le""并 3-45 稽柳下去le?"
434	瘦	1	ie	ie7	7	十五音聲調	下去	"7-4-5442 瘦0001 Ie"" 3-46 稽柳下去le'"
434	例	2	le	le7	7	十五音聲調	下去	"7-4-2775 例0002 le""# 6-71 居柳下去"
434	陰	5	pi	pi3	3	十五音聲調	上去	"6-6-1483 阴0005 pi"" 6-57 居逐上去pi"
434	娶	6	phis	phis3	3	十五音聲調	上去	6-2-2709 娶0006 phi's 6-57 居逐上去pi p-3
434	脾	1	phe	phe2	2	十五音聲調	上上	7-3-577 脾0001 3-39 稽顔上上phe? *ph-→e-2
434	帝	66	te	te3	3	十五音聲調	上去	"1-540 帝0066 te""# 3-41 稽地上去|te’"
434	沸	2	the	the3	3	十五音聲調	上去	"6-7-746 沸0002 the"" 3-42 稽他上去|the"""
434	替	1	the	the3	3	十五音聲調	上去	"7-3-4112 替0001 the""# 3-42 稽他上去|the'"
434	第	63	te	te7	7	十五音聲調	下去	"7-3-3265 第0063 te""# 3-46 稽地下去te'"
434	橡	3	te	te7	7	十五音聲調	下去	5-9-785 橡0003 te 3-46 稽地下去te
434	締	1	the	the3	3	十五音聲調	上去	"7-2-2905 缔0001 the""# 3-41 稽地上去te?"
434	帝	4	the	the7	7	十五音聲調	下去	"7-3-6148 帝0004 the""# 3-46 稽地下去|te t→7"
434	泥	1	ni	ni7	7	十五音聲調	下去	"5-19-141 泥0001 ni""# 7-50 柳下去[linn }→inn→7"
434	保	15	he	he7	7	十五音聲調	下去	"6-2-2179 保0015 he"" 3-48 稽喜下去|he'"
434	線	26	ke	ke3	3	十五音聲調	上去	"1-681 线0026 ke""# 3-41 稽求上去ke'"
434	契	1	khe	khe3	3	十五音聲調	上去	"7-2-3310 契0001 Khe""# 6-58 居去上去|khi"""
434	棄	9	ge	ge7	7	十五音聲調	下去	"6-8-941 弃0009 ge""# 3-48 稽語下去ge"
434	院	4	ge	ge2	2	十五音聲調	上上	"7-3-578 院0004 ge""# 3-40 稽语上上ge?"
434	清	16	ce	tse3	3	十五音聲調	上去	"7-3-3376 清0016 ce""# 342 稽曾上去|ce'"
434	翼	1	ce	tse3	3	十五音聲調	上去	"7-3-681 翼0001 ce"" 3-42 稽鲁上去|ce”"
434	妻	7	che	tshe3	3	十五音聲調	上去	"5-5-27 妻0007 che"" 3-43 稽出上去|che"
434	籍	6	se	se3	3	十五音聲調	上去	"5-10-313 籍0006 se""# 342 稽時上去[se'"
434	系	1	he	he7	7	十五音聲調	下去	"1-531 系0001 he""# 3-48 稽喜下去he'"
435	款	2	le	le7	7	十五音聲調	下去	"2-484 款0002 le""# 3-46 格柳下去le"
435	液	2	ni	ni7	7	十五音聲調	下去	5-15-737 液0002 ni 7-50 危柳下去linn -}→inn
435	杯	6	pue	pue1	1	十五音聲調	上平	"7-2-3044 杯0006 pue""# 5-62 格逐上卒[pue!"
435	梧	6	pue	pue1	1	十五音聲調	上平	6-11-16 梧0006 5-62 格逐上平pue
435	律	1	paj	paj5	5	十五音聲調	下平	2-981 律0001 paj 4-9 皆逐下平[pai
435	培	2	pue	pue5	5	十五音聲調	下平	"4-1375 培0002 pue"" 5-71 给逐下平pue"
435	裴	4	phue	phue5	5	十五音聲調	下平	7-1-3963 裴0004 phue 5-71 格逐下至pue
435	枚	1	mai	mai5	5	十五音聲調	下平	7-1-4438 枚0001 mai' 5-73 格下卒[bue' -b-ue
435	梅	8	bue	bue5	5	十五音聲調	下平	"7-2-2460 梅0008 bue""# 5-73 格門下卒bue'"
435	媒	4	muai	muai5	5	十五音聲調	下平	6-6-644 媒0004 muai 5-73 給门下卒bue ->b->ue
435	顧	4	tue	tue5	5	十五音聲調	下平	"7-2-4768 顾0004 tue""# 5-71 瀚地下平|tue"
435	魅	1	tue	tue5	5	十五音聲調	下平	"5-7-474 魅0001 tue""# 5-71 瀚地下平tue"
435	恢	2	hue	hue1	1	十五音聲調	上平	"7-2-202 恢0002 hue"" 5-62 裕去上卒(khue'"
435	盛	1	khue	khue1	1	十五音聲調	上平	"7-3-3790 盛0001 Khue""# 5-62 榆去上平khue'"
435	款	1	khue	khue1	1	十五音聲調	上平	"7-3-1772 款0001 khue"" 5-62 格去上平khue"
435	魁	4	khue	khue1	1	十五音聲調	上平	"1-1072 魁0004 khue"" 5-62 检去上平(khue'"
435	克	1	gwi	gwi5	5	十五音聲調	下平	7-2-7026 克0001 gwi 1-68 规语下卒gui
435	崔	8	chui	tshui1	1	十五音聲調	上平	"5-5-580 崔0008 chui"" 1-60 规出上平|chui"
435	催	2	chui	tshui1	1	十五音聲調	上平	"2-948 催0002 chui""# 1-60 规出上卒chui"
435	摧	6	chui	tshui1	1	十五音聲調	上平	"7-2-3893 摧0006 chui""# 1-60 规出上卒chui"
435	灰	3	hu	hu1	1	十五音聲調	上平	"7-2-1607 灰0003 hu""# 5-64 龄喜上卒hue -""ue"
435	回	28	hue	hue5	5	十五音聲調	下平	"5-5-273 回0028 hue""# 5-73 检喜下卒hue"
435	街	2	hue	hue5	5	十五音聲調	下平	"2-982 街0002 hue""# 5-73 喜下平hue"
435	通	3	hue	hue5	5	十五音聲調	下平	"2-554 通0003 hue'"" 5-73 喜下平hue"
435	雷	15	lui	lui5	5	十五音聲調	下平	"5-10-599 雷0015 lui""# 1-66 规柳下卒[ui"
435	淮	7	huais	huais5	5	十五音聲調	下平	6-6-1786 淮0007 huais 2-51 乖喜下卒huai
435	濠	34	huai	huai5	5	十五音聲調	下平	"5-17-842 濠0034 huai""# 2-51 乖喜下平huai"""
435	圭	7	ke	ke1	1	十五音聲調	上平	"5-10-174 圭0007 ke""# 1-58 规求上卒kui"
435	找	2	he	he5	5	十五音聲調	下平	"7-3-216 找0002 he"" 3-45 稻喜下平he"
435	每	13	mui	mui2	2	十五音聲調	上上	7-3-3573 每0013 mui 5-65 给門上上buc? *b-*ue
435	晚	4	bue	bue2	2	十五音聲調	上上	6-3-2564 晚0004 5-65 输上上[bue? -b→ue
435	段	7	lue	lue2	2	十五音聲調	上上	5-15-692 段0007 lue'? 5-64 恰柳上上[ue'
435	俄	1	khuis	khuis2	2	十五音聲調	上上	7-4-2237 俄0001 khuis 1-61 规去上上khui?
435	軍	61	cue	tsue7	7	十五音聲調	下去	"2-100 军0061 cue""# 5-75 格合下去|cue'"
436	僵	1	lui	lui2	2	十五音聲調	上上	7-4-2238 僵0001 lui*# 1-60 [规柳上上ui
436	背	5	pue	pue3	3	十五音聲調	上去	"7-4-5767 背0005 pue""# 5-66 检逐上去pue"
436	配	16	phue	phue3	3	十五音聲調	上去	"7-2-3260 配0016 phue""# 5-67 枪颇上去phue'"
436	李	1	pue	pue7	7	十五音聲調	下去	"7-1-742 李0001 pue"" 5-74 检逐下去pue”"
436	佩	4	pue	pue7	7	十五音聲調	下去	"5-10-271 佩0004 pue""# 5-74 檐逐下去ue'"
436	背	4	pue	pue7	7	十五音聲調	下去	7-4-5742 背0004 pue! 5-74 检逻下去pue'
436	停	6	pue	pue7	7	十五音聲調	下去	"3-1667 停0006 pue""# 5-74 检逐下去pue'"
436	琢	1	pue	pue7	7	十五音聲調	下去	"7-4-6215 琢0001 pue"" 5-74 检逐下去hue'"
436	味	3	mai	mai4	4	十五音聲調	上入	"7-4-3481 味0003 mai""# 8-39 糜上入[buennh' →b→uennh-4"
436	封	85	tui	tui3	3	十五音聲調	上去	"5-7-391 封0085 tui""# 1-64 规地上去|tui"
436	退	37	thue	thue3	3	十五音聲調	上去	"2-380 退0037 thue""# 5-67 检他上去|thue'"
436	院	4	tui	tui7	7	十五音聲調	下去	"4-3721 院0004 tui""# 1-70 规地下去|tui"
436	內	38	lue	lue7	7	十五音聲調	下去	"6-6-1278 内0038 lue""# 5-74 检柳下去lue'"
436	琥	1	te	te3	3	十五音聲調	上去	"7-3-5763 琥0001 te""# 2-48 乖去上去khuai →kh→uai"
436	宰	1	sue	sue3	3	十五音聲調	上去	7-2-4540 宰0001 5-68 檐時上去sue -s-ue
436	碎	1	chui	tshui3	3	十五音聲調	上去	"7-4-948 碎0001 chui"" 1-65 规出上去|chui"""
436	梅	8	hue	hue3	3	十五音聲調	上去	"4737 梅0008 hue""# 5-68 检喜上去bue"
436	海	2	hue	hue3	3	十五音聲調	上去	"7-1-2061 海0002 hue""# 5-68 恰喜上去hue'"
436	渡	1	hue	hue7	7	十五音聲調	下去	"7-4-2325 渡0001 hue""# 5-76 檐喜下去|hue'"
436	拜	17	pai	pai3	3	十五音聲調	上去	"2-876 拜0017 pai""# 4-6 皆逐上去pai"
436	怪	7	kuai	kuai3	3	十五音聲調	上去	"4-698 怪0007 kuai""# 2-48 乖求上去;kuai"
436	翼	1	hue	hue7	7	十五音聲調	下去	7-2-4763 翼0001 hue! 5-76 繪喜下去hue'
436	墩	2	huai	huai7	7	十五音聲調	下去	"5-17-749 墩0002 huai""# 2-55 乖喜下去huai"
436	緞	1	chuat	tshuat3	3	十五音聲調	上去	"7-4-5500 缎0001 chuat"" 5-67 格鲁上去|cue c-ue-3"
436	資	1	cue	tsue3	3	十五音聲調	上去	"7-2-4220 资0001 Cue"" 5-67 检鲁上去|cue"
436	稅	6	sue	sue3	3	十五音聲調	上去	"6-3-1931 税0006 sue""# 5-68 检時上去sue"
436	説	9	sue	sue3	3	十五音聲調	上去	"1-618 説009 sue""# 5-68 检時上去|sue"""
436	銳	1	sue	sue3	3	十五音聲調	上去	7-2 4557 锐0001 Sue'! 5-68 格時上去sue'
436	衡	27	ue	ue7	7	十五音聲調	下去	"5-13-340 衡0027 ue""#” 5-75 檐英下去ue'"
436	構	1	jue	jue7	7	十五音聲調	下去	"7-3-819 构0001 jue"" 5-75 枪入下去|jue'"
436	桂	7	ku	ku3	3	十五音聲調	上去	"7-1-2351 桂0007 ku""# 1-64 规求上去kui"""
436	惠	41	hui	hui7	7	十五音聲調	下去	"2556 惠0041 hui""# 1-71 规喜下去hui"
436	慧	7	hui	hui7	7	十五音聲調	下去	"5-15-437 慧0007 hui""# 1-71 规喜下去hui"
436	蕙	2	hui	hui7	7	十五音聲調	下去	"7-2-1378 蕙0002 hui""# 1-71 规喜下去hui"
436	改	9	pai	pai7	7	十五音聲調	下去	"5-7-665 改009 pai""# 4-12 皆逻下去pai"
436	遵	6	mai	mai7	7	十五音聲調	下去	"7-2-1734 遵0006 mai""# 7-120 間下去bainn' -b→ainn"
437	快	3	khuai	khuai3	3	十五音聲調	上去	6-1-1838 快0003 khuai 2-48 乖去上去khuai
437	哈	4	kue	kue3	3	十五音聲調	上去	"6-4-1346 哈0004 kue""# 5-66 格求上去kue"
437	暇	1	cue	tsue3	3	十五音聲調	上去	"6-5-2436 暇0001 cue"" 5-67 格鲁上去cuc"
437	話	2	ua	ua7	7	十五音聲調	下去	"7-4-5512 话0002 ua""# 4-78 瓜英下去ua'"
437	佳	26	ka	ka1	1	十五音聲調	上平	"7-4-970 佳0026 ka""# 1-72 嘉求上平ke' -""e"
437	街	1	ke	ke1	1	十五音聲調	上平	"7-4-1381 街0001 ke"" 3-36 陷求上卒ke"
437	崖	2	gai	gai5	5	十五音聲調	下平	"7-2-3654 崖0002 gai""# 4-11 皆语下平lgai"
437	差	5	cha	tsha1	1	十五音聲調	上平	"6-10-766 差0005 cha""# 1-74 嘉出上平|che' -'e"
437	敘	5	che	tshe1	1	十五音聲調	上平	"7-2-6661 叙0005 che""# 4-3 皆出上平chai -ai"
437	柴	2	chai	tshai5	5	十五音聲調	下平	"5-11-464 柴0002 chai""# 4-11 皆出下平chai"
437	哇	1	ua	ua5	5	十五音聲調	下平	"6-6-2512 哇0001 Ua"" 4-76 瓜英下平ua"" ->5"
437	鞋	3	e	e5	5	十五音聲調	下平	"7-1-2424 鞋0003 e""# 3-44 稻英下卒e"
437	能	9	pa	pa7	7	十五音聲調	下去	"6-12-720 能0009 pa""# 6-41 逐逐下去pai"
437	翼	4	mai	mai2	2	十五音聲調	上上	7-1-3780 翼0004 mai 7-113 上上[bainn ->b-ainn
437	鷹	2	su	su7	7	十五音聲調	下去	"7-1-3237 鹰0002 su"" 4-13 皆鲁下去|cai C-*ai"
437	解	19	kai	kai2	2	十五音聲調	上上	"7-3-886 解0019 kai""# 44 皆求上上kai"
437	矮	1	ai	ai2	2	十五音聲調	上上	"7-2-5662 矮0001 ai""# 4-5 皆英上上ai"
437	蟹	2	hai	hai7	7	十五音聲調	下去	"7-1-3003 蟹0002 hai""# 4-14 皆喜下去hai"
437	沛	7	phai	phai3	3	十五音聲調	上去	"2-382 沛0007 phai"" 4-7 皆上去phai"
437	騏	1	pue	pue7	7	十五音聲調	下去	"7-4-4124 骐0001 pue""# 5-74 输逐下去pue"
437	帶	11	tai	tai3	3	十五音聲調	上去	"6-14-1446 带0011 tai""# 4-7 皆地上去tai"
437	太	85	thai	thai3	3	十五音聲調	上去	1-787 太0085 thai 4-7 皆他上去|thai
437	泰	26	thai	thai3	3	十五音聲調	上去	"5-7-564 泰0026 thai""# 4-7 皆他上去|thai"
437	大	339	tai	tai7	7	十五音聲調	下去	"4-814 大0339 tai""# 4-12 皆地下去|tai"
437	奈	1	nai	nai7	7	十五音聲調	下去	"2-60 奈0001 nai""# 7-118 雷下去lainn -}→ainn"
437	盞	29	kai	kai3	3	十五音聲調	上去	"5-16-197 盏0029 kai""# 4-6 皆求上去[kai'"
437	艾	8	ngai	ngai7	7	十五音聲調	下去	"6-9-284 艾0008 ngai""# 7-120 開语下去gainn -""g~ainn"
437	蔡	9	chai	tshai3	3	十五音聲調	上去	"5-5-521 蔡0009 chai""# 4-9 皆出上去|chai"
437	害	42	hai	hai7	7	十五音聲調	下去	"3-2074 害0042 hai""# 4-14 皆喜下去hai"
437	毅	7	nai	nai7	7	十五音聲調	下去	"3-34 毅0007 nai""# 7-118 调柳下去lainn’ -}-ainn"
437	籟	1	nai	nai7	7	十五音聲調	下去	"7-3-3680 籁0001 nai""# 7-118 開柳下去[lainn' -}→ainn"
437	解	1	hai	hai7	7	十五音聲調	下去	"7-2-6192 解0001 hai""# 4-14 皆喜下去|hai"
437	解	1	kais	kais3	3	十五音聲調	上去	7-4-1139 解0001 kais 4-6 皆求上去kai -3
437	險	2	ai	ai3	3	十五音聲調	上去	"6-3-2679 险0002 ai""# 4-8 皆英上去ai"
437	避	1	ihe	ihe7	7	十五音聲調	下去	"7-3-315 避0001 Ihe"" 4-14 皆喜下去|hai -h→ai"
437	蔽	12	pe	pe3	3	十五音聲調	上去	"5-17-361 蔽0012 pe""# 3-41 稽逐上去pe"
437	敏	7	pi	pi7	7	十五音聲調	下去	"5-9-691 敏0007 pi""# 6-71 居逻下去pi"
438	擎	1	pe	pe7	7	十五音聲調	下去	"7-3-5070 擎0001 pe""# 6-71 居逐下去pi i-7"
438	快	3	me	me7	7	十五音聲調	下去	"5-10-250 快0003 me""# 3-47 稽門下去be'"
438	蔡	38	ce	tse3	3	十五音聲調	上去	"5-3-298 蔡0038 ce""# |3-42 稽鲁上去|ce"
438	際	6	ce	tse3	3	十五音聲調	上去	"5-8-543 際0006 ce""# 3-42 稻曾上去|ce"
438	號	1	ai	ai2	2	十五音聲調	上上	"5-10-317 号0001 ai""# 45 皆英上上[ai?"
438	液	3	siet	siet4	4	十五音聲調	上入	"4-2989 液0003 siet""# 1-32 整时上入 siet"
438	夷	2	i	i7	7	十五音聲調	下去	7-4 428 夷0002 6-74 居英下去 i-7
438	泄	4	e	e7	7	十五音聲調	下去	"6-7-311 泄0004 e""# 6-74 居英下去"
438	鄂	1	ua	ua5	5	十五音聲調	下平	"5-18-623 鄂0001 ua""# 4-76 瓜英下卒ua'"
438	鞋	2	ua	ua5	5	十五音聲調	下平	"7-4 4392 鞋0002 ua""并 4-76 瓜英下卒ua"
438	截	3	ua	ua5	5	十五音聲調	下平	"6-4-1027 截0003 ua""# 476 瓜英下卒hua' -5"
438	曉	1	thue	thue3	3	十五音聲調	上去	"7-2-656 晓0001 thue""# 5-67 检他上去thue'"
438	允	1	tue	tue5	5	十五音聲調	下平	7-1-1929 允0001 tue' 5-71 检地下卒|tue'
438	盒	1	hue	hue3	3	十五音聲調	上去	"7-1-4634 盒0001 hue"" 5-66 格求上去[kue'"
438	格	1	kue	kue3	3	十五音聲調	上去	"7-4-6279 格0001 kue"" 5-66 格求上去kue'"
438	險	5	kue	kue3	3	十五音聲調	上去	"5-10-310 险0005 kue""# 5-66 检求上去[kue'"
438	洛	1	hue	hue3	3	十五音聲調	上去	"6-8-688 洛0001 hue""# 5-66 格求上去kue' -k-3"
438	外	54	gue	gue7	7	十五音聲調	下去	"3-901 外0054 gue""# 5-75 检语下去|gue"
438	最	13	cue	tsue3	3	十五音聲調	上去	"1-604 最0013 cue"" 5-67 稽誉上去|cue'"
438	會	18	hue	hue7	7	十五音聲調	下去	"6-3-673 會0018 hue""# 5-76 恰喜下去|hue'"
438	輸	3	hue	hue7	7	十五音聲調	下去	5-3-180 输003 hue' 5-76 怡喜下去huei
438	酚	1	luat	luat7	7	十五音聲調	下去	7-3-6416 酚0001 luat' 1-69 规柳下去ui -i-7
438	派	1	pai	pai3	3	十五音聲調	上去	"派0001 pai""# 47 皆頭上去phai ph"
438	寳	5	mai	mai7	7	十五音聲調	下去	"7-1-3778 寳0005 mai"" 7-120 臀阿下去bainn’ →b→ainn"
438	卦	3	kua	kua3	3	十五音聲調	上去	"741583 卦0003 kua""# 4-71 瓜求上去,kua"""
438	脆	1	chu	tshu3	3	十五音聲調	上去	"7-3-2298 脆0001 Chu"" 1-65 规出上去|chui°"
438	藏	53	sue	sue3	3	十五音聲調	上去	"藏0053 sue""# 15-68 給時上去sue"
438	銳	4	jue	jue7	7	十五音聲調	下去	6-13-2311 锐0004 jue' 5-75 格入下去jue'
438	容	1	jue	jue7	7	十五音聲調	下去	"43608 容0001 jue"" 5-75 检入下去jue'"
438	吞	4	thun	thun1	1	十五音聲調	上平	"744555 吞0004 thun""# [1-2 君他上平|thun"
438	根	4	kin	kin1	1	十五音聲調	上平	"7-3-3696 根0004 kin""# 4-15 巾求上平kin'"
438	恩	22	in	in1	1	十五音聲調	上平	"1-291 恩0022 in""# 4-16 巾英上平in"
438	痕	1	hun	hun5	5	十五音聲調	下平	"痕0001 hun""# 1-16 君喜下卒hun"
439	鄰	4	hun	hun1	1	十五音聲調	上平	"6-2-2478 邻0004 hun""# 4-14 市逐上平in ""p-in"
439	號	2	bun	bun5	5	十五音聲調	下平	"6-9-17 号0002 bun"" 1-15 君門下卒bun' ->5"
439	籍	1	bien	bien5	5	十五音聲調	下平	"3-411 籍0001 bien"" 1-35 整門下卒bien"
439	周	2	ban	ban5	5	十五音聲調	下平	"7-1-831 周0002 ban""3 2-11 千下平ban"
439	氓	1	bin	bin5	5	十五音聲調	下平	"7-3-4861 氓0001 bin"" 4-27 門下平bin -*5"
439	珍	11	tin	tin1	1	十五音聲調	上平	"7-1-2348 珍0011 tin""# 4-15 市地上平in"
439	漢	53	tin	tin5	5	十五音聲調	下平	"6-14-1748 漢0053 tin""# 4-26 市地下平tin"
439	座	9	tin	tin5	5	十五音聲調	下平	"7-1-307 座0009 tin""# 4-26 巾地下卒tin"""
439	市	5	kins	kins1	1	十五音聲調	上平	"2-830 市0005 kin'""s 4-15 市求上卒kin"
439	銀	7	gin	gin5	5	十五音聲調	下平	"7-3-4376 银0007 gin""# 4-27 市语下平gin"
439	真	28	cin	tsin1	1	十五音聲調	上平	"7-2-3566 真0028 cin""# 4-15 曾上平cin"
439	申	11	sin	sin1	1	十五音聲調	上平	"4-1405 申0011 sin"" 4-16 市時上平sin"
439	身	133	sin	sin1	1	十五音聲調	上平	"1-270 身0133 sin""# 4-16 巾时上平[sin"
439	娠	1	sin	sin1	1	十五音聲調	上平	"7-2-4641 娠0001 sin""# 4-16 市時上平[sin"
439	紳	6	sin	sin1	1	十五音聲調	上平	"5-10-519 绅0006 sin""# 4-16 巾時上平|sin"
439	臣	134	sin	sin5	5	十五音聲調	下平	"3-454 臣0134 sin""# 4-26 巾時下平[sin"""
439	辰	12	sin	sin5	5	十五音聲調	下平	"4-2959 辰0012 sin""# 4-26 巾時下平sin"
439	宸	2	sin	sin5	5	十五音聲調	下平	"7-1-2701 宸0002 sin""# 4-26 市时下卒sin"
439	晨	6	sin	sin5	5	十五音聲調	下平	"1-1170 晨0006 sin""# 4-26 巾时下卒sin"
439	鄭	18	lin	lin5	5	十五音聲調	下平	"5-4-490 郑0018 lin""# 4-25 柳下平[in"
439	豫	1	lin	lin5	5	十五音聲調	下平	"7-2-564 豫0001 lin""# 4-25 巾柳下平lin"""
439	第	2	lin	lin5	5	十五音聲調	下平	"7-4-2097 第0002 lin""# 4-25 市柳下卒lin"
439	人	1258	jin	jin5	5	十五音聲調	下平	"1-150 人1258 jin"" 4-26 巾入下卒jin"
439	仁	307	jin	jin5	5	十五音聲調	下平	"3-451 仁0307 jin""# 4-26 市下卒jin"
439	寳	25	pin	pin1	1	十五音聲調	上平	"5-12-86 寳0025 pin""# 4-14 市逐上平pin"
439	始	1	pin	pin7	7	十五音聲調	下去	"7-1-2802 始0001 pin""# 4-28 题下去pin'"
439	民	325	bin	bin5	5	十五音聲調	下平	"1-1200 民0325 bin""# 4-27 市下卒bin"
439	津	2	tin	tin1	1	十五音聲調	上平	"5-18-187 津0002 tin"" 4-16 市會上卒cin -""℃"
439	秦	46	cin	tsin5	5	十五音聲調	下平	"5-18-547 秦0046 cin""# 4-26 巾下平cin"
440	辛	5	sin	sin1	1	十五音聲調	上平	"6-5-1140 辛0005 sin""# 4-16 巾時上卒sin"
440	新	33	sin	sin1	1	十五音聲調	上平	2-668 新0033 4-16 巾时上平[sin'
440	薪	17	sin	sin1	1	十五音聲調	上平	"1-1029 薪0017 sin""# 4-16 巾時上卒[sin'"
440	因	38	in	in1	1	十五音聲調	上平	"2-226 因0038 in""# 4-16 巾英上卒in"""
440	姻	5	ien	ien1	1	十五音聲調	上平	7-2-2900 姻0005 1-24 坚英上平ien
440	茵	1	in	in1	1	十五音聲調	上平	"7-4-6303 茵0001 in""# 4-16 巾英上平in"
440	很	2	hin	hin2	2	十五音聲調	上上	"6-8-1874 很0002 hin""# 1-7 君喜上上,hun"
440	狼	1	hun	hun2	2	十五音聲調	上上	7-4 4348 狼0001 1-7 君喜上上hun'
440	敏	20	bin	bin2	2	十五音聲調	上上	"1-1128 敏0020 bin""# 419 市阴上上bin"
440	憨	1	bin	bin2	2	十五音聲調	上上	"7-3-1962 憨0001 bin"" 419 市上上,bin"
440	慢	2	bin	bin2	2	十五音聲調	上上	"6-3-2620 慢0002 bin""# 4-19 市即上上bin"
440	衫	4	cin	tsin2	2	十五音聲調	上上	"6-12-173 衫0004 cin""# 418 巾含上上cin"
440	診	2	cin	tsin2	2	十五音聲調	上上	"5-10-225 诊0002 cin"" 418 巾會上上cin"
440	忍	28	jim	jim2	2	十五音聲調	上上	"5-15-622 忍0028 jim""# 1-45 金入上上ljim²"
440	化	2	pin	pin7	7	十五音聲調	下去	"7-3-2002 化0002 pin""# 4-28 中逐下去in'"
440	贛	1	pin	pin7	7	十五音聲調	下去	"7-1-4101 赣0001 pin"" 4-28 中逐下去pin"
440	濱	1	bin	bin2	2	十五音聲調	上上	"7-3-6180 滨0001 bin""# 4-19 市用上上(bin*"
440	緊	1	kin	kin2	2	十五音聲調	上上	7-1-3819 紧0001 kin* 417 巾求上上kin?
440	蒸	59	cin	tsin7	7	十五音聲調	下去	"4-1036 蒸0059 cin""# 4-29 巾下去|cin'"
440	引	17	in	in2	2	十五音聲調	上上	"7-3-436 引0017 in""# 4-19 巾英上上in?"
440	恨	1	hin	hin7	7	十五音聲調	下去	"7-1-4249 恨0001 hin""# 4-30 巾喜下去hin'"
440	搬	1	chin	tshin3	3	十五音聲調	上去	"7-3-6300 搬0001 chin""# 4-22 巾出上去|chin"""
440	鎮	2	tin	tin3	3	十五音聲調	上去	"7-1-4159 镇0002 tin 4-20 巾地上去tin"""
440	疾	1	thim	thim3	3	十五音聲調	上去	6-13-715 疾0001 thim 147 金他上去thim
440	陣	6	tin	tin7	7	十五音聲調	下去	"7-1-4467 阵0006 tin""# 4-29 巾地下去|tin"""
440	陳	2	tin	tin7	7	十五音聲調	下去	"6-14-174 陈0002 tin""# 4-29 巾地下去tin"
440	蓬	2	kin	kin7	7	十五音聲調	下去	"7-3-3207 蓬0002 kin"" 4-28 巾求下去kin'"
440	瑾	1	kin	kin2	2	十五音聲調	上上	"7-3-4498 瑾0001 kin"" 4-17 市求上上kin² -2"
440	縫	2	kin	kin7	7	十五音聲調	下去	"5-11-809 缝0002 kin""# 4-28 巾求下去|kin'"
440	振	13	cin	tsin2	2	十五音聲調	上上	"6-10-367 振0013 cin""# 4-18 巾鲁上上|cin"""
440	度	5	cin	tsin3	3	十五音聲調	上去	"7-1-3057 度0005 cin""# 4-21 中鲁上去cin -*3"
440	鎮	22	sin	sin7	7	十五音聲調	下去	"3-1570 镇0022 sin""# 4-29 巾時下去|sin"
440	客	4	lin	lin7	7	十五音聲調	下去	"5-8-332 客0004 lin""# 4-28 巾柳下去[lin'"
441	刃	7	jim	jim7	7	十五音聲調	下去	"7-3-4298 刃0007 jim""# 1-54 金入下去jim'"
441	例	3	jim	jim7	7	十五音聲調	下去	"5-19-658 例0003 jim""# 1-54 金入下去jim'"
441	朝	2	jim	jim7	7	十五音聲調	下去	"7-3-130 朝0002 jim""# 1-55 金入下去jim'"
441	物	1	jim	jim7	7	十五音聲調	下去	"6-1-248 物0001 jim""# 1-54 金入下去jim'"
441	找	1	pin	pin3	3	十五音聲調	上去	"5-10-63 找0001 pin""# 4-20 市逐上去pin"
441	晉	33	cin	tsin3	3	十五音聲調	上去	"1-678 晋0033 cin""# 4-21 巾鲁上去|cin"
441	避	49	cin	tsin3	3	十五音聲調	上去	"5-7-640 避0049 cin""# 4-21 巾會上去|cin"
441	紹	1	cin	tsin3	3	十五音聲調	上去	"7-2-6511 绍0001 cin"" 4-21 巾曾上去cin"
441	搭	2	cin	tsin3	3	十五音聲調	上去	"7-1-3489 搭0002 cin"" 4-21 巾鲁上去cin"
441	迅	1	sin	sin3	3	十五音聲調	上去	"5-10-598 迅0001 sin"" 4-21 巾时上去sin"
441	信	97	sin	sin3	3	十五音聲調	上去	"1-210 信0097 sin""# 4-21 巾時上去sin"
441	綠	3	hin	hin3	3	十五音聲調	上去	"7-3-1787 绿0003 hin""# 4-22 市喜上去hin"""
441	胤	1	gin	gin7	7	十五音聲調	下去	"7-4-662 胤0001 gin""# 4-29 巾語下去gin'"
441	橘	2	ciet	tsiet4	4	十五音聲調	上入	"7-2-3047 橘0002 ciet""# 1-32 坚上入|ciet"""
441	蝨	1	sik	sik4	4	十五音聲調	上入	"7-4-4368 虱0001 sik""# 2-71 经時上入si退"
441	瑟	14	sik	sik4	4	十五音聲調	上入	"5-11-377 瑟0014 sik""# 2-71 經时上入[s退"
441	第	17	pit	pit4	4	十五音聲調	上入	"2-922 第0017 pit'"" 4-22 市逸上入pit'"
441	強	1	pit	pit8	8	十五音聲調	下入	"1-879 强0001 pit""# 4-30 巾逐下入pit"
441	密	6	bit	bit8	8	十五音聲調	下入	"4-86 密0006 bit""# 4-32 巾下入bit"
441	室	1	lip	lip4	4	十五音聲調	上入	5-17-962 室0001 Lip 4-23 市誉上入cit' it
441	秩	4	tiet	tiet8	8	十五音聲調	下入	"7-1-3816 秩0004 tiet""# 1-40 坚地下入liet'"
441	蛭	10	tit	tit8	8	十五音聲調	下入	"7-2-1738 蛭0010 tit""# 4-31 地下入bt"
441	姑	1	kiet	kiet4	4	十五音聲調	上入	"7-2-4611 姑0001 kiet""# 4-22 巾求上入[kit -it"
441	寳	16	cit	tsit4	4	十五音聲調	上入	"5-6-518 寳0016 cit""# 4-23 市曾上入cit'"
441	桂	2	cit	tsit4	4	十五音聲調	上入	7-4-2652 桂0002 4-23 市曾上入cit
441	此	2	huah	huah4	4	十五音聲調	上入	"7-4-4849 此0002 huah"" 2-69 羟他上入thik -th-ik-4"
441	失	83	sit	sit4	4	十五音聲調	上入	"4-1465 失0083 sit""# 4-24 巾時上入sit"
441	室	55	sit	sit4	4	十五音聲調	上入	"4-3910 室0055 sit""# 4-24 市時上入sit'"
441	胎	2	it	it4	4	十五音聲調	上入	"5-17-305 胎0002 it""# 4-25 巾喜上入hit -h-4"
441	粟	3	lik	lik4	4	十五音聲調	上入	5-3-482 粟0003 lik~# 2-66 经柳上入k
441	燥	1	lik	lik4	4	十五音聲調	上入	3-538 燥0001 lik* 2-66 经柳上入k
441	日	159	jit	jit8	8	十五音聲調	下入	"5-2-229 日0159 jit""# 4-31 巾入下入jt"
442	必	229	pit	pit4	4	十五音聲調	上入	"5-9-85 必0229 pit""# 4-22 市遂上入pit"
442	早	15	pit	pit4	4	十五音聲調	上入	"6-5-1046 早0015 pit""# 4-22 中逐上入pit"
442	革	2	pit	pit4	4	十五音聲調	上入	7-3-3160 革0002 4-22 市遂上入pit
442	匹	21	phit	phit4	4	十五音聲調	上入	"7-2-3256 匹0021 phit""# 4-23 中頭上入phit"
442	蜜	3	bit	bit8	8	十五音聲調	下入	"1-1182 蜜0003 bit""# 4-32 巾月下入[bit'"
442	吉	12	kiet	kiet4	4	十五音聲調	上入	"7-1-3896 吉0012 kiet""# 4-22 巾求上入kit →it"
442	七	67	chit	tshit4	4	十五音聲調	上入	"1-1044 七0067 chit""# 4-24 巾出上入|chit"
442	漆	4	chik	tshik4	4	十五音聲調	上入	"7-2-2300 漆0004 chik""# 1-50 金出上入|chip -ip"
442	疾	52	cit	tsit8	8	十五音聲調	下入	3-1800 疾0052 4-31 巾會下入cit
442	悉	15	sik	sik4	4	十五音聲調	上入	7-1-165 悉0015 sik 4-24 巾上入 sit it
442	壹	5	it	it4	4	十五音聲調	上入	3-232 壹0005 it 4-24 市英上入it
442	鐵	5	it	it8	8	十五音聲調	下入	6-3-2612 铁0005 it 432 巾英下入it
442	價	2	it	it8	8	十五音聲調	下入	53-2 价0002 432 巾英下入it
442	軼	1	i	i8	8	十五音聲調	下入	7-4-5644 轶0001 432 巾英下入i
442	逸	11	it	it8	8	十五音聲調	下入	"2-388 逸0011 it""# 4-32 中英下入it"
442	浴	4	it	it8	8	十五音聲調	下入	"6-7-686 浴0004 it""# 4-32 巾英下入it"
442	短	3	it	it8	8	十五音聲調	下入	6-2-1844 短0003 it'# 432 巾英下入it
442	奔	6	phun	phun1	1	十五音聲調	上平	"7-2-1464 奔006 phun""# 1-2 君颜上平phun"
442	噴	1	hun	hun3	3	十五音聲調	上去	"7-2-6434 喷0001 hun"" 1-8 君颇上去lphun ph"
442	盆	5	phun	phun5	5	十五音聲調	下平	6-14-1179 盆0005 phun 1-14 君頭下卒phun
442	招	3	bun	bun5	5	十五音聲調	下平	7-2-5565 招0003 bun* 1-15 君門下卒bun
442	敦	8	tun	tun1	1	十五音聲調	上平	"6-10-259 敦0008 tun""# 1-2 君地上平|tun"
442	蜜	2	tun	tun1	1	十五音聲調	上平	"7-3-6129 蜜0002 tun"" 1-2 君會上平|cun"
442	豚	9	tun	tun5	5	十五音聲調	下平	"3-2006 豚0009 tun""# 1-14 君地下卒|tun"
442	昆	9	khun	khun1	1	十五音聲調	上平	"7-1-3761 昆0009 khun""# 1-1 君去上卒khun'"
442	皇	2	khun	khun1	1	十五音聲調	上平	"247 皇0002 Khun"" [1-1 君去上平[khun'"
442	鄂	1	khun	khun1	1	十五音聲調	上平	"2-778 鄂0001 khun"" [1-1 君去上平khun'"
442	坤	6	khun	khun1	1	十五音聲調	上平	"7-1-4555 坤0006 khun""# [1-1 君去上平[khun"""
442	堯	5	khun	khun1	1	十五音聲調	上平	"6-12-1231 尧0005 khun""# 1-1 君去上卒khun"
442	擎	57	cun	tsun1	1	十五音聲調	上平	"4-1684 擎0057 cun""# 1-2 君鲁上平|cun"
442	村	4	chuan	tshuan1	1	十五音聲調	上平	"7-2-3150 村0004 chuan"" 1-3 君出上卒|chun"""
442	存	51	cun	tsun5	5	十五音聲調	下平	"3-38 存0051 cun""# 1-14 君鲁下平cun"
442	第	1	cun	tsun1	1	十五音聲調	上平	"74-5698 第0001 cun'"" 1-2 君鲁上卒|cun"
442	豫	73	uns	uns1	1	十五音聲調	上平	5-2-121 豫0073 #,uns 1-3 君時上平[sun
442	度	3	sun	sun1	1	十五音聲調	上平	"6-12-2022 度0003 sun""# 1-3 君时上卒|sun"
442	溫	22	un	un1	1	十五音聲調	上平	"5-16-623 温0022 un""# 1-3 君英上卒|un"""
442	香	6	hun	hun1	1	十五音聲調	上平	"6-14-761 香0006 hun""# 14 君喜上卒hun'"
442	婚	17	hun	hun1	1	十五音聲調	上平	"7-2-1236 婚0017 hun""# 1-4 君喜上卒,hun'"
443	播	1	hun	hun1	1	十五音聲調	上平	"6-1-2167 播0001 hun""# 14 君喜上卒|hun'"
443	魂	2	hun	hun5	5	十五音聲調	下平	"7-1-4281 魂0002 hun""# 1-16 君喜下卒hun"
443	爺	1	lun	lun5	5	十五音聲調	下平	"7-1-2465 爷0001 lun""# 1-13 君柳下卒un"
443	格	2	chun	tshun1	1	十五音聲調	上平	"7-4-6128 格0002 chun""# 1-2 君他上平|thun' -*th"
443	春	49	chun	tshun1	1	十五音聲調	上平	"7-1-1654 春0049 chun""# 1-3 君出上平|chun"
443	舒	2	tun	tun5	5	十五音聲調	下平	"7-2-5343 舒0002 tun"" 1-14 君地下卒|tun"
443	純	6	sun	sun5	5	十五音聲調	下平	"4-3069 纯0006 sun""# 1-15 君時下卒|sun"
443	鶉	2	sun	sun5	5	十五音聲調	下平	7-2-6700 鹑0002 sun'3 [1-15 君時下卒[sun
443	淳	4	sun	sun5	5	十五音聲調	下平	"6-7-1710 淳0004 Sun""3 1-15 君時下卒sun"
443	醇	2	sun	sun5	5	十五音聲調	下平	"7-1-3867 醇0002 sun""# 1-15 君時下卒sun°"
443	篤	1	un	un1	1	十五音聲調	上平	"7-4-3823 笃0001 un""# 4-15 市求上平kin -k-in-1"
443	偷	24	lun	lun5	5	十五音聲調	下平	"1-288 偷0024 lun""# 1-13 君柳下卒[lun'"
443	輸	3	lun	lun5	5	十五音聲調	下平	"7-3-3050 输0003 lun""# 1-13 君柳下卒[un'"
443	瀚	7	lun	lun5	5	十五音聲調	下平	"6-8-1167 瀚0007 lun""# 1-13 君柳下卒lun"""
443	均	7	kin	kin1	1	十五音聲調	上平	"5-16-189 均0007 kin""# 4-15 巾求上卒[kin"
443	避	7	cun	tsun1	1	十五音聲調	上平	"7-2-2523 避0007 cun""# 1-2 君含上卒cun"
443	歧	1	cun	tsun3	3	十五音聲調	上去	"7-3-855 歧0001 cun"" 1-8 君鲁上去|cun”"
443	淘	1	sun	sun5	5	十五音聲調	下平	"7-1-2479 淘0001 sun"" 1-15 君時下卒sun"
443	荀	2	sun	sun5	5	十五音聲調	下平	"7-2-805 荀0002 sun""3 1-15 君時下卒sun"
443	韻	1	sun	sun5	5	十五音聲調	下平	"7-4-3760 韵0001 sun"" 1-15 君時下平[sun"
443	恂	4	sun	sun5	5	十五音聲調	下平	3-537 恂0004 sun'3 1-15 君時下卒[sun
443	鬱	1	sun	sun5	5	十五音聲調	下平	"7-3-5445 郁0001 Sun"" 1-15 君时下卒sun"
443	旬	5	sun	sun5	5	十五音聲調	下平	"7-1-2176 旬0005 sun""# 1-15 君時下卒|sun"
443	巡	8	sun	sun5	5	十五音聲調	下平	"6-2-922 巡0008 sun""# 1-14 君時下卒sun"
443	循	4	sun	sun5	5	十五音聲調	下平	"5-10-197 循0004 sun""# 1-14 君時下卒|sun"
443	本	47	pun	pun2	2	十五音聲調	上上	"3-239 本0047 pun""# 1-5 君逐上上pun"
443	沌	1	tun	tun7	7	十五音聲調	下去	7-1-12 沌0001 tun' 1-17 君地下去tun
443	盾	2	tun	tun2	2	十五音聲調	上上	"7-3-4164 盾0002 tun""# 1-5 君地上上|tun"
443	適	1	tun	tun7	7	十五音聲調	下去	"6-3-1136 适0001 tun"" 1-17 君地下去|tun"
443	邀	1	tun	tun7	7	十五音聲調	下去	4-730 邀0001 tun' 1-17 君地下去|tun'
443	衰	4	kun	kun2	2	十五音聲調	上上	"7-4-117 衰0004 kun""# 1-5 君求上上kun"""
443	付	1	chun	tshun2	2	十五音聲調	上上	"6-1-1477 付0001 chun""# 1-6 君出上上[chun”"
443	攝	11	sun	sun2	2	十五音聲調	上上	"5-16-395 摄0011 sun"" 1-6 君时上上sun"
443	混	5	hun	hun7	7	十五音聲調	下去	"1-762 混0005 hun""# 1-18 君喜下去|hun'"
443	洋	2	hun	hun7	7	十五音聲調	下去	"7-2-1814 洋0002 hun""# 1-18 君喜下去hun'"
444	窖	4	khun	khun2	2	十五音聲調	上上	"7-2-2612 窖0004 khun*# 1-5 君去上上khun"""
444	津	3	cun	tsun2	2	十五音聲調	上上	"7-2-5228 津0003 cun""# 1-6 君鲁上上cun'"
444	隕	3	un	un2	2	十五音聲調	上上	"6-14-738 陨0003 un""# 1-6 君英上上un'"
444	隕	3	sun	sun2	2	十五音聲調	上上	"7-3-6404 陨0003 3 sun""# 1-6 君英上上|un'"
444	簡	5	sun	sun2	2	十五音聲調	上上	"7-2-5501 简0005 sun""# 1-6 君时上上sun'"
444	允	2	un	un2	2	十五音聲調	上上	"5-20-18 允0002 1-6 君英上上un"""
444	猶	1	un	un2	2	十五音聲調	上上	"7-2-5132 犹0001 1-6 君英上上un"""
444	尹	42	in	in2	2	十五音聲調	上上	2-532 尹0042 in# 4-19 巾英上上in
444	頭	9	tun	tun3	3	十五音聲調	上去	"7-3-5160 頭0009 tun"" 1-8 君地上去|tun"""
444	嫩	1	luan	luan7	7	十五音聲調	下去	"7-4-6332 嫩0001 luan"" 1-18 君入下去|jun' j-→un7"
444	因	9	khun	khun3	3	十五音聲調	上去	"4-2307 因0009 khun""# 1-8 君去上去khun"""
444	寸	12	chun	tshun3	3	十五音聲調	上去	"6-4-1247 寸0012 chun""# 1-10 君出上去|chun"
444	翼	1	sun	sun3	3	十五音聲調	上去	5-9-629 翼0001 sun' 1-9 君時上去|sun'
444	遂	2	sun	sun3	3	十五音聲調	上去	"1-555 遂0002 sun""# 1-9 君時上去[sun"""
444	舜	118	sun	sun3	3	十五音聲調	上去	"3-1255 舜0118 8  sun""# 1-9 君時上去[sun"
444	順	27	sun	sun7	7	十五音聲調	下去	"1-168 顺0027 sun""# 1-18 君時下去|sun'"
444	雷	2	lun	lun7	7	十五音聲調	下去	"7-4-6269 雷0002 lun""# 1-16 君柳下去[lun'"
444	潤	16	lun	lun7	7	十五音聲調	下去	"6-11-1272 潤0016 lun""# 1-18 君入下去jiun'"
444	俊	7	cun	tsun3	3	十五音聲調	上去	"2-561 俊0007 cun"" 1-8 君會上去|cun”"
444	鞍	2	cun	tsun3	3	十五音聲調	上去	"7-1-3717 鞍0002 cun""# 1-8 君會上去|cun"
444	駿	1	cun	tsun3	3	十五音聲調	上去	"7-1-3272 骏0001 cun""# 1-8 君鲁上去|cun"""
444	峻	3	cun	tsun3	3	十五音聲調	上去	"3-1593 峻0003 cun"" 1-8 君會上去|cun'"
444	凌	1	cun	tsun3	3	十五音聲調	上去	"6-9-439 凌0001 cun"" 1-8 君鲁上去|cun"
444	落	1	jue	jue7	7	十五音聲調	下去	"7-2-6327 落0001 jue"" 5-75 檐入下去jue'"
444	詢	1	sun	sun5	5	十五音聲調	下平	7-2-2439 询0001 sun' 1-14 君時下卒[sun
444	殉	5	sun	sun5	5	十五音聲調	下平	"6-13-2220 殉0005 sun""3 1-15 君時下卒[sun"
444	勃	8	put	put8	8	十五音聲調	下入	"7-2-5366 勃0008 put""# 1-19 君逐下入put"
444	浮	2	put	put8	8	十五音聲調	下入	"6-1-1072 浮0002 1-19 君逐下入|put"""
444	沒	10	but	but8	8	十五音聲調	下入	"5-9-98 没0010 but""# 1-21 君門下入but'"
444	段	1	but	but8	8	十五音聲調	下入	"1-906 段0001 but""# 1-21 君下入but'"
444	突	2	tut	tut8	8	十五音聲調	下入	"5-18-613 突0002 tut""# 1-20 君地下入tut"
444	骨	12	kut	kut4	4	十五音聲調	上入	"6-12-2510 骨0012 kut""# 1-10 君求上入(kut"""
444	滑	3	kut	kut8	8	十五音聲調	下入	"6-12-1694 滑0003 kut 1-19 君求下入kut"""
444	鶴	1	kutn	kutn8	8	十五音聲調	下入	"74-5380 鹤0001 kutn 1-19 君求下入kut"" 18"
444	室	5	khut	khut4	4	十五音聲調	上入	"6-6-1749 室0005 khut""# 1-11 君去上入khut'"
445	機	2	git	git8	8	十五音聲調	下入	"7-4-4353 机0002 git""# 1-21 诺语下入gut"" -ut-8"
445	卒	11	cut	tsut4	4	十五音聲調	上入	"7-1-4277 卒0011 cut""# 1-11 君鲁上入cut"""
445	忽	7	hut	hut4	4	十五音聲調	上入	"5-18-615 忽0007 hut""# 1-13 君喜上入,hut"
445	笏	1	hut	hut4	4	十五音聲調	上入	"7-1-3490 笏0001 hut""# 1-13 君喜上入|hut'"
445	能	1	git	git8	8	十五音聲調	下入	"6-1-1227 能0001 git""# 2-84 经喜下入hk -h-ik-*8"
445	牽	19	sut	sut4	4	十五音聲調	上入	"6-5-1441 牵0019 sut""# 1-11 君上入sut -4"
445	出	3	thut	thut4	4	十五音聲調	上入	"5-18-35 黑出0003 thut""# 1-11 君他上入/thut"""
445	出	113	chut	tshut4	4	十五音聲調	上入	"1-630 出0113 chut""# 1-12 君出上入chut"""
445	跡	16	sut	sut8	8	十五音聲調	下入	"4-1606 迹0016 sut""# 1-20 君时下入sut"""
445	稅	1	cut	tsut8	8	十五音聲調	下入	"7-3-2954 税0001 cut"" 1-20 君曾下入cut"
445	律	10	lut	lut8	8	十五音聲調	下入	"6-7-34 律0010 lut""# 1-19 君柳下入ut"
445	橘	1	kiet	kiet4	4	十五音聲調	上入	"7-4-2226 橘0001 kiet"" 1-31 整求上入[kiet'"
445	逾	2	sut	sut4	4	十五音聲調	上入	3-1443 逾0002 Sut' 1-11 君時上入|sut
445	第	1	it	it8	8	十五音聲調	下入	6-2-1404 第0001 4-32 市英下入it
445	碼	1	i	i8	8	十五音聲調	下入	7-4-2678 码0001 4-32 英下入i
445	斤	3	kin	kin1	1	十五音聲調	上平	"6-11-1337 斤0003 kin""# 4-15 市求上卒kin"
445	筋	1	kin	kin1	1	十五音聲調	上平	"6-12-2509 筋0001 kin"" 4-15 巾求上卒(kin"
445	芹	3	kin	kin5	5	十五音聲調	下平	"7-4-1050 芹0003 kin""# 426 市去下卒khin +kh→5"
445	勤	10	khin	khin5	5	十五音聲調	下平	"1-990 勤0010 khin""# 4-26 市去下平hin"
445	限	1	gin	gin5	5	十五音聲調	下平	"7-2-6440 限0001 gin""# 4-27 市语下平gin"
445	段	30	in	in1	1	十五音聲調	上平	3-1592 段0030 in# 4-16 市英上平in
445	新	1	him	him1	1	十五音聲調	上平	6-13-1822 新0001 1-44 金喜上平|him -h-→im-→1
445	欣	5	him	him1	1	十五音聲調	上平	"2-745 欣0005 him"" 1-44 金喜上平him"
445	哲	1	kin	kin2	2	十五音聲調	上上	7-2-3040 哲0001 kin' 4-17 市求上上kin
445	桂	1	kin	kin7	7	十五音聲調	下去	"7-4-5753 桂0001 kin""# 4-28 市求下去kin'"
445	近	34	kin	kin7	7	十五音聲調	下去	"1-9 近0034 kin""# 4-28 求下去kin'"
445	乞	8	khit	khit4	4	十五音聲調	上入	5-5-732 乞0008 Khit 4-23 去上入hit
445	迄	2	gity	gity4	4	十五音聲調	上入	1-676 迄0002 gity 4-24 巾语上入git'
445	分	44	hun	hun1	1	十五音聲調	上平	"7-4-5849 分0044 hun""# 1-4 君喜上卒hun"
445	氛	2	hun	hun1	1	十五音聲調	上平	"1-885 氛0002 hun""# 14 君喜上平hun"
445	粉	5	hun	hun1	1	十五音聲調	上平	"7-4-2729 粉0005 hun""# 14 君喜上平hun"
445	汾	1	hun	hun1	1	十五音聲調	上平	"7-1-2539 汾0001 hun"" 1-4 君喜上平hun"
446	楚	10	hun	hun5	5	十五音聲調	下平	"1-822 楚0010 hun""# 1-16 君喜下卒hun"
446	璜	5	phun	phun5	5	十五音聲調	下平	"7-3-6080 璜0005 phun""# 1-16 君喜下卒hun -""h"
446	粉	1	hun	hun5	5	十五音聲調	下平	7-4-3898 粉0001 hun' 1-16 君喜下卒hun
446	文	191	bun	bun5	5	十五音聲調	下平	"1-132 文0191 bun""# 1-15 君門下卒,bun"
446	敦	2	buns	buns5	5	十五音聲調	下平	"7-3-4799 敦0002 bun""s 1-15 君門下卒bun"
446	蚊	1	bun	bun2	2	十五音聲調	上上	"7-3-1789 蚊0001 bun""# 1-6 君門上上,bun"
446	間	160	bun	bun5	5	十五音聲調	下平	"1-126 間0160 bun""# 1-15 君門下平bun"
446	君	521	kun	kun1	1	十五音聲調	上平	"1-1197 君0521 kun""# 1-1 君求上平(kun"""
446	軍	36	kun	kun1	1	十五音聲調	上平	"5-7-188 軍0036 kun""# 1-1 君求上卒[kun'"
446	羣	18	kun	kun5	5	十五音聲調	下平	"5-17-444 群0018 kun""# 1-13 君求下卒[kun"
446	裙	3	kun	kun5	5	十五音聲調	下平	"7-3-2952 裙0003 kun""# 1-13 君求下平kun"
446	動	5	hun	hun1	1	十五音聲調	上平	"6-9-972 动0005 hun""# 14 君喜上卒hun"""
446	蒸	1	hun	hun1	1	十五音聲調	上平	"7-4-5773 蒸0001 hun"" 14 君喜上卒hun"
446	蕉	1	hun	hun1	1	十五音聲調	上平	6-2-556 蕉0001 hun* 1-4 君喜上平hun
446	漁	1	hun	hun1	1	十五音聲調	上平	"7-1-2134 漁0001 hun""# 14 君喜上卒hun'"
446	雲	84	in	in5	5	十五音聲調	下平	"3-400 云0084 in""# 4-27 巾英下卒i"
446	芸	5	in	in5	5	十五音聲調	下平	"5-18-355 芸0005 in""# 427 中英下平in"
446	耘	1	lin	lin5	5	十五音聲調	下平	"7-3-598 耘0001 lin""# 4-27 市英下平i"
446	雲	27	in	in5	5	十五音聲調	下平	"5-7-350 雲0027 in""# 4-27 市英下卒in"""
446	粉	2	hun	hun2	2	十五音聲調	上上	"7-2-6233 粉0002 hun""# 1-7 君喜上上hun?"
446	念	4	hun	hun2	2	十五音聲調	上上	"5-12-855 念0004 hun""并 1-7 君喜上上hun°"
446	慎	4	hun	hun2	2	十五音聲調	上上	"1-1047 慎0004 hun""# 1-7 君喜上上hun"""
446	勿	1	bu	bu2	2	十五音聲調	上上	"7-2-2283 勿0001 bu"" 1-6 君門上上bun"
446	套	2	hun	hun3	3	十五音聲調	上去	"6-14-600 套0002 hun"" 1-10 君喜上去hun"
446	冀	3	hun	hun3	3	十五音聲調	上去	"6-10-731 冀0003 hun""# 1-10 君喜上去|hun'"
446	資	2	hun	hun3	3	十五音聲調	上去	"3-1248 資0002 hun"" 1-10 君喜上去|hun"""
446	分	3	hun	hun7	7	十五音聲調	下去	"2-364 分0003 hun""# 1-18 君喜下去|hun'"
446	汶	1	bun	bun7	7	十五音聲調	下去	"5-6-304 汶0001 bun"" 1-18 君門下去[bun"
446	系	1	bun	bun7	7	十五音聲調	下去	"1-216 系0001 bun""# 1-18 君月下去bun"
446	周	255	bun	bun7	7	十五音聲調	下去	"4 467 周0255 bun""# 1-18 君門下去bun'"
446	郡	11	kun	kun7	7	十五音聲調	下去	"7-1-822 郡0011 kun""# 1-17 君求下去;kun"
446	溫	5	un	un3	3	十五音聲調	上去	"5-1-31 温0005 un""# 1-9 君英上去un"
446	短	2	un	un3	3	十五音聲調	上去	"5-9-692 短0002 1-9 君英上去un"""
446	通	13	un	un7	7	十五音聲調	下去	"2-780 通0013 un""# 1-18 君英下去|un'"
446	贛	1	un	un7	7	十五音聲調	下去	"74316 赣0001 un""# 1-18 君英下去|un'"
446	不	2112	put	put4	4	十五音聲調	上入	"1-1184 不2112 put"" 1-10 君逐上入put"
446	弗	69	hut	hut4	4	十五音聲調	上入	"4-2450 弗0069 hut"" 1-13 君喜上入hut'"
446	編	1	hut	hut4	4	十五音聲調	上入	"7-3-6067 编0001 hut""# 1-13 君喜上入hut"
447	拂	6	hut	hut4	4	十五音聲調	上入	"7-3-4004 拂0006 hut""# 1-13 君喜上入hut'"
447	超	1	hut	hut4	4	十五音聲調	上入	"6-3-81 超0001 hut"" 1-13 君喜上入|hut'"
447	佛	11	hut	hut8	8	十五音聲調	下入	"7-1-3733 佛0011 hut""# 1-21 君喜下入hut"
447	佛	2	pit	pit8	8	十五音聲調	下入	5-17-273 佛0002 pit'* 4-30 而逐下入pit
447	勿	43	but	but8	8	十五音聲調	下入	"2-564 勿0043 but""# 1-21 君門下入but"
447	物	82	but	but8	8	十五音聲調	下入	"1-1188 物0082 but""# 1-21 君門下入,but"""
447	屈	11	khut	khut4	4	十五音聲調	上入	"6-6-414 屈0011 khut""# 1-11 君去上入khut"
447	據	3	kut	kut8	8	十五音聲調	下入	6-6-1767 据0003 kut' 1-19 君求下入[kut
447	蔚	1	ut	ut4	4	十五音聲調	上入	7-1-4110 蔚0001 1-12 君英上入ut'
447	款	1	hut	hut4	4	十五音聲調	上入	"7-1-153 款0001 hut"" 1-13 君喜上入hut'"
447	間	19	kan	kan1	1	十五音聲調	上平	"5-4-116 間0019 kan""# 2-1 干求上卒kan"
447	開	8	kan	kan1	1	十五音聲調	上平	"5-11-799 開0008 kan""# [2-1 干求上平[kan'"
447	雷	3	han	han5	5	十五音聲調	下平	6-3-1807 雷0003 han'3 2-12 干喜下卒|han
447	言	358	gan	gan5	5	十五音聲調	下平	"1-459 言0358 gan""# 2-12 干語下卒gan"
447	軒	7	hien	hien1	1	十五音聲調	上平	"7-4-1157 軒0007 hien""# 1-24 整喜上平hien"
447	撤	1	hien	hien1	1	十五音聲調	上平	"7-1-1100 撤0001 hien"" 1-24 暨喜上平|hien"
447	鞭	8	pien	pien1	1	十五音聲調	上平	"7-1-110 鞭0008 pien""# [1-22 暨透逐上平pien"
447	偏	8	phien	phien1	1	十五音聲調	上平	"1-375 偏0008 phien""# 1-22 整颜上卒phien'"
447	篇	9	phien	phien1	1	十五音聲調	上平	"1-348 篇0009 phien""# 1-22 整颂上平[phien"
447	便	9	pien	pien1	1	十五音聲調	上平	"7-2-5734 便0009 pien""# 1-22 整逐上平[pien"
447	系	1	bien	bien5	5	十五音聲調	下平	"6-12-1191 帛系0001 bien"" 1-35 整阿下卒,bien"
447	錦	5	bien	bien5	5	十五音聲調	下平	"7-2-448 锦0005 bien""# 1-35 整下卒bien"
447	銭	26	cien	tsien5	5	十五音聲調	下平	"7-1-3623 銭0026 cien""# 1-35 整含下平cien"
447	仙	28	sien	sien1	1	十五音聲調	上平	"7-1-156 仙028 sien""# 1-23 聚時上平sien"
447	鮮	1	sien	sien1	1	十五音聲調	上平	"7-3-4127 鲜0001 sien"" 1-23 時上卒sien"
447	涎	2	ien	ien5	5	十五音聲調	下平	"7-3-2536 涎0002 ien""# 1-35 整英下卒ien"
447	延	6	ien	ien5	5	十五音聲調	下平	"7-2-2552 延0006 ien""# 1-35 整英下平lien"
447	延	1	ien	ien5	5	十五音聲調	下平	"2-450 延0001 ien""# 1-35 整英下平lien"
447	眼	13	gan	gan2	2	十五音聲調	上上	"7-2-4126 眼0013 gan""# 2-5 干語上上gan"
447	藍	1	cien	tsien2	2	十五音聲調	上上	"7-3-4775 蓝0001 cien""# 24 干鲁上上can -*an"
447	產	18	san	san2	2	十五音聲調	上上	"5-5-474 產0018 san""# 2-5 干时上上san"
448	傻	7	ien	ien2	2	十五音聲調	上上	"5-6-444 傻0007 ien""# 1-27 暨英上上lien"
448	揭	2	pien	pien2	2	十五音聲調	上上	"6-1-1330 揭0002 pien"" 1-25 坚逐上上pien"
448	酒	1	bien	bien2	2	十五音聲調	上上	7-3-2738 酒0001 bien' 1-27 坚門上上bien
448	賽	4	kien	kien2	2	十五音聲調	上上	"7-4-3687 赛0004 kien""# 1-25 暨求上上kien"
448	遇	4	khien	khien2	2	十五音聲調	上上	"2-748 遇0004 khien""# 1-25 坚去上上khien"
448	剪	1	cien	tsien2	2	十五音聲調	上上	"7-1-4071 剪0001 cien""# 1-26 坚鲁上上lcien”"
448	凌	2	chien	tshien2	2	十五音聲調	上上	"5-14-1169 凌0002 chien"" 1-27 坚出上上 chien"
448	踐	8	cien	tsien2	2	十五音聲調	上上	"6-2-559 践0008 cien"" 1-26 [整上上 cien'"
448	線	2	cien	tsien2	2	十五音聲調	上上	"7-3-222 线0002 cien""# 1-26 坚含上上cien"
448	鮮	10	sien	sien2	2	十五音聲調	上上	"4383 鲜0010 sien""# 1-27 坚时上上sien"
448	演	3	jen	jen2	2	十五音聲調	上上	"7-1-2759 演0003 jen"" 1-27 坚英上上ien”"
448	衍	3	ien	ien2	2	十五音聲調	上上	"6-6-286 衍0003 ien""共 1-27 坚英上上ien"""
448	盼	3	phan	phan3	3	十五音聲調	上去	"5-3-168 盼0003 phan"" 2-6 干上去phan"
448	胃	11	kan	kan3	3	十五音聲調	上去	"6-5-2497 胃0011 kan""# 2-6 干求上去kan"""
448	莫	2	hien	hien7	7	十五音聲調	下去	"7-3-5229 莫0002 hien""# 1-39 暨喜下去,hien'"
448	建	10	kien	kien3	3	十五音聲調	上去	"1-648 建0010 kien""# 1-28 坚求上去kien"
448	健	4	kien	kien7	7	十五音聲調	下去	"7-2-4762 健0004 kien""# 1-37 墅求下去kien"""
448	寇	10	hien	hien3	3	十五音聲調	上去	"4-1388 寇0010 hien""# 1-30 暨喜上去hien"
448	就	14	hien	hien3	3	十五音聲調	上去	"1-666 就0014 hien""# 1-30 坚喜上去|hien"
448	便	8	pien	pien7	7	十五音聲調	下去	"7-2-6248 便0008 pien"" 1-37 坚逐下去pien'"
448	面	36	bien	bien7	7	十五音聲調	下去	"5-6-12 面0036 bien""# [1-38 墅下去,bien'"
448	箭	2	cien	tsien3	3	十五音聲調	上去	"7-1-4544 箭0002 cien"" 1-29 暨鲁上去|cien"
448	賤	31	cien	tsien7	7	十五音聲調	下去	"2-324 贱0031 cien""# 1-38 暨曾下去cien'"
448	線	2	san	san3	3	十五音聲調	上去	"7-4-1554 線0002 san""# 2-7 于時上去[san"
448	美	1	siam	siam7	7	十五音聲調	下去	"6-6-770 美0001 siam""# 1-38 坚時下去|siam →ien"
448	美	19	siam	siam7	7	十五音聲調	下去	"7-2-640 美0019 siam""# 2-101 戳時下去suan →uan"
448	到	1	sat	sat4	4	十五音聲調	上入	"743191 到0001 sat""# 2-9 千出上入|chat' →ch"
448	轄	1	ha	ha4	4	十五音聲調	上入	7-2-2518 辖0001 ha 2-10 千喜上入|hat' →at→4
448	羯	1	khieto	khieto4	4	十五音聲調	上入	7-2-945 羯0001 khiet'o 1-31 暨求上入kiet'
448	碣	1	kiet	kiet8	8	十五音聲調	下入	2-635 碣0001 kiet' 1-39 暨求下入kiet'
448	竭	10	kiet	kiet8	8	十五音聲調	下入	"6-7-121 竭0010 kiet""# 1-40 墅求下入kiet"""
448	號	2	iet	iet4	4	十五音聲調	上入	"7-2-2982 号0002 iet"" 1-33 暨英上入iet"""
448	歇	1	hiap	hiap4	4	十五音聲調	上入	"7-2-5523 歇0001 hiap"" 1-33 墅喜上入|hiet"" -iet"
449	減	14	biet	biet8	8	十五音聲調	下入	"7-3-2277 减0014 biet""# 1-41 坚門下入biet'"
449	子	1	khiets	khiets4	4	十五音聲調	上入	6-9-1144 子0001 khiet's 1-31 坠去上入khiet'
449	薛	12	siet	siet4	4	十五音聲調	上入	"6-2-2460 薛0012 siet""# 1-33 時上入siet"""
449	泄	3	siet	siet4	4	十五音聲調	上入	"6-4-2035 泄0003 siet'"" 1-32 暨時上入 siet"
449	契	2	siet	siet4	4	十五音聲調	上入	"6-5-1647 契0002 siet""# 1-32 暨时上入siet"
449	線	2	siet	siet4	4	十五音聲調	上入	"5-5-17 线0002 siet"" 1-32 整時上入 siet"""
449	蘇	2	kuan	kuan1	1	十五音聲調	上平	"6-2-1212 蘇0002 kuan""# 2-86 额求上平[kuan"
449	蕃	2	huan	huan5	5	十五音聲調	下平	"7-2-2544 蕃0002 huan""# 2-99 7喜下平|huan ->5"
449	落	7	huan	huan5	5	十五音聲調	下平	"7-1-2662 落0007 huan""# 2-99 喜下平huan” -*5"
449	播	2	huan	huan1	1	十五音聲調	上平	"7-1-3385 播0002 huan""# 2-88 喜上平huan"
449	樊	13	huan	huan5	5	十五音聲調	下平	"7-4-6297 樊0013 huan"" 2-99 喜下平huan"
449	禁	2	huan	huan5	5	十五音聲調	下平	6-5-1508 禁0002 huan' 2-99 喜下卒huan
449	烯	1	huan	huan5	5	十五音聲調	下平	"6-12-1261 烯0001 huan"" 2-99 额喜下平[huan"
449	瑙	2	huan	huan5	5	十五音聲調	下平	"6-8-2258 瑙0002 huan"" 2-99 翻喜下平huan"
449	元	41	guan	guan5	5	十五音聲調	下平	"6-6-74 元0041 guan""# 2-99 语下平guan"
449	原	24	guan	guan5	5	十五音聲調	下平	"7-2-3220 原0024 guan""# 2-99 馥語下平guan"
449	源	5	guan	guan5	5	十五音聲調	下平	"6-9-851 源0005 guan""# 2-99 数语語下卒guan"
449	源	1	guan	guan5	5	十五音聲調	下平	7-2-4631 源0001 guan' 2-99 汉语下卒guan
449	喧	3	suan	suan1	1	十五音聲調	上平	"7-2-967 喧0003 suan""# 2-87 翻時上平|suan"
449	喧	1	suan	suan1	1	十五音聲調	上平	"7-1-2252 喧0001 suan""# 2-87 經时上平suan"
449	萱	2	suan	suan1	1	十五音聲調	上平	"7-2-82 萱0002 suan"" 2-87 时上平suan"
449	龍	2	suans	suans1	1	十五音聲調	上平	3-514 龍0002 suan's 2-87 激时上平(suan'
449	垣	5	huan	huan5	5	十五音聲調	下平	"6-6-1477 垣0005 huan""# 2-99 靓喜下平huan"
449	愛	5	uan	uan7	7	十五音聲調	下去	"6-2-656 爱0005 uan""! 2-102 义英下去uan'"
449	袁	2	uan	uan5	5	十五音聲調	下平	"7-1-3970 袁0002 uan"" 2-98 汉英下卒uan"
449	猿	2	uan	uan5	5	十五音聲調	下平	"7-4-5412 猿0002 uan'"" 2-98 汉英下平uan"
449	囍	6	uan	uan5	5	十五音聲調	下平	"7-4-1626 囍0006 uan""# 2-98 羲英下卒uan"
449	痊	1	cuan	tsuan1	1	十五音聲調	上平	"7-3-5689 痊0001 cuan""# 2-87 翘出上卒chuan →ch-1"
449	全	2	chuan	tshuan1	1	十五音聲調	上平	"7-1-3856 全0002 chuan"" 2-87 视出上平chuan'"
449	笙	1	chuan	tshuan1	1	十五音聲調	上平	"7-4-4668 笙0001 chuan""# 2-87 出上平chuan"
449	全	12	cuan	tsuan5	5	十五音聲調	下平	"7-1-4390 全0012 cuan""# 2-98 汉下平cuan"
449	泉	9	cuan	tsuan5	5	十五音聲調	下平	"1-1041 泉0009 cuan""# 2-98 数合下卒cuan"
449	宣	21	suans	suans1	1	十五音聲調	上平	"7-2-1410 宣0021 suan'""s 2-87 毅时上平[suan"
449	旋	5	suan	suan5	5	十五音聲調	下平	"6-14-1501 旋0005 suan""# 2-98 汉時下平suan"
449	璞	1	suan	suan5	5	十五音聲調	下平	"2-953 璞0001 suan"" 2-98 汉時下卒suan"
450	娟	1	kuan	kuan1	1	十五音聲調	上平	"7-2-3554 娟0001 kuan""# 2-86 7求上平[kuan'"
450	鉛	2	ien	ien5	5	十五音聲調	下平	"7-3-2109 铅0002 ien"" 1-35 暨英下卒lien"
450	為	2	ien	ien1	1	十五音聲調	上平	"7-4-2263 為0002 ien""# 1-24 整英上卒lien"
450	緣	13	ien	ien5	5	十五音聲調	下平	"7-2-3168 缘0013 ien""# 1-35 暨英下平ien"
450	捐	3	kuan	kuan1	1	十五音聲調	上平	"7-2-6935 捐0003 kuan""# 2-86 7求上平[kuan"
450	反	85	huan	huan2	2	十五音聲調	上上	"5-6-452 反0085 huan""# 2-91 翻喜上上huan”"
450	返	1	huan	huan2	2	十五音聲調	上上	"7-1-677 返0001 huan"" 2-91 7喜上上huan"
450	鈑	6	huan	huan2	2	十五音聲調	上上	"5-10-508 钣0006 huan""# 2-91 7喜上上huan’"
450	撓	1	buan	buan2	2	十五音聲調	上上	"7-1-3656 挠0001 buan'"" 2-90 7阿上上buan"
450	晚	5	buan	buan2	2	十五音聲調	上上	"7-1-601 晚0005 buan"" 2-90 7用上上,buan"""
450	卷	2	kuan	kuan2	2	十五音聲調	上上	"5-15-223 卷0002 kuan""# 2-89 7求上上kuan’"
450	阮	7	guans	guans2	2	十五音聲調	上上	"2-919 阮0007 guan""s 2-90 7语上上guan"
450	苑	3	uan	uan2	2	十五音聲調	上上	"7-4-1960 苑0003 uan""# 2-90 翻英上上uan”"
450	琬	1	uans	uans2	2	十五音聲調	上上	"7-3-4415 琬0001 uan""s 2-90 英上上uan"
450	遠	56	uan	uan2	2	十五音聲調	上上	"7-3-6273 遠0056 uan""# 2-90 熱英上上|uan"
450	雋	2	cun	tsun3	3	十五音聲調	上去	"7-4-1029 隽0002 cun""# 1-8 君鲁上去|cun”"
450	遙	7	suan	suan2	2	十五音聲調	上上	"7-3-84 遥007 suan""# 2-90 翻時上上[suan’"
450	款	2	luan	luan2	2	十五音聲調	上上	"7-3-2866 款0002 luan"" 2-90 [7柳上上uan"""
450	幻	11	huan	huan3	3	十五音聲調	上去	"7-3-4797 幻00011 huan"" 2-93 7喜上去|huan"
450	版	1	huan	huan3	3	十五音聲調	上去	"7-3-5327 版0001 huan"" 2-93 7喜上去|buan"
450	鈑	12	huan	huan7	7	十五音聲調	下去	"7-2-1782 钣0012 huan""# 2-102 7喜下去|huan"
450	萬	76	ban	ban7	7	十五音聲調	下去	"1-144 萬0076 ban""# 2-14 [于阳下去ban'"
450	蔓	2	ban	ban7	7	十五音聲調	下去	"7-4-6368 蔓0002 ban"" 2-14 干阿下去[ban"
450	勤	15	khuan	khuan3	3	十五音聲調	上去	"4-2120 勤0015 khuan""# 2-92 7去上去|khuan"""
450	原	8	guan	guan7	7	十五音聲調	下去	"6-14-1922 原0008 guan""# 2-102 羲下去guan"
450	願	2	guan	guan7	7	十五音聲調	下去	"5-8-434 愿0002 guan""# 2-102 羲语下去guan"
450	贛	39	guan	guan7	7	十五音聲調	下去	"4959 赣0039 guan""# 2-102 语下去guan"
450	總	49	uan	uan3	3	十五音聲調	上去	"4-1125 总0049 uan"" 2-93 7英上去uan"
450	遠	13	uan	uan7	7	十五音聲調	下去	"3-1882 遠0013 uan""# 2-102 戳英下去uan'"
450	編	1	kuan	kuan3	3	十五音聲調	上去	"73-4698 编0001 kuan""# 2-91 7求上去[kuan"
450	摻	1	hien	hien7	7	十五音聲調	下去	"7-3-110 掺0001 hien"" 1-38 墅英下去lien"
450	刮	1	kuat	kuat4	4	十五音聲調	上入	"7-4-204 刮0001 kuat"" 2-94 7求上入kuat"
450	聚	15	huat	huat4	4	十五音聲調	上入	"2-148 聚0015 huat""# 2-96 7喜上入huat'"
450	伐	48	huat	huat8	8	十五音聲調	下入	"5-6-454 伐0048 huat""# 2-105 7喜下入|huat"
450	限	1	huat	huat8	8	十五音聲調	下入	7-3-3257 限0001 huat' 2-105 戳喜下入|huat'
451	機	3	bit	bit8	8	十五音聲調	下入	"7-1-2924 機0003 bit""# 1-41 下入biet -iet"
451	躍	12	khuat	khuat4	4	十五音聲調	上入	"6-6-1184 跃0012 khuat""# 2-95 初去上入khuat"""
451	躍	2	khuat	khuat4	4	十五音聲調	上入	"7-4-6333 跃0002 khuat""# 2-95 靓去上入khuat'"
451	威	2	khuat	khuat4	4	十五音聲調	上入	"6-7-307 威0002 khuat""# 2-95 初去上入khuat'"
451	月	88	guat	guat8	8	十五音聲調	下入	"4-2957 月0088 guat""# 2-104 歡语下入lguat'"
451	郭	1	guat	guat8	8	十五音聲調	下入	"5-2-517 郭0001 guat""# 2-104 语下入 guat"
451	越	12	uat	uat8	8	十五音聲調	下入	"6-8-1975 越0012 uat"" 2-104 魏英下入uat"
451	號	3	uat	uat8	8	十五音聲調	下入	"7-1-853 号0003 uat""# 2-104 靓英下入uat'"
451	裁	3	uat	uat8	8	十五音聲調	下入	"4-3954 裁0003 uat""# 2-104 英下入uat"
451	缺	7	khuat	khuat4	4	十五音聲調	上入	"5-18-545 缺0007 khuat""# 2-95 7去上入(khuat'"
451	超	23	cuat	tsuat8	8	十五音聲調	下入	"5-19-736 超0023 cuat""# 2-104 翻含下入|cuat"
451	雲	16	suat	suat4	4	十五音聲調	上入	"1-1020 雲0016 suat""# 2-96 汉時上入suat'"
451	悅	54	iet	iet8	8	十五音聲調	下入	"6-2-1941 悦0054 iet""# 2-104 汉英下入uat -→uat"
451	説	23	iet	iet8	8	十五音聲調	下入	"5-20-157 説0023 iet""# 2-104 英下入uat' *uat"
451	明	1	iet	iet8	8	十五音聲調	下入	"7-3-3258 明0001 iet""# 2-104 靓英下入uat"" ->uat"
451	丹	23	tan	tan1	1	十五音聲調	上平	"7-2-5104 丹0023 tan""# [2-2 干地上平|tan"
451	單	1	tan	tan1	1	十五音聲調	上平	"7-1-4568 单0001 tan""# 2-2 干地上卒|tan"
451	第	9	tan	tan1	1	十五音聲調	上平	"5-6-348 第0009 tan"" 2-2 干地上平tan"
451	郭	1	tan	tan1	1	十五音聲調	上平	"7-3-2780 郭0001 tan""# 2-2 干地上平|tan'"
451	彈	7	tan	tan5	5	十五音聲調	下平	"7-2-2425 弹0007 tan"" 2-11 干地下平|tan"
451	瑄	3	tan	tan5	5	十五音聲調	下平	"7-2-1864 瑄0003 tan""# 2-11 干地下卒tan"
451	植	3	than	than5	5	十五音聲調	下平	"7-3-3374 植0003 than"" [2-11 干他下平|than"
451	蓮	70	lan	lan5	5	十五音聲調	下平	"5-13-505 莲0070 lan""# 2-10 于柳下至lan"
451	好	6	kan	kan1	1	十五音聲調	上平	"7-3-535 好0006 kan""# [2-1 干求上平kan"
451	肝	3	kan	kan1	1	十五音聲調	上平	"7-2-5928 肝0003 kan""# [2-1 干求上平kan"
451	竿	1	kan	kan1	1	十五音聲調	上平	"7-1-210 竿0001 kan""# [2-1 干求上平[kan"
451	乾	4	kan	kan1	1	十五音聲調	上平	"6-14-547 乾0004 kan""# 2-1 干求上卒kan"
451	餐	7	chan	tshan1	1	十五音聲調	上平	"7-2-3552 餐0007 chan""# 2-3 干出上平|chan'"
451	殘	13	can	tsan5	5	十五音聲調	下平	"6-2-1743 残0013 can""# [2-11 干鲁下平|can"
451	瑞	2	suan	suan1	1	十五音聲調	上平	"7-3-4882 瑞0002 suan"" 2-2 干时上平san -""an"
451	安	76	an	an1	1	十五音聲調	上平	"3-90 安0076 an""# 2-3 干英上平an'"
451	寒	23	han	han5	5	十五音聲調	下平	"5-9-734 寒0023 han""# 2-12 干喜下平han"
451	韓	20	hanw	hanw5	5	十五音聲調	下平	7-1-4060 韩0020 han'w 2-12 干喜下平han
451	開	2	jan	jan5	5	十五音聲調	下平	"7-2-1925 開0002 Jan"" 2-10 干柳下平lan"
451	潤	1	lan	lan5	5	十五音聲調	下平	"6-13-1252 潤0001 lan""# 2-10 干柳下至[lan"
452	顏	48	gan	gan5	5	十五音聲調	下平	"7-2-5336 颜0048 gan""# 2-12 干語下平gan"
452	屬	1	siam	siam1	1	十五音聲調	上平	"7-2-4939 属0001 siam"" 2-3 于出上卒|chan' ch-an→1"
452	座	4	tien	tien5	5	十五音聲調	下平	"6-3-1885 座0004 tien""# 1-34 娶地下平lien"
452	您	4	khien	khien1	1	十五音聲調	上平	"5-16-465 您0004 khien""# 1-22 墅去上平hien'"
452	賽	5	khien	khien1	1	十五音聲調	上平	"5-11-51 赛0005 khien""# 1-22 整去上卒khien'"
452	虔	3	khien	khien5	5	十五音聲調	下平	"7-2-551 虔0003 Khien""# 1-34 坚去下卒khien"
452	乾	6	khiens	khiens5	5	十五音聲調	下平	7-2-3362 乾0006 khien's 1-34 坚去下卒khien
452	彭	2	ciens	tsiens1	1	十五音聲調	上平	7-3-3802 彭0002 cien's 1-23 坚鲁上卒|cien
452	遊	1	cien	tsien1	1	十五音聲調	上平	"6-10-2140 游0001 cien""# 1-23 坚鲁上卒|cien'"
452	萬	1	cien	tsien1	1	十五音聲調	上平	"6-7-1108 万0001 cien"" 1-23 整會上卒|cien"
452	拉	1	cien	tsien1	1	十五音聲調	上平	"7-4 4248 拉0001 cien""# 1-23 坚鲁上卒ien"
452	為	276	ien	ien1	1	十五音聲調	上平	6-7-1658 為0276 ien”# 1-24 整英上卒lien'
452	嫣	1	ien	ien1	1	十五音聲調	上平	7-3-4845 嫣0001 ien”# 1-24 坚英上卒lien
452	遵	22	lien	lien5	5	十五音聲調	下平	"5-18 465 遵0022 lien""# 1-34 坚柳下卒lien"
452	聯	4	lien	lien5	5	十五音聲調	下平	"7-2-2872 联0004 lien"" 1-35 坚下卒[bien'"
452	熱	6	jien	jien5	5	十五音聲調	下平	74-6012 热0006 jien' 1-35 坚入下卒[ien
452	遇	5	pien	pien1	1	十五音聲調	上平	"7-1-4485 遇0005 pien"" 1-22 坚逐上平pien"
452	復	7	phien	phien1	1	十五音聲調	上平	"1-993 复0007 phien""# 1-22 坚逐上平pien"
452	篷	1	pien	pien1	1	十五音聲調	上平	"5-8-171 篷0001 pien"" 1-22 坚透上平pien"
452	弄	4	ping	ping5	5	十五音聲調	下平	"5-14-235 弄0004 ping"" 1-34 坚逐下平pien →ien→5"
452	眠	4	bien	bien5	5	十五音聲調	下平	"7-2-887 眠0004 bien""# 1-35 坚用下卒[bien"
452	天	513	thien	thien1	1	十五音聲調	上平	"4-246 天0513 thien""# 1-23 墅他上卒/thien"
452	田	56	tien	tien5	5	十五音聲調	下平	"6-1-573 田0056 tien""# 1-34 墅地下卒lien"
452	佃	1	tien	tien5	5	十五音聲調	下平	"74-1647 佃0001 tien"" 1-34 暨地下平ien"
452	填	1	tien	tien5	5	十五音聲調	下平	"6-1-400 填0001 tien"" 1-34 暨地下平tien"
452	滇	1	tien	tien1	1	十五音聲調	上平	"7-1-892 滇0001 tien""# 1-22 暨地上平ien"
452	年	120	lien	lien5	5	十五音聲調	下平	"1-663 年0120 lien""# 1-34 坠柳下平ien"""
452	屑	10	kien	kien1	1	十五音聲調	上平	"5-19-646 屑0010 kien""# 1-22 坚求上平kien"""
452	墅	12	kien	kien1	1	十五音聲調	上平	"5-9-276 墅0012 kien""# 1-22 坠求上平kien'"
452	牽	6	khien	khien1	1	十五音聲調	上平	"7-2-3664 牵0006 khien""# 1-22 坠去上平khien'"
452	妍	4	gien	gien5	5	十五音聲調	下平	"7-2-4039 妍0004 gien""# 1-36 整语下平gien -→5"
452	第	2	cien	tsien1	1	十五音聲調	上平	"74-147 第0002 cien""# 1-23 坚曾上卒|cien"
452	胰	1	cien	tsien1	1	十五音聲調	上平	"2-881 胰0001 cien"" 1-23 经鲁上平lcien"
452	千	67	chien	tshien1	1	十五音聲調	上平	"1-141 千0067 chien""# 1-24 墅出上平|chien"
452	阡	2	chien	tshien1	1	十五音聲調	上平	"7-1-1395 阡0002 chien"" 1-24 暨出上平chien'"
452	前	56	cien	tsien5	5	十五音聲調	下平	"1-1209 前0056 cien""# 1-35 整曾下卒cien"
452	先	119	sien	sien1	1	十五音聲調	上平	"5-12-318 先0119 sien""# 1-23 壁时上平sien"
452	咽	1	ien	ien1	1	十五音聲調	上平	"7-1-1138 咽0001 ien"" 1-23 暨英上平lien"
453	煌	6	ien	ien1	1	十五音聲調	上平	"7-2-2108 煌0006 ien""# 1-23 暨英上平lien"
453	燕	22	ien	ien1	1	十五音聲調	上平	"6-4-1406 燕0022 ien""# 1-24 英上平lien"
453	翼	154	hien	hien5	5	十五音聲調	下平	"1-975 翼0154 hien""# 1-36 坠善下卒hien"""
453	弦	4	hien	hien5	5	十五音聲調	下平	"7-1-2034 弦0004 hien""# 1-36 娶喜下卒hien"
453	粒	4	hien	hien5	5	十五音聲調	下平	"7-2-1238 粒0004 hien"" 1-36 整喜下卒hien"
453	通	5	lien	lien5	5	十五音聲調	下平	"7-2-5648 通0005 lien""# 1-34 整柳下平ien"
453	諾	8	lin	lin5	5	十五音聲調	下平	"7-1-2336 诺0008 lin""# 4-25 中柳下平lin"
453	置	1	than	than2	2	十五音聲調	上上	"6-2-1386 置0001 than"" 24 干他上上|than"
453	坦	2	than	than2	2	十五音聲調	上上	"7-1-1233 坦0002 than""# 24 干他上上/than"
453	祖	3	than	than7	7	十五音聲調	下去	"7-3-1215 祖0003 than""# 2-13 干地下去tan' t-7"
453	侃	5	khan	khan2	2	十五音聲調	上上	"5-10-38 侃0005 khan'"" 24 于去上上[khan"""
453	罕	3	han	han2	2	十五音聲調	上上	"5-9-2 罕0003 han'"" 2-5 于喜上上han"
453	旱	8	gan	gan7	7	十五音聲調	下去	"6-1-1056 旱0008 gan""# 2-14 干喜下去han'"
453	辨	13	pien	pien7	7	十五音聲調	下去	"4-2481 辨0013 pien""# 1-37 暨逐下去pien”"
453	免	20	bien	bien2	2	十五音聲調	上上	"5-2-48 免0020 bien""# 1-27 整闻上上bien"
453	勉	10	bien	bien2	2	十五音聲調	上上	"1-1002 勉0010 bien""# 1-27 整門上上bien"
453	冕	12	bien	bien2	2	十五音聲調	上上	"5-8-603 冕0012 bien""# 1-27 整阿上上bien'"
453	展	2	tien	tien2	2	十五音聲調	上上	"7-2-2632 展0002 tien""# 1-26 整地上上lien"""
453	善	211	sien	sien7	7	十五音聲調	下去	"1-6 善0211 sien""# 1-38 整時下去sien"
453	第	1	lien	lien2	2	十五音聲調	上上	"2-508 第0001 lien""# 1-25 整柳上上lien"
453	瑾	1	lien	lien2	2	十五音聲調	上上	5-5-89 瑾0001 lien' 1-25 坚柳上上lien
453	篇	1	pien	pien2	2	十五音聲調	上上	"7-4-2058 篇0001 pien"" 1-25 坚逐上上 pien'"
453	典	12	tien	tien2	2	十五音聲調	上上	"2-476 典0012 tien""# 1-26 整地上上 ien'"
453	珍	1	cin	tsin2	2	十五音聲調	上上	"6-14-733 珍0001 cin"" 1-26 墅他上上thien -thien"
453	顛	13	hien	hien2	2	十五音聲調	上上	"4-1297 颠0013 hien""# 1-28 暨喜上上hien"
453	炭	6	than	than3	3	十五音聲調	上去	"6-3-2542 炭0006 than""# 2-6 干他上去|than"
453	喚	1	than	than3	3	十五音聲調	上去	"6-13-1843 唤0001 than""! 2-6 干他上去than"
453	款	5	than	than3	3	十五音聲調	上去	"7-2-2898 款0005 than""# 2-6 干他上去|than"
453	但	7	tan	tan7	7	十五音聲調	下去	"7-2-1465 但0007 tan"" 2-13 干地下去tan"
453	彈	1	tan	tan7	7	十五音聲調	下去	"7-1-1130 弹0001 tan"" 2-13 干地下去|tan'"
453	彈	4	tan	tan7	7	十五音聲調	下去	"4-368 彈0004 tan"" 2-13 干地下去tan'"
453	韓	1	kan	kan3	3	十五音聲調	上去	"7-2-138 韩0001 kan"" 2-6 干求上去kan"
453	看	7	khan	khan3	3	十五音聲調	上去	"7-2-4128 看0007 khan""# 2-6 去上去khan"
453	岸	4	gan	gan7	7	十五音聲調	下去	"7-1-1267 岸0004 gan""# 2-12 干语下去gan"
454	哆	1	gan	gan7	7	十五音聲調	下去	"5-11-475 哆0001 gan""# 2-12 干語下去lgan"
454	貨	8	can	tsan3	3	十五音聲調	上去	"4-2634 货0008 can""# 2-7 干鲁上去|can"
454	蔡	1	chan	tshan3	3	十五音聲調	上去	"7-3-2426 蔡0001 chan""# [2-7 千出上去|chan"""
454	散	16	san	san3	3	十五音聲調	上去	"3-1658 散0016 san""# 2-7 干時上去[san"""
454	按	8	an	an3	3	十五音聲調	上去	"7-1-3172 按0008 an""# 2-7 干英上去[an"""
454	案	3	an	an3	3	十五音聲調	上去	"7-2-1367 案0003 an"" 2-7 干英上去[an"
454	漢	50	han	han3	3	十五音聲調	上去	"1-660 漢0050 han""# 2-7 于喜上去|han"
454	汗	2	han	han7	7	十五音聲調	下去	"7-3-776 汗0002 han""# 2-14 干喜下去han'"
454	悍	1	han	han2	2	十五音聲調	上上	"7-4-5306 悍0001 han""# 2-5 干喜上上han"
454	翰	9	han	han7	7	十五音聲調	下去	"7-1-3453 翰0009 han""# 2-14 干喜下去han'"
454	野	1	han	han2	2	十五音聲調	上上	"7-3-1913 野0001 han"" 2-5 于喜上上han"""
454	爆	2	lan	lan7	7	十五音聲調	下去	"7-3-1257 爆0002 lan"" 2-12 干柳下去[lan'"
454	讀	20	kan	kan3	3	十五音聲調	上去	"5-3-499 读0020 kan""# 2-6 干求上去kan"""
454	雁	12	gan	gan7	7	十五音聲調	下去	"6-1-172 雁0012 gan""# [2-12 千语下去gan"
454	晏	12	an	an3	3	十五音聲調	上去	"1-1137 晏0012 an""# 2-7 于英上去]an'"
454	彥	7	gan	gan7	7	十五音聲調	下去	"3-1765 彦0007 gan"" 2-12 干語下去lgan"
454	信	1	gien	gien7	7	十五音聲調	下去	"7-3-5749 信0001 gien""# 2-14 干语下去|gan +an→7"
454	修	2	gan	gan7	7	十五音聲調	下去	6-2-961 修0002 gan* [2-12 于语下去gan
454	載	33	cien	tsien3	3	十五音聲調	上去	"5-8-90 载0033 cien""# 1-29 暨鲁上去|cien"
454	晨	6	sien	sien3	3	十五音聲調	上去	"7-2-4421 晨0006 sien""# 1-29 坚時上去sien"
454	擅	4	sien	sien7	7	十五音聲調	下去	"7-2-6249 擅0004 sien"" 1-38 坚時下去|sien"
454	喜	1	sien	sien7	7	十五音聲調	下去	"喜0001 sien"" [1-38 整時下去|sien"
454	潭	5	sien	sien7	7	十五音聲調	下去	"1-756 潭0005 sien""# 1-38 整時下去]sien"
454	退	3	pien	pien3	3	十五音聲調	上去	"7-1-323 退0003 pien"" 1-28 暨逐上去pien"
454	律	2	pien	pien3	3	十五音聲調	上去	"6-8-2246 律0002 pien"" 1-28 整逐上去pien"
454	片	6	phien	phien3	3	十五音聲調	上去	"5-12-543 片0006 phien'"" 1-29 娶颇上去lphien"
454	貧	3	tien	tien7	7	十五音聲調	下去	"7-1-18 贫0003 tien""# 1-37 娶地下去tien"
454	段	6	tien	tien7	7	十五音聲調	下去	"段0006 tien""# 1-37 整地下去[tien"
454	鋁	1	tien	tien7	7	十五音聲調	下去	"7-2-6801 铝0001 tien""# 1-37 墅地下去tien"
454	筆	6	tien	tien7	7	十五音聲調	下去	"7-1-106 笔0006 tien""# 1-37 暨地下去|tien"
454	見	227	kien	kien3	3	十五音聲調	上去	"6-10-1398 見0227 kien""# 1-28 坚求上去[kien"""
454	碳	4	hien	hien7	7	十五音聲調	下去	"7-3-3625 碳0004 hien""# 1-39 坚喜下去hien"
454	萬	16	cien	tsien3	3	十五音聲調	上去	"7-2-2429 萬0016 cien""# 1-29 壁鲁上去|cien"
454	倩	1	chan	tshan3	3	十五音聲調	上去	"5-3-164 倩0001 chan"" 1-31 娶出上去|chien"" -→ien"
454	蓓	1	chan	tshan3	3	十五音聲調	上去	"7-2-4055 蓓0001 chan"" 1-31 暨出上去chien →ien"
454	先	2	sien	sien3	3	十五音聲調	上去	"3-1481 先0002 sien"" 1-29 坚時上去[sien"" -+3"
454	宴	7	ien	ien3	3	十五音聲調	上去	"6-6-548 宴0007 ien""# 1-29 暨英上去lien"
454	蒸	16	ien	ien3	3	十五音聲調	上去	"7-2-3904 蒸0016 ien""# 1-29 英上去ien"
454	燕	1	ien	ien3	3	十五音聲調	上去	"2-852 燕0001 ien""# 1-29 坚英上去lien”"
455	見	17	hien	hien7	7	十五音聲調	下去	"5-3-609 见0017 hien""# 1-39 娶喜下去hien"
455	現	2	hien	hien7	7	十五音聲調	下去	"4-2895 現0002 hien"" 1-39 喜下去hien"
455	辣	4	lien	lien7	7	十五音聲調	下去	"7-1-1469 辣0004 lien""# 1-36 坠柳下去lien"
455	鎖	1	lien	lien7	7	十五音聲調	下去	"7-4-1359 锁0001 lien""# 1-36 墅柳下去lien"
455	姐	1	than	than4	4	十五音聲調	上入	"7-2-3478 姐0001 than"" 2-8 干地上入|tat"" -t-at-4"
455	捷	4	that	that4	4	十五音聲調	上入	"6-1-922 捷0004 that""# 2-8 干他上入that'"
455	蓬	56	tat	tat8	8	十五音聲調	下入	"4-1593 蓬0056 tat""# 2-16 干地下入tat'"
455	葛	18	kat	kat4	4	十五音聲調	上入	"6-2-537 葛0018 kat""# 2-8 干求上入[kat"""
455	薛	3	sat	sat4	4	十五音聲調	上入	"7-2-3792 薛0003 sat""# 2-9 干時上入sat'"
455	遇	2	at	at4	4	十五音聲調	上入	"7-3-1014 遇0002 at""# 2-9 干英上入lat'"
455	遇	3	hat	hat4	4	十五音聲調	上入	7-4-339 遇0003 hat' 2-10 干英上入lat'
455	築	2	at	at4	4	十五音聲調	上入	"6-2-171 筑0002 at""# 2-9 千英上入lat'"
455	喝	1	hat	hat4	4	十五音聲調	上入	"7-4-2207 喝0001 hat"" 2-10 干喜上入|hat"""
455	易	2	hat	hat4	4	十五音聲調	上入	"1-1174 易0002 hat"" 2-10 干喜上入|hat"""
455	褐	7	at	at4	4	十五音聲調	上入	"6-5-1123 褐0007 at""# 2-10 干喜上入hat"
455	要	1	khiet	khiet4	4	十五音聲調	上入	"7-3-2674 要0001 khiet"" 2-8 干求上入[kat' -k-at"
455	札	2	cat	tsat4	4	十五音聲調	上入	"7-4-151 札0002 cat""# 4-57 甘含上入|cap' -ap"
455	察	24	chat	tshat4	4	十五音聲調	上入	"4-3645 察0024 chat""# 2-9 出上入chat'"
455	設	70	sat	sat4	4	十五音聲調	上入	"5-12-696 设0070 sat""# 2-9 干时上入sat'"
455	揭	2	at	at4	4	十五音聲調	上入	"6-3-1043 揭0002 at"" 2-9 干英上入lat'"
455	別	15	piet	piet4	4	十五音聲調	上入	"7-2-5013 别0015 piet""# 1-31 坚逐上入piet'"
455	別	13	piet	piet8	8	十五音聲調	下入	"7-2-1408 别0013 piet""# 1-39 整逐下入lpiet'"
455	哲	4	thiet	thiet4	4	十五音聲調	上入	"4-3201 哲0004 thiet""# 1-31 整地上入[iet'"
455	微	11	thiet	thiet4	4	十五音聲調	上入	"5-3-29 微0011 thiet""# 1-32 坚他上入thiet"""
455	撤	3	thiet	thiet4	4	十五音聲調	上入	"5-10-374 撤0003 thiet""# 1-32 整他上入|thiet -4"
455	載	3	thiet	thiet8	8	十五音聲調	下入	"7-2-1001 载0003 thiet""# 1-40 整他下入thiet"
455	揭	2	khiet	khiet4	4	十五音聲調	上入	"7-1-4202 揭0002 khiet"" 1-31 坚求上入kiet"""
455	笨	22	kiet	kiet8	8	十五音聲調	下入	"6-12-2090 笨0022 kiet""# 1-39 坚求下入[kiet'"
455	俊	9	kiet	kiet8	8	十五音聲調	下入	"6-13-407 俊0009 kiet""# 1-39 坚求下入[kiet'"
455	渴	7	khat	khat4	4	十五音聲調	上入	"6-3-463 渴0007 khat"" 2-8 千去上入[khat'"
455	蒸	1	giet	giet8	8	十五音聲調	下入	"6-11-1276 蒸0001 giet""# 1-41 整语下入get'"
455	折	14	ciet	tsiet4	4	十五音聲調	上入	"7-3-2271 折0014 ciet""# 1-32 整鲁上入ciet'"
455	浙	1	ciet	tsiet4	4	十五音聲調	上入	"7-1-805 浙0001 ciet"" 1-32 整含上入ciet"
455	舌	14	siet	siet8	8	十五音聲調	下入	"5-12-379 舌0014 siet""# 1-41 娶时下入 siet'"
455	設	15	siet	siet4	4	十五音聲調	上入	"7-2-2508 設0015 siet""# 1-33 坚時上入[siet'"
455	列	10	liet	liet8	8	十五音聲調	下入	"5-16-95 列0010 liet""# 1-39 整柳下入[iet"
455	瀏	1	lieti	lieti8	8	十五音聲調	下入	7-3-4916 浏0001 lieti? 1-39 整柳下入[iet
455	烈	14	liet	liet8	8	十五音聲調	下入	"2-164 烈0014 liet""# 1-39 整柳下入[liet"
456	翠	2	liet	liet8	8	十五音聲調	下入	"7-3-880 翠0002 liet""# 1-39 整柳下入[iet"
456	熱	7	jiet	jiet8	8	十五音聲調	下入	"6-2-2010 热0007 jiet""# 1-41 坚入下入jiet"
456	婺	1	thik	thik4	4	十五音聲調	上入	"7-3-2530 婺0001 thik"" 1-32 坚他上入/thiet"" iet"
456	截	8	thiet	thiet4	4	十五音聲調	上入	"6-5-1310 截0008 thiet""# 1-32 坚他上入/thiet'"
456	送	3	biet	biet8	8	十五音聲調	下入	6-10-1010 送0003 1-40 坚地下入biet t-→iet
456	蒸	1	tiet	tiet8	8	十五音聲調	下入	"7-2-4860 蒸0001 tiet""# 1-40 暨地下入tiet"
456	埕	2	tiet	tiet8	8	十五音聲調	下入	"6-3-1576 埕0002 tiet'"" 1-40 坚地下入/tiet"
456	湟	1	liap	liap4	4	十五音聲調	上入	"7-3-1370 湟0001 liap""# 5-22 余柳上入liap"
456	涅	1	liap	liap4	4	十五音聲調	上入	5-17-336 涅0001 liap*”并 5-22 黛柳上入iap
456	拮	1	kiet	kiet4	4	十五音聲調	上入	"7-3-920 拮0001 kiet"" 1-31 坚去上入khiet"""
456	薦	1	iet	iet4	4	十五音聲調	上入	"7-3-3865 荐0001 iet'"" 1-31 坚求上入[kiet"
456	結	12	kiet	kiet4	4	十五音聲調	上入	"7-2-6703 结0012 kiet""# 1-31 暨求上入[kiet'"
456	潔	15	kiet	kiet4	4	十五音聲調	上入	2-836 潔0015 kiet# 1-31 坚求上入kiet'
456	桌	1	giet	giet8	8	十五音聲調	下入	7-3-3107 桌0001 giet'? 1-41 坚语下入giet
456	節	26	ciet	tsiet4	4	十五音聲調	上入	"5-8-232 節0026 ciet""# 1-32 整鲁上入|ciet'"
456	截	2	ciets	tsiets8	8	十五音聲調	下入	7-2-5545 截0002 ciet's 1-41 整會下入|ciet
456	房	6	siet	siet4	4	十五音聲調	上入	"6-3-2589 房0006 siet""# 441 姜時上入siak -→iak"
456	壹	2	iet	iet4	4	十五音聲調	上入	"7-3-3774 壹0002 iet""# 1-33 整英上入liet"
456	契	2	kiet	kiet8	8	十五音聲調	下入	"3-1454 契0002 kiet? 1-42 坚喜下入hiet"""
456	般	1	puan	puan1	1	十五音聲調	上平	"6-10-893 般0001 puan""# 2-85 7透上卒puan"
456	潘	5	phuan	phuan1	1	十五音聲調	上平	"7-1-3754 潘0005 phuan"" 2-86 7颂上平phuan"
456	婚	1	phuan	phuan1	1	十五音聲調	上平	"7-4-6106 婚0001 phuan"" 2-2 干上卒phan an"
456	般	2	puan	puan5	5	十五音聲調	下平	"6-14-1591 般0002 puan"" 2-97 7逐下平lpuan"
456	磐	1	phuan	phuan5	5	十五音聲調	下平	"7-2-667 磐0001 phuan"" 2-97 [翻逐下平puan'"
456	磅	1	phuan	phuan5	5	十五音聲調	下平	"2-529 磅0001 phuan"" 2-99 7喜下平huan -h"
456	璟	1	ban	ban5	5	十五音聲調	下平	"6-6-903 璟0001 ban""# 2-11 干阿下平ban"""
456	第	1	buan	buan5	5	十五音聲調	下平	"7-2-5716 第0001 buan"" 2-99 7用下平buan"
456	端	25	tuan	tuan1	1	十五音聲調	上平	"4 481 端0025 tuan""# 2-86 7地上平|tuan"
456	滿	1	chuan	tshuan1	1	十五音聲調	上平	"6-11-102 满0001 chuan"" 2-86 7他上平|thuan"
456	官	56	kuan	kuan1	1	十五音聲調	上平	"1-447 官0056 kuan""# 2-86 戳求上平kuan"
456	冠	24	kuan	kuan1	1	十五音聲調	上平	"6-10-61 冠0024 kuan""# 2-86 7求上平kuan"
456	棺	6	kuan	kuan1	1	十五音聲調	上平	"7-3-6326 棺0006 kuan""# 2-86 7求上平kuan"""
456	覺	14	khuan	khuan1	1	十五音聲調	上平	"5-3-679 觉0014 khuan""# 2-86 7去上卒khuan"
456	數	8	huan	huan1	1	十五音聲調	上平	"7-2-706 数0008  huan""# 2-88 翻喜上卒huan"
457	執	2	uan	uan5	5	十五音聲調	下平	2-833 执0002 uan' 2-98 靓英下平uan
457	禁	2	juan	juan5	5	十五音聲調	下平	"7-3-5397 禁0002 Juan"" 2-97 初柳下平[luan"
457	斑	2	pan	pan1	1	十五音聲調	上平	"7-3-4759 斑0002 pan"" [2-1 干逐上平pan"
457	預	4	pan	pan1	1	十五音聲調	上平	"7-4-3043 预0004 pan""# 2-1 干逐上卒pan"
457	璧	7	ban	ban5	5	十五音聲調	下平	"6-5-1997 璧0007 ban""# 2-11 于阿下卒ban"
457	頑	5	guan	guan5	5	十五音聲調	下平	"6-10-90 顽0005 guan"" 2-99 数下平guan"
457	號	1	uan	uan1	1	十五音聲調	上平	"7-1-4549 号0001 uan"" 2-87 歡英上平uan"
457	寰	1	khuan	khuan5	5	十五音聲調	下平	"7-3-6294 寰0001 khuan""# 2-99 祝喜下平huan -""h"
457	翼	10	huan	huan5	5	十五音聲調	下平	"6-4-30 翼0010 huan"" 2-99 靓喜下平huan"
457	遇	14	huan	huan5	5	十五音聲調	下平	"7-2-2762 遇0014 huan""# 2-99 额喜下卒|huan"
457	傅	32	thuan	thuan5	5	十五音聲調	下平	"6-8-1580 傅0032 thuan""# 2-98 親他下卒thuan"
457	橡	1	thuan	thuan5	5	十五音聲調	下平	"7-4-561 橡0001 thuan"" 2-98 毅他下卒thuan"
457	樓	6	kuan	kuan1	1	十五音聲調	上平	"6-11-31 楼0006 kuan""# 2-86 求上平kuan'"
457	拳	7	kuan	kuan5	5	十五音聲調	下平	"7-3-2821 拳0007 kuan""# 2-97 羲去下卒khuan -""kh"
457	槿	14	kuan	kuan5	5	十五音聲調	下平	"5-9-783 槿0014 kuan""# 2-97 双求下卒[kuan"
457	礙	1	cuan	tsuan1	1	十五音聲調	上平	"7-3-4606 碍0001 cuan"" 2-86 靓含上平|cuan"
457	穿	9	chuan	tshuan1	1	十五音聲調	上平	"7-3-3643 穿0009 chuan""# 2-88 舒出上卒chuan"
457	沿	3	suan	suan5	5	十五音聲調	下平	"7-4-1972 沿0003 suan""# 2-99 毅出下平suan"
457	潭	36	ien	ien1	1	十五音聲調	上平	"4-838 潭0036 ien""# 1-24 英上平ien"
457	歲	22	hien	hien5	5	十五音聲調	下平	"7-2-38 岁0022 hien""# 1-36 喜下平hien"
457	眩	1	hien	hien5	5	十五音聲調	下平	"4-2104 眩0001 hien""# 1-36 暨喜下卒hien"
457	瑟	9	hien	hien5	5	十五音聲調	下平	"7-1-1462 瑟0009 hien""# 1-36 聚喜下卒hien"
457	伴	1	phuan	phuan7	7	十五音聲調	下去	"7-1-3577 伴0001 phuan"" 2-101 激颜下去phuan"
457	滿	16	buan	buan2	2	十五音聲調	上上	"2-396 满0016 buan""# 2-90 門上上buan”"
457	短	14	tuan	tuan2	2	十五音聲調	上上	"2-180 短0014 tuan""# 2-$9 汉地上上tuan"
457	峨	2	luan	luan2	2	十五音聲調	上上	"7-1-2259 峨0002 luan""# 2-90 親柳上上uan"
458	短	6	luan	luan2	2	十五音聲調	上上	"6-1-1883 短0006 luan""# 2-90 数柳上上luan'"
458	管	42	kuan	kuan2	2	十五音聲調	上上	"7-1-4542 管0042 kuan""# 2-89 魏求上上[kuan"
458	款	6	khuan	khuan2	2	十五音聲調	上上	"7-2-3227 款0006 khuan""* 2-89 熱去上上khuan"
458	籟	1	can	tsan3	3	十五音聲調	上去	"4-1447 籁0001 can"" 2-7 干鲁上去|can"
458	算	9	suan	suan3	3	十五音聲調	上去	"7-1-2472 算0009 suan""# 2-93 靓时上去suan"
458	緩	5	uan	uan7	7	十五音聲調	下去	"7-3-3955 缓0005 uan""# 2-102 戳英下去|uan'"
458	浣	8	uan	uan2	2	十五音聲調	上上	"7-1-2160 浣0008 uan""# 2-90 熱英上上uan?"
458	板	1	pan	pan2	2	十五音聲調	上上	"7-1-1572 板0001 pan""# 2-3 干逐上上pan"
458	版	5	pan	pan2	2	十五音聲調	上上	"7-3-3614 版0005 pan""# 2-3 干逐上上pan"""
458	撰	2	cuan	tsuan7	7	十五音聲調	下去	"5-11-913 撰0002 cuan""# 2-101 7誉下去|cuan"
458	翼	3	cuan	tsuan7	7	十五音聲調	下去	"5-2-215 翼0003 cuan""# 2-101 7會下去|cuan"
458	價	2	han	han2	2	十五音聲調	上上	"3-501 價002 han"" 2-5 于喜上上han"
458	莞	2	uan	uan2	2	十五音聲調	上上	"5-17-118 莞0002 uan"" 2-90 截英上上|uan"
458	尊	7	cuan	tsuan2	2	十五音聲調	上上	"2-462 尊0007 cuan""# 2-89 7鲁上上|cuan”"
458	搭	1	kuan	kuan2	2	十五音聲調	上上	"7-4-2018 搭0001 kuan' 2-89 [避求上上[kuan"""
458	瑞	2	chuan	tshuan2	2	十五音聲調	上上	"7-4-4403 瑞0002 chuan""# 2-91 7出上上|chuan?"
458	躍	5	khien	khien2	2	十五音聲調	上上	"6-9-153 跃0005 khien"" 1-25 暨去上上khien"
458	犬	24	khien	khien2	2	十五音聲調	上上	"7-2-3326 犬0024 khien""# 1-25 暨去上上khien"
458	築	2	hien	hien5	5	十五音聲調	下平	"7-1-3088 筑0002 hien""# 1-36 医喜下平hien"
458	半	13	puan	puan3	3	十五音聲調	上去	"5-10-259 半0013 puan""# 2-91 靓遇上去puan"
458	判	3	phuan	phuan3	3	十五音聲調	上去	"7-1-3234 判0003 phuan""# 2-92 觀颂上去phuan"
458	澤	1	phuan	phuan3	3	十五音聲調	上去	"7-4-1046 泽0001 phuan""# 2-92 7類上去|phuan -3"
458	叛	3	phuan	phuan7	7	十五音聲調	下去	"2-911 叛0003 phuan"" 2-100 靓逻下去puan"
458	漫	1	ban	ban7	7	十五音聲調	下去	"7-2-4915 漫0001 ban"" 2-14 干阿下去[ban"
458	鍛	1	thuan	thuan3	3	十五音聲調	上去	"7-2-2682 锻0001 thuan"" 2-92 7他上去|thuan"
458	新	1	tuan	tuan3	3	十五音聲調	上去	"3-1740 新0001 tuan"": 2-92 7地上去|tuan"
458	冠	8	kuan	kuan3	3	十五音聲調	上去	"7-2-6505 冠0008 kuan"" 2-91 7求上去[kuan"""
458	寳	11	kuan	kuan3	3	十五音聲調	上去	"6-6-232 寳0011 kuan""# 2-91 7求上去[kuan"
458	館	11	kuan	kuan2	2	十五音聲調	上上	"6-12-400 館0011 kuan""# 2-89 7求上上[kuan"
458	灌	3	kuan	kuan3	3	十五音聲調	上去	"5-3-244 灌0003 kuan""# 2-91 7求上去[kuan”"
458	鶴	1	kuan	kuan3	3	十五音聲調	上去	"7-2-3249 鹤0001 kuan""# 2-91 7求上去kuan"
458	玩	1	guan	guan2	2	十五音聲調	上上	"4-98 玩0001 guan"" 2-90 歡語上上guan？"
458	賀	6	can	tsan3	3	十五音聲調	上去	"5-9-273 贺0006 can"" 2-92 7上去|cuan -*uan"
458	嬰	5	chuan	tshuan3	3	十五音聲調	上去	"6-5-1308 婴0005 chuan""# 2-93 翻出上去|chuan"
458	煲	2	huan	huan3	3	十五音聲調	上去	"7-4-2839 煲0002 huan""# 2-93 觀喜上去|huan"
458	煥	2	huan	huan3	3	十五音聲調	上去	"7-2 4734 焕0002 huan""# 2-93 靓喜上去huan"
458	換	2	huan	huan3	3	十五音聲調	上去	"743799 换0002 2 huan"" 2-93 7喜上去huan"
459	慢	7	ban	ban7	7	十五音聲調	下去	"5-20-272 慢0007 ban""# 2-14 于門下去ban"
459	資	1	kuan	kuan3	3	十五音聲調	上去	"7-3-4141 資0001 kuan"" 2-91 歡求上去kuan'"
459	復	3	chuan	tshuan3	3	十五音聲調	上去	"1-654 复0003 chuan""# 2-93 親出上去|chuan"
459	宦	7	huan	huan7	7	十五音聲調	下去	"7-1-3280 宦0007 huan""# 2-102 初喜下去huan'"
459	患	38	huan	huan7	7	十五音聲調	下去	"3-989 患0038 huan""# 2-102 教喜下去|huan"
459	家	1	huan	huan7	7	十五音聲調	下去	"6-11-1230 家0001 huan""# 2-102 额喜下去|huan"
459	楚	33	pien	pien3	3	十五音聲調	上去	"4-673 楚0033 pien""# 1-28 暨逐上去pien"
459	下	3	pien	pien7	7	十五音聲調	下去	"5-14-296 下0003 pien"" 1-37 暨透下去pien"
459	傅	16	tuan	tuan7	7	十五音聲調	下去	"3-1128 傅0016 tuan""# 2-101 数地下去|tuan'"
459	谷	6	kuan	kuan3	3	十五音聲調	上去	"7-4-139 谷0006 kuan""# 2-91 避求上去kuan"""
459	春	1	kuan	kuan3	3	十五音聲調	上去	"7-2-6943 春0001 kuan""# 2-91 靓求上去kuan”"
459	佬	8	kuan	kuan7	7	十五音聲調	下去	"5-7-34 佬0008 kuan""# 2-101 毅求下去kuan"
459	緩	1	uan	uan7	7	十五音聲調	下去	"7-2-3390 缓0001 uan""# 2-102 歡英下去|uan"
459	援	13	uan	uan7	7	十五音聲調	下去	"6-7-1740 援0013 uan""# 2-102 毅英下去|uan"
459	院	2	inn	inn7	7	十五音聲調	下去	"7-4-1212 院0002 inn""# 7-51 距英下去inn"
459	蝟	2	kuan	kuan3	3	十五音聲調	上去	"5-13-805 猬0002 kuan"" 2-91 汉求上去kuan"
459	攝	3	kuan	kuan3	3	十五音聲調	上去	"6-14-1791 摄0003 kuan"" 2-91 毅求上去kuan"
459	絢	2	hien	hien3	3	十五音聲調	上去	"5-3-173 绚0002 hien"" 1-30 整喜上去|hien"
459	炫	3	hien	hien5	5	十五音聲調	下平	"7-2-2143 炫0003 hien"" 1-36 整喜下卒|hien"
459	照	9	hien	hien7	7	十五音聲調	下去	"2-500 照0009 hien""# 1-39 暨喜下去hien"
459	第	2	puah	puah4	4	十五音聲調	上入	"7-4-3243 第0002 puah""# 4-72 瓜逐上入[puah'"
459	踐	1	puatc	puatts8	8	十五音聲調	下入	7-1-1220 践0001 puat'c 2-103 逐下入puat
459	未	21	buat	buat8	8	十五音聲調	下入	"3-104 未0021 buat""# 2-104 羲門下入[buat"""
459	妹	1	mai	mai8	8	十五音聲調	下入	"7-2-3473 妹0001 mai"" 2-104 数肥下入buat' -*b-uat->8"
459	抹	1	buah	buah4	4	十五音聲調	上入	"7-3-2627 抹0001 buah"" 4-74 瓜上入buah"
459	李	20	tuat	tuat8	8	十五音聲調	下入	"6-1-126 李0020 tuat""# 2-103 靓地下入[tuat'"
459	括	3	kuat	kuat4	4	十五音聲調	上入	"6-14-1181 括0003 kuat""# 2-94 靓求上入[kuat'"
459	適	3	kuat	kuat4	4	十五音聲調	上入	"5-14-102 适0003 kuat""# 2-94 激求上入kuat'"
459	攝	2	chuat	tshuat4	4	十五音聲調	上入	"1-505 摄0002 chuat"" 2-96 出上入chuat"
459	活	5	huat	huat8	8	十五音聲調	下入	"6-3-1854 活0005 huat""# 2-105 汉喜下入|huat"
459	八	46	pat	pat4	4	十五音聲調	上入	"5-8-4 八0046 pat""# 2-8 干逐上入[pat"
459	找	7	puat	puat8	8	十五音聲調	下入	6-13-1337 找0007 puat 2-103 歡退下入/puat
460	段	3	tuat	tuat4	4	十五音聲調	上入	"1-1026 段0003 tuat""# 2-95 戳地上入|tuat'"
460	稅	1	cuat	tsuat4	4	十五音聲調	上入	"5-5-525 税0001 cuat""# 2-95 7鲁上入cuat'"
460	款	2	chuat	tshuat4	4	十五音聲調	上入	"6-13-2413 款0002 chuat""# 2-96 觀出上入|chuat"""
460	暇	2	chuat	tshuat4	4	十五音聲調	上入	"6-7-2208 暇0002 chuat"" 2-96 税出上入chuat"""
460	説	27	suat	suat4	4	十五音聲調	上入	"5-3-258 説0027 suat""# 2-96 歡時上入[suat'"
460	劣	2	luat	luat4	4	十五音聲調	上入	"7-2-6154 劣0002 luat"" 2-94 柳上入[luat'"
460	決	10	kuat	kuat4	4	十五音聲調	上入	"6-13-2418 决0010 kuat""# 2-94 歡求上入[kuat"
460	血	13	hiet	hiet4	4	十五音聲調	上入	"6-12-1496 血0013 hiet""# 1-33 坚喜上入/hiet"
460	穴	5	hiet	hiet8	8	十五音聲調	下入	"7-3-4839 穴0005 hiet""# 1-42 坚喜下入/hiet"
460	妾	6	poo	poo1	1	十五音聲調	上平	"7-3-4701 妾0006 poo""# 3-67 高逐上平po"
460	抱	7	phau	phau5	5	十五音聲調	下平	"7-2-7072 抱0007 phau""# 5-41 交逐下平lpau p-5"
460	毛	22	moo	moo5	5	十五音聲調	下平	"4-1666 毛0022 moo0""# 8-77 扛下卒boonn b-0onn"
460	筆	2	mo	mo5	5	十五音聲調	下平	"7-2-6593 笔0002 mo0""# 8-77 江胃下卒boonn →b-*00nn"
460	旅	4	moo	moo5	5	十五音聲調	下平	"6-2-218 旅0004 moo"" 8-77 江用下卒boonn -→b-→0onn"
460	洛	2	tho	tho1	1	十五音聲調	上平	"5-18-245 洛0002 tho"" 3-68 高他上平|tho"
460	輪	1	tho	tho1	1	十五音聲調	上平	"7-1-4121 轮0001 tho""# 3-68 高他上平|tho"
460	婆	1	tho	tho1	1	十五音聲調	上平	"7-3-2529 婆0001 tho"" 3-69 高喜上卒ho -h"
460	菱	1	to	to5	5	十五音聲調	下平	"5-18-555 菱0001 to"" 3-78 高地下卒|t0"
460	桃	17	tho	tho5	5	十五音聲調	下平	"7-4-5715 桃0017 tho""# 3-78 高他下卒|tho*"
460	送	5	to	to5	5	十五音聲調	下平	"6-3-601 送0005 to""# 3-78 高地下平[t0"
460	陶	16	to	to5	5	十五音聲調	下平	"6-9-488 陶0016 to""# 3-78 高地下平t0°"
460	萄	1	tho	tho5	5	十五音聲調	下平	"7-3-2386 萄0001 tho""* 3-78 高地下至/t0°"
460	遊	1	to	to5	5	十五音聲調	下平	7-2-2800 游0001 to3 3-78 高地下平|to°
460	棟	2	to	to5	5	十五音聲調	下平	"6-8-840 栋0002 to"" 3-78 高地下平[t0 -5"
460	淘	1	to	to5	5	十五音聲調	下平	"6-5-516 淘0001 to""# 3-78 高地下平|to°"
460	桑	1	jius	jius5	5	十五音聲調	下平	744657 桑001 jiu's 3-77 高柳下平[10° 10
460	阜	5	ko	ko1	1	十五音聲調	上平	"7-1-826 阜0005 ko""# 3-67 高求上平[ko'"
460	羔	6	ko	ko1	1	十五音聲調	上平	"5-11-706 羔0006 ko""# 3-67 高求上平o"
460	高	77	ko	ko1	1	十五音聲調	上平	"5-9-272 高0077 ko""# 3-67 高求上平ko"
460	育	8	ko	ko1	1	十五音聲調	上平	"7-1-2220 育0008 ko"" 3-67 高求上平ko"
460	棉	1	ko	ko1	1	十五音聲調	上平	"7-3-3866 棉0001 ko"" 3-67 高求上平ko"
460	敖	7	ngoo	ngoo5	5	十五音聲調	下平	"6-8-1389 敖007 ngoo""# 3-80 高语下卒go g-0"
460	邀	1	ngoo	ngoo5	5	十五音聲調	下平	"7-1-1590 邀0001 ngoo"" 3-79 高語下平[go° -g-0-5"
460	熱	1	ngoo	ngoo5	5	十五音聲調	下平	"7-4-1136 热0001 ngoo"" 3-80 高語下平go° g-0"
460	遵	3	bco	btso1	1	十五音聲調	上平	"1-872 遵0003 B co"" 3-68 高鲁上平co"
461	稽	3	co	tso1	1	十五音聲調	上平	"7-3-2742 稽0003 co""# 3-68 离含上平co"
461	萬	1	ko	ko1	1	十五音聲調	上平	"7-4-2928 万0001 ko"" 3-69 高喜上平ho -*h-1"
461	毫	3	ho	ho5	5	十五音聲調	下平	"7-4-845 毫0003 ho""# 3-80 高喜下卒ho"
461	號	3	ho	ho5	5	十五音聲調	下平	"6-9-22 號0003 ho""# 3-80 高喜下卒ho --33"
461	蒙	12	ho	ho5	5	十五音聲調	下平	"7-3-2696 蒙0012 ho""# 3-80 高喜下卒ho"
461	牢	6	l	l5	5	十五音聲調	下平	"7-4-2651 牢0006 l0""# 3-77 高柳下平[10"
461	勢	28	lo	lo5	5	十五音聲調	下平	"5-2-209 势0028 lo""# 3-77 高柳下平10"
461	移	3	kau	kau5	5	十五音聲調	下平	"7-3-2394 移0003 kau""# 3-77 高柳下平[10 11-0-5"
461	疤	5	pau	pau5	5	十五音聲調	下平	"7-3-1860 疤0005 pau""# 541 交透下至pau"
461	炮	1	phau	phau5	5	十五音聲調	下平	7-3-2941 炮0001 phau' 5-41 交透下卒pau -p-5
461	茅	9	mau	mau5	5	十五音聲調	下平	"6-5-512 茅0009 mau""# 8-65 交門下卒[baunn° +b-aunn"
461	蜜	1	mau	mau5	5	十五音聲調	下平	"7-3-4156 蜜0001 mau'"" 8-65 交胃下卒baunn b-aunn"
461	拋	1	phau	phau1	1	十五音聲調	上平	"7-3-4605 抛0001 phau"" 5-33 交頭上卒phau"
461	交	41	kau	kau1	1	十五音聲調	上平	"3-473 交0041 kau""# 5-32 交求上平kau'"
461	咬	1	ka	ka1	1	十五音聲調	上平	"7-2-6041 咬0001 ka"" 5-32 交求上卒[kau' →au-1"
461	郊	8	kau	kau1	1	十五音聲調	上平	"6-2-1086 郊0008 kau""# 5-32 交求上卒[kau'"
461	較	3	kau	kau1	1	十五音聲調	上平	"7-4-4920 较0003 kau""# 5-32 交求上卒kau"
461	修	6	kau	kau1	1	十五音聲調	上平	"7-3-1087 修0006 kau"" 5-32 交求上平[kau'"
461	敲	5	khau	khau1	1	十五音聲調	上平	"7-1-2522 敲0005 khau""# 5-32 交去上卒khau"
461	琥	2	khau	khau1	1	十五音聲調	上平	"6-11-978 琥0002 khau""# 5-32 交去上卒khau"
461	巢	10	cau	tsau5	5	十五音聲調	下平	"6-6-1744 巢0010 cau""# 5-42 交含下卒cau"
461	咚	4	hau	hau1	1	十五音聲調	上平	"6-14-1856 咚0004 hau"" 5-34 交喜上卒hau"
461	餚	1	ngau	ngau5	5	十五音聲調	下平	"7-3-5442 肴0001 ngau' S-65 交书下卒gaunn -'g-""aunn"
461	苗	14	biau	biau5	5	十五音聲調	下平	"3-1113 苗0014 biau""# 3-31 門下卒biau"
461	貓	2	biau	biau5	5	十五音聲調	下平	"7-4-4049 猫0002 biau'"" 3-31 婚门下平biau"
461	晃	1	tiau	tiau7	7	十五音聲調	下去	"7-4-261 晃0001 tiau"" 3-33 嫣地下去iau"
461	朝	65	tiau	tiau5	5	十五音聲調	下平	"7-4-1771 朝0065 tiau""# 3-30 地下卒iau"
461	超	11	chiau	tshiau1	1	十五音聲調	上平	"7-3-5347 超0011 chiau""# 3-19 露他上平thiau -th"
461	嫣	5	kiau	kiau1	1	十五音聲調	上平	"7-2-3133 嫣0005 kiau""# 3-18 求上平kiau"
461	黔	11	kiau	kiau1	1	十五音聲調	上平	"4-3175 黔0011 kiau""# 3-18 婚求上平kiau"
462	橘	9	kiau	kiau5	5	十五音聲調	下平	"7-1-1674 橘0009 kiau""# 3-29 嫣求下卒kiau"
462	蟠	6	khiau	khiau1	1	十五音聲調	上平	7-1-1006 蟠0006 3-18 婚去上卒khiau -kh→1
462	招	18	ciau	tsiau1	1	十五音聲調	上平	"2-752 招0018 ciau""# 3-19 婚鲁上平ciau"
462	昭	16	ciau	tsiau1	1	十五音聲調	上平	"4-3877 昭0016 ciau""# 3-19 婚誉上平|ciau'"
462	燒	4	siau	siau1	1	十五音聲調	上平	"7-2-5103 烧0004 Siau"" 3-20 婚時上平[siau'"
462	天	6	iau	iau1	1	十五音聲調	上平	"3-1335 天0006 iau""# 3-20 婚英上平iau"
462	妖	2	iau	iau1	1	十五音聲調	上平	"7-4-3888 妖0002 iau""# 3-20 婚英上平iau"
462	鏡	2	jiau	jiau5	5	十五音聲調	下平	"7-1-932 镜0002 jiau"" 3-31 嫣入下卒jiau"
462	莞	1	giaus	giaus5	5	十五音聲調	下平	6-2-432 莞0001 giau's 3-31 婚语下平giau
462	調	2	tiau	tiau1	1	十五音聲調	上平	"2-768 调0002 tiau""# 3-18 矮地上平[iau"
462	影	2	tiau	tiau1	1	十五音聲調	上平	"6-2-1849 影0002 tiau"" 3-18 嫣地上卒liau"
462	貂	2	tiau	tiau1	1	十五音聲調	上平	"7-4-4201 貂0002 tiau""# 3-18 矮地上平tiau"
462	送	3	ftiau	ftiau1	1	十五音聲調	上平	"5-5-309 送0003 ftiau"" 3-18 婚地上平iau"
462	侯	8	tiau	tiau5	5	十五音聲調	下平	"2-760 侯0008 tiau""# 3-30 婚地下平iau"
462	梟	2	hiau	hiau1	1	十五音聲調	上平	"7-3-2082 枭0002 hiau""# 3-21 婿喜上卒hiau"
462	邀	3	hiau	hiau1	1	十五音聲調	上平	"7-2-5649 邀0003 hiau"" 3-21 婚喜上平hiau"
462	微	2	hiau	hiau1	1	十五音聲調	上平	"5-17-972 微0002 hiau""# 3-21 婚喜上卒|hiau"
462	競	83	giau	giau5	5	十五音聲調	下平	"6-6-739 竞0083 giau""# 3-31 婚語下卒giau"
462	離	1	siau	siau1	1	十五音聲調	上平	"7-2-3356 离0001 siau""# 3-20 婚时上卒|siau"
462	麼	1	boo	boo1	1	十五音聲調	上平	"7-3-1480 么0001 boo"" 3-20 嫣英上平iau +0-→iau"
462	聊	2	liau	liau5	5	十五音聲調	下平	7-2-2464 聊0002 liau'? 3-29 婚柳下平liau
462	使	2	liau	liau5	5	十五音聲調	下平	"7-1-3437 使0002 liau""# 3-29 婚柳下平[liau'"
462	寒	2	liau	liau5	5	十五音聲調	下平	"2-736 寒0002 liau""# 3-29 嫣柳下平liau'"
462	滾	1	liau	liau5	5	十五音聲調	下平	"7-4-348 滚0001 liau"" 3-29 婚柳下平[liau"
462	賽	3	liau	liau5	5	十五音聲調	下平	"5-14-1017 赛0003 liau""# 3-29 嫣柳下平[iau"
462	遮	4	liau	liau5	5	十五音聲調	下平	1-763 遮0004 liau'3 3-29 娇柳下卒liau'
462	婷	2	liau	liau5	5	十五音聲調	下平	7-3-2068 婷0002 liau'? 3-29 婚柳下卒liau
462	保	24	po	po2	2	十五音聲調	上上	"1-888 保0024 po""# 3-70 高逐上上po”"
462	深	1	po	po2	2	十五音聲調	上上	7-2-6586 深0001 po' 3-70 高途上上po
462	寳	29	po	po2	2	十五音聲調	上上	"2-236 寳0029 po""# 3-70 高透上上po?"
462	抱	8	phau	phau7	7	十五音聲調	下去	"7-1-4411 抱0008 phau'"" 5-44 交頭下去|phau'"
462	娟	1	moo	moo7	7	十五音聲調	下去	"3-1799 娟0001 moo"" 8-79 扛下去boonn -*b->0onn"
462	揭	1	to	to2	2	十五音聲調	上上	"7-2-3343 揭0001 to"" 3-71 高地上上|to²"
462	薛	5	to	to2	2	十五音聲調	上上	"5-7-812 薛0005 to""# 3-71 高地上上to”"
462	時	5	tho	tho2	2	十五音聲調	上上	"6-12-1453 时0005 tho""# [3-71 高他上上tho?"
463	道	375	to	to7	7	十五音聲調	下去	"1-21 道0375 to""# 3-81 高地下去to"
463	稻	3	to	to7	7	十五音聲調	下去	"5-17-778 稻0003 to""# 3-81 高地下去|to"
463	慄	1	ko	ko2	2	十五音聲調	上上	"7-3-6474 栗0001 ko"" 3-70 高求上上k0"
463	榮	1	ko	ko2	2	十五音聲調	上上	"7-2-1171 荣0001 ko"" 3-70 高求上上k0"
463	吳	2	ko	ko2	2	十五音聲調	上上	"7-2-5995 吴0002 ko"" 3-70 高求上上ko”"
463	稿	1	ko	ko2	2	十五音聲調	上上	"7-3-6315 稿0001 ko""# 3-70 高求上上k0"
463	案	1	ko	ko2	2	十五音聲調	上上	"2-482 案0001 ko"" 3-70 高求上上k0"
463	考	15	kho	kho2	2	十五音聲調	上上	"7-2-32 考0015 kho""# 3-71 高去上上kho*"
463	稿	5	ko	ko2	2	十五音聲調	上上	"7-4-5825 稿0005 ko""# 3-70 高求上上k0"
463	早	5	co	tso2	2	十五音聲調	上上	"7-4-5719 早0005 co""# 3-71 高鲁上上co"
463	蛋	3	co	tso2	2	十五音聲調	上上	"7-3-5430 蛋0003 co""# 3-71 高含上上co"
463	瓷	7	co	tso2	2	十五音聲調	上上	"6-14-1672 瓷0007 co""# 3-71 高含上上co*"
463	藻	2	co	tso2	2	十五音聲調	上上	"7-4-6347 藻0002 co"" 3-71 高含上上co"
463	草	32	cho	tsho2	2	十五音聲調	上上	"5-12-713 草0032 cho""# 3-72 高出上上cho*"
463	自	1	co	tso7	7	十五音聲調	下去	"7-1-3386 自0001 co"" 3-82 高鲁下去|co°"
463	造	25	co	tso7	7	十五音聲調	下去	"1-882 造0025 co""# 3-82 高含下去co'"
463	嫂	8	so	so2	2	十五音聲調	上上	"6-9-471 嫂0008 so""# 3-72 高时上上[s0"
463	照	1	un	un2	2	十五音聲調	上上	"7-2-3622 照0001 un""# 5-36 交英上上au -au-2"
463	好	21	hoonn	hoonn2	2	十五音聲調	上上	"5-19-652 好0021 hoonn""# 8-71 扛喜上上hoonn [-h-0onn"
463	昊	1	ho	ho7	7	十五音聲調	下去	"7-1-2836 昊0001 ho"" 3-83 高喜下去|ho'"
463	浩	9	ho	ho7	7	十五音聲調	下去	"7-2-6730 浩0009 ho""# 3-83 高喜下去|ho"
463	號	3	ho	ho7	7	十五音聲調	下去	"7-1-1867 号0003 ho""# 3-83 高喜下去ho'"
463	源	1	ho	ho7	7	十五音聲調	下去	"1-1065 源0001 ho""# 3-83 高喜下去|ho'"
463	老	75	lo	lo2	2	十五音聲調	上上	"1-1053 老0075 lo""# 3-70 高柳上上[10"
463	濠	3	lo	lo2	2	十五音聲調	上上	"6-3-1582 濠0003 3lo""# 3-70 高柳上上[103"
463	鮑	20	pau	pau2	2	十五音聲調	上上	"5-1-396 鲍0020 pau""# 5-34 交退上上pau"
463	攜	2	nau	nau2	2	十五音聲調	上上	"6-3-598 携0002 nau""# 8-61 交柳上上launn -}→aunn"
463	姣	3	kau	kau2	2	十五音聲調	上上	"6-11-1146 姣0003 kau"" 5-35 交求上上kau"
463	狡	2	kau	kau2	2	十五音聲調	上上	"7-3-2077 狡0002 kau"" 5-35 交求上上kau"""
463	較	2	kau	kau2	2	十五音聲調	上上	"5-8-53 较0002 kau""# 5-35 交求上上kau"
463	瓜	3	jiau	jiau2	2	十五音聲調	上上	"7-2-6430 瓜0003 jiau""# 3-23 腾入上上jiau"
463	表	7	piau	piau2	2	十五音聲調	上上	"7-2-2176 表0007 piau""# 3-22 婚逻上上piau"
463	孕	1	phiau	phiau2	2	十五音聲調	上上	"6-14-1149 孕0001 phiau""# 3-22 透逸上上piau"
463	學	4	phiau	phiau2	2	十五音聲調	上上	"6-1-643 学0004 phiau""# 3-22 竭遇上上piau"
463	兆	9	tiau	tiau7	7	十五音聲調	下去	"7-2-4595 兆0009 tiau""# 3-33 婚地下去tiau"
463	超	17	tio	tio7	7	十五音聲調	下去	"5-14-265 超0017 tio""# 7-36 茄地下去ti0"
463	沼	5	ciau	tsiau2	2	十五音聲調	上上	"6-1-168 沼0005 ciau"" 3-23 周合上上ciau"
463	少	15	siau	siau2	2	十五音聲調	上上	"6-1-379 少0015 siau""# 3-23 婚時上上siau"
464	紹	2	siau	siau7	7	十五音聲調	下去	6-6-1191 绍0002 siau 13-33 嫣時时下去 siau'
464	躍	1	iau	iau2	2	十五音聲調	上上	"6-13-35 跃0001 iau'"" 3-23 嫣英上上iau' -2"
464	授	4	jiau	jiau2	2	十五音聲調	上上	"5-17-175 授0004 jiau""# 3-23 入上上jiau”"
464	巍	2	jiau	jiau2	2	十五音聲調	上上	7-3-4232 巍0002 jiau' 3-23 婚入上上jiau -2
464	遵	1	jiau	jiau2	2	十五音聲調	上上	"74341 遵0001 jiau"" 3-23 婚入上上iau"
464	島	22	niau	niau2	2	十五音聲調	上上	"3-414 岛0022 niau""# 8-44 穿柳上上liaunn -↓-iaunn"
464	萬	1	niau	niau2	2	十五音聲調	上上	"7-2-4316 萬0001 niau"" 8 44 桑柳上上liaunn -}-→iaunn→2"
464	皎	3	kiau	kiau2	2	十五音聲調	上上	"7-2-4092 皎0003 kiau""# 3-22 婚求上上[kiau'"
464	繳	1	kiau	kiau2	2	十五音聲調	上上	"5-3-597 缴0001 kiau"" [3-22 嫣求上上kiau"
464	餃	1	kaus	kaus7	7	十五音聲調	下去	6-4-1315 饺0001 kau's 5-45 交喜下去hau' h-7
464	查	1	biaus	biaus2	2	十五音聲調	上上	2-647 查0001 biau's 3-23 婚用上上biau
464	了	3	liaus	liaus2	2	十五音聲調	上上	7-2-3004 了0003 liaus 3-21 竭柳上上[liau
464	擦	1	liau	liau2	2	十五音聲調	上上	"7-2-1616 擦0001 liau"" 3-21 婚柳上上[iau'"
464	滾	1	liau	liau2	2	十五音聲調	上上	"6-7-1648 滚0001 liau"" 3-21 露柳上上liau"
464	燎	2	liau	liau2	2	十五音聲調	上上	"7-1-4111 燎0002 liau""# 3-21 婚柳上上[liau?"
464	琴	1	liau	liau2	2	十五音聲調	上上	"7-4-5905 琴0001 liau""# [3-21 婚柳上上[liau"
464	轂	18	po	po3	3	十五音聲調	上去	"6-12-897 毂0018 8  po""# 3-73 高逻上去po°"
464	暴	26	pok	pok7	7	十五音聲調	下去	"6-2-8 暴0026 pok""# 3-81 高逐下去po° 1017"
464	冒	2	moo	moo7	7	十五音聲調	下去	"7-2-3604 冒0002 moo""! 8-79 扛門下去boonn →b→0onn"
464	筆	1	mo	mo7	7	十五音聲調	下去	"7-2-4864 笔0001 mo0""# 8-79 扛門下去boonn →b→00→7"
464	渭	3	boonn	boonn7	7	十五音聲調	下去	7-2-6968 渭0003 #.00 8-79 扛下去[boonn →b-→0onn
464	耗	2	mo	mo7	7	十五音聲調	下去	"7-2-4764 耗0002 mo0""# 8-79 扛下去[boonn →b→00nn→7"
464	到	7	to	to3	3	十五音聲調	上去	"3-800 到0007 to""# 3-73 高地上去to"
464	盜	14	to	to7	7	十五音聲調	下去	"2-908 盗0014 to""# 3-81 高地下去t0"
464	路	4	to	to7	7	十五音聲調	下去	"4-585 路0004 to"" 3-81 高地下去|to'"
464	告	72	ko	ko3	3	十五音聲調	上去	"5-5-560 告0072 ko""# 3-73 高求上去ko"""
464	稿	1	kho	kho3	3	十五音聲調	上去	"7-3-223 稿0001 kho' 3-73 高去上去kho"""
464	傲	2	ngoo	ngoo7	7	十五音聲調	下去	"7-3-1171 傲0002 ngoo""# 3-82 高語下去|go°"
464	竈	1	co	tso3	3	十五音聲調	上去	"5-3-312 灶0001 co""# 3-74 高鲁上去|co"""
464	躁	1	cho	tsho3	3	十五音聲調	上去	"5-16-474 躁0001 cho""# 3-74 高时上去[s0°"
464	造	2	cho	tsho3	3	十五音聲調	上去	"54-119 造0002 cho"" 3-74 高出上去|cho"
464	操	12	cho	tsho3	3	十五音聲調	上去	"2-404 操0012 cho""# 3-74 高出上去|cho"
464	造	2	cho	tsho3	3	十五音聲調	上去	"41048 造0002 Cho"" 3-74 高出上去|cho"
464	據	3	so	so3	3	十五音聲調	上去	"5-19-294 据0003 so""# 3-74 高時上去|s0°"
464	好	138	hoonn	hoonn3	3	十五音聲調	上去	"3-1529 好0138 hoonn""# 8-73 扛喜上去hoonn -h-→00nn"
464	號	59	ho	ho7	7	十五音聲調	下去	"74-5697 號0059 ho""# 3-83 高喜下去|ho'"
465	豹	7	pa	pa3	3	十五音聲調	上去	"6-6-1904 豹0007 pa""# 6-34 膠逐上去pa"
465	貌	15	mau	mau7	7	十五音聲調	下去	6-8-1795 貌0015 mau' 8-67 父下去baunn -b-aunn
465	校	3	kau	kau3	3	十五音聲調	上去	"5-8-202 校0003 kau""# 5-37 交求上去kau"
465	教	76	kau	kau3	3	十五音聲調	上去	"1-15 教0076 kau""# 5-37 交求上去kau"
465	窖	3	kau	kau3	3	十五音聲調	上去	"7-4-281 窖0003 kau""# 5-37 交求上去kau"
465	較	1	kau	kau3	3	十五音聲調	上去	"7-2-6006 较0001 kau""! 5-37 交求上去|kau"
465	楽	11	ngau	ngau7	7	十五音聲調	下去	"3-980 楽0011 ngau""# 8-67 父語下去gaunn' ""g-""aunn"
465	孝	78	hau	hau3	3	十五音聲調	上去	"3-463 孝0078 hau""# 5-39 交喜上去hau"
465	效	15	hau	hau7	7	十五音聲調	下去	"7-1-337 效0015 hau""# 5-45 交喜下去hau"
465	校	6	hau	hau7	7	十五音聲調	下去	"6-5-777 校0006 hau""# 5-45 交喜下去|hau"
465	蔣	23	biau	biau7	7	十五音聲調	下去	"2-976 蒋0023 biau""# 3-34 婚門下去biau"
465	召	22	tiau	tiau7	7	十五音聲調	下去	"7-2-2830 召0022 tiau""# 3-33 嫣地下去|tiau'"
465	照	7	ciau	tsiau3	3	十五音聲調	上去	"2-960 照0007 ciau""# 3-25 矮鲁上去|ciau"
465	韶	2	ciau	tsiau3	3	十五音聲調	上去	"7-4-671 韶0002 ciau""# 3-25 婚曾上去ciau"
465	少	16	siau	siau3	3	十五音聲調	上去	"6-9-273 少0016 siau""# 3-26 阅時上去[siau"
465	召	4	siau	siau7	7	十五音聲調	下去	"5-14-464 召0004 siau'"" 3-33 婚時下去|siau"
465	鄂	1	siau	siau7	7	十五音聲調	下去	"7-2-1592 邵鄂0001 siau"" 3-33 媽時下去siau"
465	勁	1	siau	siau7	7	十五音聲調	下去	"2-968 劲0001 siau""# 3-33 矮時下去siau'"
465	瘀	2	liaus	liaus5	5	十五音聲調	下平	7-3-5601 瘀0002 liau's 3-29 婚柳下平iau
465	串	18	tiau	tiau3	3	十五音聲調	上去	"5-10-284 串0018 tiau""# 3-25 婚地上去tiau"
465	約	4	tiau	tiau3	3	十五音聲調	上去	"2-928 约0004 tiau""# 3-25 婚地上去|iau"
465	既	1	thiau	thiau3	3	十五音聲調	上去	"2-984 既0001 thiau""# 3-25 矮他上去|thiau -3"
465	斑	1	khiau	khiau3	3	十五音聲調	上去	"7-2-6299 斑0001 khiau'? 3-25 矮去上去khiau"""
465	料	2	liau	liau7	7	十五音聲調	下去	"7-2-1828 料0002 liau""# 3-32 矮柳下去iau"
465	標	3	piau	piau1	1	十五音聲調	上平	"7-2-983 標0003 piau""# 3-18 婚逐上平piau"
465	擦	1	phiau	phiau1	1	十五音聲調	上平	"6-10-1692 擦0001 phiau""# [3-18 矮颜上平phiau"
465	椒	2	ciau	tsiau1	1	十五音聲調	上平	"7-1-1631 椒0002 Ciau'"" 3-19 婚鲁上平ciau"
465	焦	2	ciau	tsiau1	1	十五音聲調	上平	"7-3-1255 焦0002 ciau"" 3-19 含上卒ciau"
465	熱	2	ciau	tsiau5	5	十五音聲調	下平	"7-3-2067 热0002 ciau"" 3-30 婚鲁下卒ciau"
465	背	4	siau	siau1	1	十五音聲調	上平	"7-1-1667 背0004 siau""# 3-20 婚時上平siau"
465	消	2	siau	siau1	1	十五音聲調	上平	"6-6-1801 消0002 siau""# 3-20 透時上卒siau"
465	追	1	siau	siau1	1	十五音聲調	上平	"2-743 追0001 siau'"" 3-20 时上平siau"
465	銷	2	siau	siau1	1	十五音聲調	上平	"7-2-5311 销0002 siau""# 3-20 時上卒siau"
465	要	11	jaus	jaus1	1	十五音聲調	上平	6-9-2427 要0011 jau's 3-20 婚英上平iau
465	樓	6	iau	iau1	1	十五音聲調	上平	"7-2-3534 楼0006 iau""# |3-20 婚英上平iau"
466	姚	1	iaus	iaus5	5	十五音聲調	下平	7-46176 姚0001 iau's 3-31 英下卒liau
466	陶	4	iau	iau5	5	十五音聲調	下平	"5-12-944 陶0004 iau""# 3-31 婚英下平liau"
466	搭	2	iau	iau5	5	十五音聲調	下平	"7-41958 搭0002 iau'"" 3-31 婚英下卒liau"
466	瑤	2	iau	iau5	5	十五音聲調	下平	"7-1-3901 瑶0002 iau""# 3-31 婚英下卒liau"
466	邀	1	iau	iau5	5	十五音聲調	下平	"2-744 邀0001 iau""# 3-31 婚英下卒hiau"
466	線	1	iau	iau5	5	十五音聲調	下平	"2-776 线0001 iau""# 3-31 媽英下平liau"
466	緲	1	biau	biau2	2	十五音聲調	上上	"7-4 4835 缈0001 biau""# 3-23 婚上上biau”"
466	藐	1	biau	biau2	2	十五音聲調	上上	"6-14-1554 藐0001 biau"" 3-23 婚用上上biau?"
466	俏	2	siau	siau2	2	十五音聲調	上上	"6-14-723 俏0002 siau""# 3-24 嫣出上上chiau” +ch"
466	小	176	siau	siau2	2	十五音聲調	上上	"4-822 小0176 siau""# 3-23 婚時上上[siau"
466	擦	1	phiau	phiau2	2	十五音聲調	上上	"7-2-3093 擦0001 phiau"" [3-22 婚逐上上piau"
466	醇	1	cia	tsia7	7	十五音聲調	下去	"7-2-1249 醇0001 cia"""" 13-33 婚鲁下去lciau' -iau→7"
466	笑	33	chiau	tshiau3	3	十五音聲調	上去	"2-944 笑0033 chiau""# 3-26 婚出上去chiau"
466	肖	9	siau	siau3	3	十五音聲調	上去	"4-781 肖0009 siau""# 3-26 嫣時上去[siau'"
466	妙	7	biau	biau7	7	十五音聲調	下去	"2-936 妙0007 biau""# 3-34 婚用下去[biau'"
466	要	11	iau	iau3	3	十五音聲調	上去	"3-2141 要0011 iau""# 3-26 婿英上去liau"
466	曜	1	iau	iau7	7	十五音聲調	下去	"7-2-6269 曜0001 iau""# 3-33 婚英下去iau'"
466	耀	5	iau	iau7	7	十五音聲調	下去	"2-952 耀0005 iau""# 3-33 婚英下去liau"
466	號	1	iau	iau7	7	十五音聲調	下去	"7-4-5304 号0001 iau'"" 3-33 婚英下去iau'"
466	多	101	to	to1	1	十五音聲調	上平	"4-2950 多0101 to""# 3-67 高地上平[to"
466	他	5	to	to5	5	十五音聲調	下平	"6-8-1133 他0005 to""# 3-78 高地下平[to"
466	他	43	thann	thann1	1	十五音聲調	上平	"5-19-446 他0043 thann""# 6-2 暨他上卒thann"
466	駝	3	to	to5	5	十五音聲調	下平	"7-4-5867 驼0003 to""# 3-78 高地下卒|to°"
466	第	1	to	to5	5	十五音聲調	下平	"5-6-478 第0001 to"" 3-78 高地下平to"
466	催	1	n	n5	5	十五音聲調	下平	"5-10-433 催0001 n00""# 8-75 扛柳下卒loonn"
466	哥	1	ko	ko1	1	十五音聲調	上平	"7-2-4347 哥0001 ko""# 3-67 高求上平ko"""
466	歌	32	ko	ko1	1	十五音聲調	上平	"5-7-161 歌0032 ko""# 3-67 高求上平ko'"
466	錢	1	dgoo	dgoo5	5	十五音聲調	下平	7-3-6297 钱0001 Dgoo' 3-79 高語下平[go g~0
466	娥	5	go	go5	5	十五音聲調	下平	7-1-280 娥0005 #:00 3-79 高語下至go -g-0
466	峨	1	ngoo	ngoo5	5	十五音聲調	下平	"7-1-1491 峨0001 ngoo'3 13-79 高語下平[go° ""g-""0"
466	峨	1	dgoo	dgoo5	5	十五音聲調	下平	7-2-3854 峨0001 Dgoo3 3-79 高語下卒[go° -g-0
466	號	8	ngoo	ngoo5	5	十五音聲調	下平	"7-3-2930 号0008 ngoo""# 3-80 高語下卒[go"
466	莪	1	ngoo	ngoo5	5	十五音聲調	下平	"7-3-6206 莪0001 ngoo"" 3-79 高語下平go gio"
466	磷	3	cho	tsho1	1	十五音聲調	上平	"3494 磷0003 cho""# |3-69 高出上平|cho*"
466	嵯	1	cia	tsia1	1	十五音聲調	上平	"7-1-1490 嵯0001 cia"" 6-49 居出上平|chi -ch-i"
467	呵	1	ho	ho1	1	十五音聲調	上平	7-4-2460 呵0001 03 3-69 高喜上平ho
467	何	376	ho	ho5	5	十五音聲調	下平	"5-2-443 何0376 ho""# 3-80 高喜下卒ho°"
467	河	31	ho	ho5	5	十五音聲調	下平	"5-7-197 河0031 ho""# 3-80 高喜下平ho°"
467	苛	2	kho	kho1	1	十五音聲調	上平	"7-3-557 苛0002 kho"" 3-69 高英上平0"
467	荷	2	ho	ho5	5	十五音聲調	下平	"2-754 荷0002 ho"" 3-80 高喜下平ho"
467	耀	13	lo	lo5	5	十五音聲調	下平	"7-2-4938 耀0013 lo""# 3-77 高柳下平0"
467	那	2	na	na2	2	十五音聲調	上上	"7-4-3379 那0002 na""# 6-3 蓝柳上上|lann -}→ann"
467	部	1	kho	kho2	2	十五音聲調	上上	"6-2-1256 部0001 kho""? 3-71 高去上上kho*"
467	可	572	kho	kho2	2	十五音聲調	上上	"5-8-251 可0572 kho""# 3-71 高去上上kho"
467	我	236	ngoo	ngoo2	2	十五音聲調	上上	"5-2-125 我0236 ngoo""# 8-71 扛语上上goonn g-0onn"
467	左	27	co	tso2	2	十五音聲調	上上	"3-315 左0027 co""# 3-71 高誉上上co*"
467	荷	4	ho	ho7	7	十五音聲調	下去	"5-14-1133 荷0004 ho"" 3-83 高喜下去|ho"
467	拖	1	tho	tho1	1	十五音聲調	上平	"5-10-518 拖0001 tho"" 3-68 高他上平tho'"
467	假	6	koo	koo3	3	十五音聲調	上去	"7-2-3906 假0006 koo""# 3-73 高求上去ko"
467	俄	12	ngoo	ngoo7	7	十五音聲調	下去	"6-1-949 俄0012 ngoo""# 3-82 高器下去go"
467	佐	3	co	tso3	3	十五音聲調	上去	"2-533 佐0003 co"" 3-74 高含上去c0"
467	賀	17	ho	ho7	7	十五音聲調	下去	"7-3-3239 賀0017 ho""# 3-83 高喜下去|ho"
467	波	5	pho	pho1	1	十五音聲調	上平	"7-1-1117 波0005 pho""# 3-67 高颜上平ho"
467	坡	1	pho	pho1	1	十五音聲調	上平	"7-4-5503 坡0001 pho"" 3-67 高頭上平pho"
467	璨	5	moo	moo5	5	十五音聲調	下平	"7-4-3255 璨0005 moo""# 8-77 扛阿下卒boonn b-00nn"
467	磨	6	moo	moo5	5	十五音聲調	下平	"3-498 磨0006 moo""# 8-77 扛門下平boonn -b-0onn"
467	戈	7	ko	ko1	1	十五音聲調	上平	"1-615 戈0007 ko""# 3-67 高求上卒k0"
467	科	11	kho	kho1	1	十五音聲調	上平	"5-3-384 科0011 kho""# 3-67 高去上平[kho'"
467	唆	1	so	so1	1	十五音聲調	上平	"7-4-4651 唆0001 So"" 3-68 高时上卒so"
467	梭	2	so	so1	1	十五音聲調	上平	"7-3-4245 梭0002 So"" 3-68 高时上平s0"
467	禾	4	ho	ho5	5	十五音聲調	下平	"7-4-6153 禾0004 ho""# 3-80 高喜下卒ho°"
467	和	34	ho	ho5	5	十五音聲調	下平	"6-4-21 和0034 ho""# 3-80 高喜下卒ho"
467	潔	1	le	le5	5	十五音聲調	下平	"7-1-1481 潔0001 le""# 3-43 稽柳下卒[le'"
467	跛	1	pho	pho2	2	十五音聲調	上上	"7-2-5714 跛0001 pho"" 3-71 高颜上上pho -2"
467	回	3	pho	pho2	2	十五音聲調	上上	"7-3-1029 回0003 pho"" 3-71 高额上上pho"
467	顏	8	pho	pho2	2	十五音聲調	上上	"2-595 颜0008 pho"" 3-71 高额上上pho"
467	鷹	1	moo	moo4	4	十五音聲調	上入	"7-3-1481 鹰0001 moo""# 8-75 上入boonnh' -*b-oonnh"
467	朵	3	to	to2	2	十五音聲調	上上	7-2-3529 朵0003 to 3-71 高地上上to
467	情	4	to	to7	7	十五音聲調	下去	"1-60 情0004 to""# 3-81 高地下去to"
467	果	18	ko	ko2	2	十五音聲調	上上	"5-6-232 果0018 ko""# 3-70 高求上上k0°"
467	聚	3	ko	ko2	2	十五音聲調	上上	"6-2-1305 聚0003 ko"" 3-70 高求上上k0"
468	坐	21	co	tso7	7	十五音聲調	下去	"5-10-305 坐0021 co""# 3-82 高鲁下去|co'"
468	琪	1	s	s2	2	十五音聲調	上上	7-3-3044 琪0001 S00*# 3-72 高时上上[s0°
468	鎖	2	so	so2	2	十五音聲調	上上	7-3-3372 鎖0002 3-72 高时上上so”
468	火	41	hoonn	hoonn2	2	十五音聲調	上上	"1-195 火0041 hoonn""# 8-71 扛喜上上hoonn →h→0onn"
468	弱	13	ho	ho7	7	十五音聲調	下去	"6-8-2059 弱0013 ho""# 3-83 高喜下去|ho'"
468	裸	2	k	k2	2	十五音聲調	上上	6-10-235 裸0002 3-70 高求上上k0° -k-2
468	播	6	poo	poo3	3	十五音聲調	上去	"6-5-523 播0006 poo"" 3-73 高逐上去po°"
468	破	17	pho	pho3	3	十五音聲調	上去	"6-6-229 破0017 pho""# 3-73 高頭上去|pho"
468	睡	6	sui	sui3	3	十五音聲調	上去	"7-3-5498 睡0006 sui""# 3-73 高他上去|tho"" *th-0"
468	遇	95	ko	ko3	3	十五音聲調	上去	"1-54 遇0095 ko""# 3-73 高求上去[ko"""
468	挫	1	cho	tsho3	3	十五音聲調	上去	"6-3-606 挫0001 cho"" 3-74 高出上去|cho"
468	鋰	1	cho	tsho3	3	十五音聲調	上去	"7-3-4186 锂0001 cho""# 3-74 高出上去|cho"
468	座	5	co	tso7	7	十五音聲調	下去	7-1-3276 座0005 3-82 高鲁下去|co°
468	貨	19	hoonn	hoonn3	3	十五音聲調	上去	"5-17-2 货0019 hoonn""# 8-73 扛喜上去hoonn →h-oonn"
468	和	1	ho	ho7	7	十五音聲調	下去	"5-7-748 和0001 ho"" 3-83 高喜下去|ho'"
468	巴	2	pa	pa1	1	十五音聲調	上平	"7-2-2749 巴0002 pa""” 6-30 膠逐上平(pa"
468	茶	3	cha	tsha5	5	十五音聲調	下平	"7-3-2414 茶0003 cha""# 1-81 嘉地下平te' -t-e"
468	加	24	ka	ka1	1	十五音聲調	上平	"7-2-6508 加0024 ka""# 1-72 嘉求上平ke'"
468	茄	1	ka	ka1	1	十五音聲調	上平	"7-3-2980 茄0001 ka""# 1-72 嘉求上平[ke'"
468	家	147	ke	ke1	1	十五音聲調	上平	"6-7-644 家0147 ke""# 1-72 嘉求上卒ke'"
468	蔑	3	ke	ke1	1	十五音聲調	上平	7-1-2023 蔑0003 ke' 1-72 嘉求上平ke'
468	嘉	13	ka	ka1	1	十五音聲調	上平	"1-840 嘉0013 ka""# 1-72 嘉求上平ke' -e"
468	築	1	ka	ka1	1	十五音聲調	上平	7-2-3844 筑0001 ka 1-72 嘉求上平ke' -*e
468	迎	1	khia	khia1	1	十五音聲調	上平	"74-3095 迎0001 khia""# 5-47 迦求上卒[kia'"
468	牙	13	ge	ge5	5	十五音聲調	下平	"6-11-1102 牙0013 ge""# 1-82 嘉語下平[ge"
468	衙	1	ge	ge5	5	十五音聲調	下平	7-3-3093 衙0001 1-82 嘉語下平ge
468	沙	4	sa	sa1	1	十五音聲調	上平	7-3-1805 沙0004 1-73 嘉時上平sa'
468	鴉	1	a	a1	1	十五音聲調	上平	7-4-5382 鸦0001 6-31 膠英上卒[a'
468	瑕	1	he	he5	5	十五音聲調	下平	"74-5936 瑕0001 he""# 1-82 嘉喜下卒he"
468	瑕	1	he	he5	5	十五音聲調	下平	74 4930 瑕0001 he' 1-82 嘉喜下平|he'
468	霞	1	ha	ha5	5	十五音聲調	下平	7-2-5107 霞0001 ha' 1-82 嘉喜下平he
468	遮	1	jia	jia1	1	十五音聲調	上平	"7-4-6020 遮0001 jia"" 5-48 迦入上平jia'"
468	奢	4	chia	tshia1	1	十五音聲調	上平	"5-3-77 奢0004 chia"" 5-49 迦出上卒chia'"
468	蛇	11	sia	sia5	5	十五音聲調	下平	"7-2-4599 蛇0011 sia""# 5-56 迦时下卒sia"
468	嵯	1	cia	tsia1	1	十五音聲調	上平	"7-3-2520 嵯0001 cia"" 5-48 迦鲁上平cia"
468	邪	15	sia	sia5	5	十五音聲調	下平	"5-2-36 邪0015 sia""# 5-56 迦時下平[sia"
469	把	1	pe	pe2	2	十五音聲調	上上	6-11-2055 把0001 1-74 嘉逐上上pe?
469	馬	84	ma	ma2	2	十五音聲調	上上	"5-2-184 馬0084 ma""# 64 蓝上上[bann ->b-""ann"
469	假	10	ke	ke2	2	十五音聲調	上上	"7-3-1183 假0010 ke""# 1-74 嘉求上上ke?"
469	段	1	koo	koo2	2	十五音聲調	上上	"7-2-3861 段0001 koo"" 1-75 嘉求上上ke -*e"
469	模	1	ke	ke2	2	十五音聲調	上上	"6-11-2187 模0001 ke""# 1-74 嘉求上上ke? -2"
469	假	1	kik	kik4	4	十五音聲調	上入	"4-3931 假0001 kik"" 2-67 经求上入[kik'"
469	雅	15	genn	genn2	2	十五音聲調	上上	"1-467 雅0015 7-5 更語上上genn -""g→enn"
469	下	413	he	he7	7	十五音聲調	下去	"4-1109 下0413 he""# 1-84 嘉下去he'"
469	夏	74	he	he7	7	十五音聲調	下去	"5-3-159 夏0074 he""# 1-84 嘉喜下去he'"
469	度	1	he	he7	7	十五音聲調	下去	"7-1-1159 度0001 he""# 1-84 嘉喜下去he'"
469	者	1049	cia	tsia2	2	十五音聲調	上上	"4-3240 者1049 cia""# 5-50 迎含上上cia?"
469	舍	33	sia	sia2	2	十五音聲調	上上	"6-11-1945 舍0033 sia"" 5-50 迦时上上sia"
469	社	20	sia	sia7	7	十五音聲調	下去	"1-582 社0020 sia""# 5-59 迦时下去sia"""
469	惹	1	jia	jia2	2	十五音聲調	上上	"7-3-794 惹0001 jia"" 5-50 迎入上上jia"
469	且	55	chiann	tshiann2	2	十五音聲調	上上	"6-12-1682 且0055 chiann"" 7-68 為出上上|chiann"
469	窩	2	sia	sia2	2	十五音聲調	上上	"2-434 窝0002 sia"" 5-50 题时上上sia"
469	野	29	ia	ia2	2	十五音聲調	上上	"5-6-515 野0029 ia""# 5-50 迦英上上a"
469	也	1949	ia	ia2	2	十五音聲調	上上	"5-1-469 也1949 ia""# 5-50 迦英上上ia"
469	冶	7	ia	ia2	2	十五音聲調	上上	"6-5-1335 冶0007 ia""# 5-50 迎英上上ia"
469	黑	3	me	me7	7	十五音聲調	下去	"7-3-2188 黑0003 me""# 7-13 更門下去benn' b-enn"
469	架	2	ke	ke3	3	十五音聲調	上去	"7-4-596 架0002 ke""# 1-77 嘉求上去ke'"
469	嫁	7	ke	ke3	3	十五音聲調	上去	"7-2-4463 嫁0007 ke""# 1-77 嘉求上去ke"
469	費	8	koo	koo3	3	十五音聲調	上去	"6-5-2122 费0008 koo""# 1-77 嘉求上去ke -e~3"
469	假	2	ke	ke3	3	十五音聲調	上去	"7-1-3383 假0002 ke""# 1-77 露求上去ke"
469	稼	8	ke	ke3	3	十五音聲調	上去	"5-13-184 稼0008 ke""# 1-77 嘉求上去[ke"
469	黛	10	ka	ka3	3	十五音聲調	上去	"6-4-447 黛0010 ka""# 1-77 嘉求上去ke"
469	遼	2	ge	ge7	7	十五音聲調	下去	7-2-2454 辽0002 ge 1-84 嘉語下去ge
469	乍	2	ca	tsa7	7	十五音聲調	下去	7-4-6200 乍0002 ca 1-84 嘉會下去ce -e-7
469	亞	5	a	a1	1	十五音聲調	上平	"7-4-2117 亞0005 a""# 6-31 腾英上平"
469	拓	1	cik	tsik3	3	十五音聲調	上去	7-3-6219 拓0001 cik 5-52 迦鲁上去cia
469	燕	1	cia	tsia3	3	十五音聲調	上去	"7-4-5998 燕0001 cia""# 5-52 迦含上去cia"
469	炙	10	cia	tsia3	3	十五音聲調	上去	"6-11-437 炙0010 cia""# 5-52 迦鲁上去cia"
469	時	23	sia	sia7	7	十五音聲調	下去	"5-14-110 时0023 sia""# 5-59 迦时下去sia'"
469	舍	16	sia	sia3	3	十五音聲調	上去	"6-3-695 舍0016 sia""# 5-52 迦时上去sia"
470	敖	6	sia	sia3	3	十五音聲調	上去	"5-20-56 敖0006 sia""# 5-52 迦时上去[sia"
470	借	8	cia	tsia3	3	十五音聲調	上去	"7-2-4311 借0008 cia"" 5-52 迦臀上去|cia"
470	籍	6	cia	tsia7	7	十五音聲調	下去	"7-3-4190 籍0006 cia""# 5-58 迦會下去ciai"
470	謝	28	sia	sia7	7	十五音聲調	下去	"7-2-1684 谢0028 sia""# 15-59 迦时下去[sia"
470	榭	1	sia	sia7	7	十五音聲調	下去	"7-3-3480 榭0001 sia""# 5-59 迦时下去 sia'"
470	夜	28	ia	ia7	7	十五音聲調	下去	"1-1167 夜0028 ia""# 5-59 迦英下去lia"
470	瓜	8	kua	kua1	1	十五音聲調	上平	"7-43859 瓜0008 kua""# 4-66 瓜求上卒kua'"
470	誇	1	khua	khua1	1	十五音聲調	上平	"7-1-413 夸0001 khua"" 4-67 瓜去上平khua"
470	膀	1	khua	khua1	1	十五音聲調	上平	"7-1-4361 膀0001 khua"" 4-67 瓜去上平khua'"
470	跨	1	khua	khua1	1	十五音聲調	上平	"7-2-401 跨0001 khua"" 4-67 瓜去上平hua'"
470	花	33	hua	hua5	5	十五音聲調	下平	"7-1-3752 花0033 hua""# 4-76 瓜喜下卒hua"
470	莘	28	hua	hua5	5	十五音聲調	下平	"5-9-787 莘0028 hua""# 476 瓜喜下卒hua"
470	算	52	kuann	kuann2	2	十五音聲調	上上	"3-1936 算0052 kuann""# 7-77 官求上上kuann*"
470	瓦	4	ua	ua2	2	十五音聲調	上上	"6-6-901 瓦0004 ua""并 4-69 瓜英上上|ua"""
470	化	30	hua	hua3	3	十五音聲調	上去	"4-2687 化0030 hua""# 瓜喜上去|hua'"
470	旁	4	pong	pong5	5	十五音聲調	下平	"7-3-1034 旁0004 pong""# 2-32 公逐下平pong"
470	螃	1	pong	pong5	5	十五音聲調	下平	7-4 4082 螃0001 pong 13 2-32 公逐下平pong
470	忙	1	bong	bong5	5	十五音聲調	下平	"7-2-4079 忙0001 bong""# 2-35 公罚下至bong"
470	芒	3	bong	bong5	5	十五音聲調	下平	6-3-1046 芒0003 bong 2-35 公門下卒bong
470	當	75	tong	tong1	1	十五音聲調	上平	"7-1-4577 當0075 tong""# 2-18 公地上平|tong"
470	湯	52	thong	thong1	1	十五音聲調	上平	"1-564 湯0052 thong""# 2-19 公他上平/thong"
470	唐	37	tong	tong5	5	十五音聲調	下平	"2-96 唐0037 tong""# 2-33 公地下平ltong"
470	堂	30	tong	tong5	5	十五音聲調	下平	"5-346 堂0030 tong""# 2-33 公地下平tong"
470	棠	6	tong	tong5	5	十五音聲調	下平	"2-316 棠0006 tong""# 2-33 公地下至tong"
470	塘	1	tong	tong5	5	十五音聲調	下平	"7-1-2500 塘0001 tong""# 2-33 公地下卒tong"
470	襄	10	long	long5	5	十五音聲調	下平	"6-2-1311 襄0010 long""# 2-32 公柳下卒[long"
470	亢	2	khong	khong1	1	十五音聲調	上平	"5-16-727 亢0002 khong""# 2-18 公去上卒khong"
470	周	1	kong	kong1	1	十五音聲調	上平	"2-48 周0001 kong""# 2-18 公求上平|kong"
470	編	6	kong	kong1	1	十五音聲調	上平	"5-7-574 编0006 kong""# 2-18 公求上平[kong"
470	搏	2	khong	khong1	1	十五音聲調	上平	"2-816 搏0002 khong""# 2-18 公去上平khong"
470	昂	1	giang	giang5	5	十五音聲調	下平	"7-3-890 昂0001 giang""# 2-35 公语下平gong →ong→5"
470	減	9	cong	tsong1	1	十五音聲調	上平	"5-9-715 减0009 cong""# 2-19 公曾上平|cong"
471	藏	20	cong	tsong5	5	十五音聲調	下平	"1-420 藏0020 cong""# 2-34 公省下平cong"
471	顏	1	hang	hang5	5	十五音聲調	下平	"7-3-900 颜0001 hang""# 2-36 公喜下至hong -ong"
471	行	7	hang	hang5	5	十五音聲調	下平	"6-2-1327 行0007 hang""# 5-11 江喜下平hang"
471	郎	11	long	long5	5	十五音聲調	下平	"7-1-3833 郎0011 long""# 2-32 公柳下平long"
471	狼	6	long	long5	5	十五音聲調	下平	"6-11-2213 狼0006 long""# 2-32 公柳下平ong"
471	琅	1	long	long5	5	十五音聲調	下平	"6-2-889 琅0001 long"" 2-32 公柳下平[long"
471	廊	2	long	long5	5	十五音聲調	下平	"2-975 廊0002 long"" 2-32 公柳下卒long"
471	狼	1	long	long5	5	十五音聲調	下平	"7-4-6147 狼0001 long"" 2-32 公柳下卒long"
471	嵐	1	long	long5	5	十五音聲調	下平	"7-1-1596 岚0001 long"" 2-32 公柳下平long"
471	瘡	2	chong	tshong1	1	十五音聲調	上平	"7-2-5556 疮0002 chong""# 2-20 公出上卒|chong"
471	慶	6	chong	tshong5	5	十五音聲調	下平	"7-3-4255 庆0006 chong""# 2-35 公出下平|chong"
471	肽	2	chong	tshong5	5	十五音聲調	下平	"2-848 肽0002 chong""# 2-35 公出下平chong"
471	霜	7	song	song1	1	十五音聲調	上平	"2-40 霜0007 song""# 2-20 公時上平song"
471	婚	1	song	song1	1	十五音聲調	上平	"7-2-3504 婚0001 song"" 2-20 公時上平song"
471	方	99	hong	hong1	1	十五音聲調	上平	"1-42 方0099 hong""# 2-21 公喜上平hong"
471	坊	3	pong	pong1	1	十五音聲調	上平	"7-1-2984 坊0003 pong""# 2-21 公喜上平hong"
471	妨	1	hong	hong5	5	十五音聲調	下平	"7-3-2796 妨0001 hong""# 2-36 公喜下卒hong"
471	芳	8	hong	hong1	1	十五音聲調	上平	"7-2-94 芳0008 hong""# 2-21 公喜上平|hong"
471	防	5	hong	hong5	5	十五音聲調	下平	"6-12-1559 防0005 hong""# 2-36 公喜下平hong"
471	房	3	pong	pong5	5	十五音聲調	下平	"2-832 房0003 pong""# 2-32 公逐下卒pong"
471	亡	62	bong	bong5	5	十五音聲調	下平	"1-477 亡0062 bong""# 2-35 公門下至bong"
471	長	36	tiang	tiang5	5	十五音聲調	下平	"5-10-247 長0036 tiang""# 4-42 姜地下卒iang"
471	號	8	chiang	tshiang5	5	十五音聲調	下平	"2-808 号0008 chiang""# 4-44 姜出下平chiang"
471	娘	2	liang	liang5	5	十五音聲調	下平	"7-4-5515 娘0002 liang""# 4-42 姜柳下卒liang"
471	姜	10	kiang	kiang1	1	十五音聲調	上平	"7-2-3455 姜0010 kiang""# 4-33 姜求上平kiang"
471	低	1	kiang	kiang1	1	十五音聲調	上平	"7-4-5206 低0001 kiang""# 4-33 姜求上平kiang"
471	強	10	kiang	kiang1	1	十五音聲調	上平	"4-2890 强0010 kiang""# 4-33 姜求上平kiang"
471	堯	1	kiang	kiang1	1	十五音聲調	上平	"2-120 尧0001 kiang""# 4-33 姜求上卒kiang"
471	強	26	kiang	kiang5	5	十五音聲調	下平	"4-2525 强0026 kiang""# 4-42 姜求下卒kiang"
471	強	2	kiang	kiang5	5	十五音聲調	下平	"6-1-2065 强0002 kiang""# 4-42 姜求下平kiang"
471	章	141	ciang	tsiang1	1	十五音聲調	上平	"2-112 章0141 ciang""# 4-34 姜合上平ciang"
471	彰	1	ciang	tsiang1	1	十五音聲調	上平	6-12-1520 彰0001 ciang 4-34 姜含上平ciang
472	昌	1	chiang	tshiang1	1	十五音聲調	上平	"7-2-1383 昌0001 chiang""# 4-35 姜出上卒chiang"
472	傷	24	siang	siang1	1	十五音聲調	上平	"2-160 傷0024 siang""# 434 姜時上卒[siang"
472	碼	1	siang	siang1	1	十五音聲調	上平	"7-3-5826 码0001 siang""# 4-34 姜時上卒[siang"
472	常	27	siong	siong5	5	十五音聲調	下平	"1-213 常0027 siong""# 443 姜時下卒siang -iang"
472	窖	48	siang	siang5	5	十五音聲調	下平	"2-872 窖0048 siang""# 4 43 姜時下平siang"
472	裳	8	siang	siang5	5	十五音聲調	下平	"2-88 裳0008 siang""# 443 姜時下卒[siang"
472	央	2	ing	ing1	1	十五音聲調	上平	"7-1-1982 央0002 ing"" 4-35 姜英上平|iang →iang"
472	香	18	hiang	hiang1	1	十五音聲調	上平	"7-1-140 香0018 hiang""# 435 姜喜上卒hiang"
472	良	40	liang	liang5	5	十五音聲調	下平	"2-168 良0040 liang""# 442 姜柳下卒[iang"
472	梁	34	liang	liang5	5	十五音聲調	下平	"1-498 梁0034 liang""# 4-42 姜柳下卒liang"
472	量	2	liang	liang5	5	十五音聲調	下平	"2-192 量0002 liang""# 4-42 姜柳下卒iang"
472	梁	5	liang	liang5	5	十五音聲調	下平	"7-3-5236 梁0005 liang""# 442 姜柳下平[liang"
472	探	1	liang	liang5	5	十五音聲調	下平	"7-2-4924 探0001 liang"" 442 姜柳下至[iang"
472	程	11	liang	liang5	5	十五音聲調	下平	"2-824 程0011 liang""# 442 姜柳下平[liang"
472	接	4	jang	jang5	5	十五音聲調	下平	"6-6-1638 接0004 jang""# 4-43 姜入下平[jiang"
472	穗	1	jiang	jiang5	5	十五音聲調	下平	7-1-4108 穗0001 4 43 姜入下卒jiang
472	格	2	chiang	tshiang5	5	十五音聲調	下平	"7-3-5506 格0002 chiang"" 4 44 姜出下卒|chiang"
472	落	16	chiang	tshiang5	5	十五音聲調	下平	"2-800 落0016 chiang""# 444 姜出下卒chiang"
472	我	4	chiang	tshiang5	5	十五音聲調	下平	7-4-2969 我0004 4 4 姜出下平|chiang
472	婚	1	chiang	tshiang5	5	十五音聲調	下平	"7-1-2804 婚0001 chiang""# 444 姜出下平|chiang"
472	相	108	siang	siang1	1	十五音聲調	上平	"6-5-1183 相0108 siang""# 4-34 姜時上卒siang"
472	襄	6	siang	siang1	1	十五音聲調	上平	"5-18-565 襄0006 siang""# 434 姜時上卒|siang"
472	湘	1	hiang	hiang1	1	十五音聲調	上平	"7-1-1551 湘0001 hiang."" 4-35 姜時上卒[siang"
472	箱	1	siang	siang1	1	十五音聲調	上平	"2-792 箱0001 siang""# 4-34 姜時上平[siang"
472	癢	6	siang	siang5	5	十五音聲調	下平	"6-5-801 痒0006 siang""# 4 43 姜時下平siang"
472	翔	2	siang	siang5	5	十五音聲調	下平	"2-72 翔0002 siang""# 4 43 姜時下平[siang"
472	羣	10	siang	siang5	5	十五音聲調	下平	"2-888 群0010 siang""# 4-43 姜時下平siang"
472	癢	1	siang	siang5	5	十五音聲調	下平	"7-4-2312 痒0001 siang"" 4 43 姜英下卒liang"
472	羊	43	iang	iang5	5	十五音聲調	下平	"1-231 羊0043 iang""# 4-43 姜英下卒liang"
472	洋	9	iang	iang5	5	十五音聲調	下平	"4-1269 洋0009 iang""# 4 43 姜英下平liang"
472	拐	20	iang	iang5	5	十五音聲調	下平	"148 拐0020 iang""# 443 姜英下平liang"
472	陽	46	iang	iang5	5	十五音聲調	下平	"2-32 陽0046 iang""# 443 姜英下卒liang"
472	號	1	iang	iang5	5	十五音聲調	下平	"7-1-538 号0001 iang"" 443 姜英下平|iang"
473	楊	27	iang	iang5	5	十五音聲調	下平	"6-6-2023 楊0027 iang""# 443 姜英下平liang"
473	榜	5	pong	pong2	2	十五音聲調	上上	"7-3-4992 榜0005 pong""# 2-22 公逐上上pong"
473	蕎	4	bong	bong2	2	十五音聲調	上上	"1-653 荞0004 bong"" 2-25 公門上上bong"
473	照	20	tong	tong2	2	十五音聲調	上上	"5-4-201 照0020 tong""# 2-22 公地上上tong"
473	落	9	tong	tong7	7	十五音聲調	下去	"5-7-861 落0009 tong""# 2-38 公地下去tong"
473	賴	4	song	song2	2	十五音聲調	上上	"6-11-185 賴0004 song""# 2-24 公時上上song"
473	朗	3	long	long2	2	十五音聲調	上上	"7-1-1809 朗0003 long""# 2-22 公柳上上ong"
473	館	1	chong	tshong2	2	十五音聲調	上上	"7-2-2887 馆0001 chong""# 2-24 公出上上chong"
473	爽	3	song	song2	2	十五音聲調	上上	"7-1-2151 爽0003 song""# 2-24 公時上上song"
473	放	2	hong	hong2	2	十五音聲調	上上	"5-4-274 放0002 hong"" 2-25 公喜上上hong"
473	傲	1	hong	hong2	2	十五音聲調	上上	"7-4-6045 傲0001 hong""# 2-25 公喜上上|hong"
473	紡	1	hong	hong2	2	十五音聲調	上上	"2-828 紡0001 hong""# 2-25 公喜上上hong"
473	周	11	bong	bong2	2	十五音聲調	上上	"5-2-323 周0011 bong""# 2-25 公門上上bong"
473	翔	4	bong	bong2	2	十五音聲調	上上	"7-3-810 翔0004 bong"" 2-25 公上上[bong"
473	長	62	tiang	tiang2	2	十五音聲調	上上	"6-11-1441 長0062 tiang""# 4-36 姜地上上iang"
473	丈	19	tiang	tiang7	7	十五音聲調	下去	"6-14-1579 丈0019 tiang""# 4-45 姜地下去|iang"
473	仗	1	tiang	tiang7	7	十五音聲調	下去	"7-1-4533 仗0001 tiang"" 4-45 姜地下去[iang"
473	杖	17	tiang	tiang7	7	十五音聲調	下去	"5-14-1302 杖0017 tiang""# 4-45 姜地下去|liang"
473	福	2	kiang	kiang2	2	十五音聲調	上上	5-13-249 福0002 4-36 姜求上上kiang
473	強	3	kiang	kiang2	2	十五音聲調	上上	"6-2-2534 强0003 kiang"" 4-36 姜求上上kiang"
473	仰	22	giang	giang2	2	十五音聲調	上上	"6-1-2263 仰0022 giang""# 4-37 姜语上上giang"
473	掌	21	ciang	tsiang2	2	十五音聲調	上上	"5-3-281 掌0021 ciang""# 4-36 姜上上ciang"
473	敬	1	chiang	tshiang2	2	十五音聲調	上上	"7-2-1318 敬0001 chiang""# 4-37 姜出上上chiang"
473	寶	4	siang	siang2	2	十五音聲調	上上	2-670 宝0004 4-37 姜时上上s siang
473	上	172	siang	siang7	7	十五音聲調	下去	"3-1474 上0172 siang""# 4-46 姜時下去siang"
473	決	4	iang	iang3	3	十五音聲調	上去	"7-3-697 決0004 iang""# 4-39 姜英上去|iang -3"
473	享	7	hiang	hiang2	2	十五音聲調	上上	"6-12-975 享0007 hiang""# 4-37 姜喜上上hiang"
473	餐	4	hiang	hiang2	2	十五音聲調	上上	4-1335 餐0004 hiang 4-37 姜喜上上hiang
473	兩	24	liang	liang2	2	十五音聲調	上上	2-721 两0024 4-35 姜柳上上liang
473	西	1	liang	liang2	2	十五音聲調	上上	"7-4-3671 完西0001 Liang""# 4-35 姜柳上上[ jiang"
473	壤	6	jiang	jiang2	2	十五音聲調	上上	"6-6-2351 壤0006 jiang""# 4-37 姜入上上jiang"
473	搶	1	chong	tshong2	2	十五音聲調	上上	"7-4-2570 抢0001 chong."" 4-37 姜出上上chiang -iang"
473	想	4	siang	siang2	2	十五音聲調	上上	"2-891 想0004 siang"" 4-37 姜時上上siang"
473	象	28	chiang	tshiang7	7	十五音聲調	下去	"6-6-1906 象0028 chiang""# 4-46 姜时下去siang"
473	像	2	chiang	tshiang7	7	十五音聲調	下去	"7-3-3512 像0002 chiang""# 4-46 姜時下去siang"
473	襲	59	iang	iang2	2	十五音聲調	上上	"2-156 袭0059 iang""# 4-37 姜英上上iang"
473	駿	1	iang	iang7	7	十五音聲調	下去	"7-3-1130 骏0001 iang""# 4-46 姜英下去iang"
474	當	1	tong	tong3	3	十五音聲調	上去	"6-10-1504 當0001 tong"" 2-26 公地上去tong -3"
474	盜	1	thong	thong3	3	十五音聲調	上去	"5-14-112 盗0001 thong"" 2-27 公他上去|thong"
474	杭	1	khong	khong3	3	十五音聲調	上去	"7-2-1184 杭0001 khong"" 2-26 公去上去khong"
474	抗	1	khong	khong3	3	十五音聲調	上去	2-711 抗0001 khong 2-26 公去上去khong
474	葬	15	cong	tsong3	3	十五音聲調	上去	"5-9-382 葬0015 cong""# 2-27 公會上去|cong"
474	袁	18	song	song3	3	十五音聲調	上去	"5-14-614 袁0018 song""# 2-27 公時上去|song"
474	盛	1	liang	liang3	3	十五音聲調	上去	6-13-932 盛0001 4-39 姜英上去|liang ~3
474	行	2	hang	hang7	7	十五音聲調	下去	"5-11-322 行0002 hang"" 5-13 江喜下去hang"
474	浪	6	long	long7	7	十五音聲調	下去	"6-7-939 浪0006 long""# 2-37 公柳下去long"
474	壯	12	cong	tsong3	3	十五音聲調	上去	"6-10-1517 壮0012 cong""并 2-27 公上去cong"
474	創	11	chong	tshong3	3	十五音聲調	上去	"7-4-1745 创0011 chong""# 2-28 公出上去|chong"
474	默	9	cong	tsong7	7	十五音聲調	下去	"7-1-4270 默0009 cong""# 2-39 公會下去cong"
474	放	39	hong	hong3	3	十五音聲調	上去	"7-4-2675 放0039 hong""# 2-28 公喜上去|hong"
474	訪	2	hong	hong2	2	十五音聲調	上上	"7-3-3157 訪0002 hong""# 2-25 公喜上上hong"
474	妄	5	bong	bong7	7	十五音聲調	下去	"6-8-1523 妄0005 bong"" 2-39 公下去bong"
474	忘	40	bong	bong5	5	十五音聲調	下平	"2-176 忘0040 bong""# 2-35 公用下平bong"
474	望	50	bong	bong7	7	十五音聲調	下去	"4-3472 望0050 bong""# 2-39 公門下去|bong"
474	振	8	tiang	tiang3	3	十五音聲調	上去	"7-2-1851 振0008 tiang""# 438 姜地上去|tiang"
474	楊	2	thiang	thiang3	3	十五音聲調	上去	"7-3-2902 楊0002 thiang"" 4-38 姜他上去|thiang"
474	馥	2	jiang	jiang5	5	十五音聲調	下平	"1-1181 馥0002 jiang"" 4-43 姜入下卒jiang"
474	率	1	ciang	tsiang3	3	十五音聲調	上去	"7-4-5443 率0001 ciang""# 4-39 姜會上去|ciang"
474	倡	1	chiang	tshiang3	3	十五音聲調	上去	7-3-489 倡0001 chiang 4-39 姜出上去|chiang
474	唱	3	chiang	tshiang3	3	十五音聲調	上去	"7-2-2479 唱0003 chiang""# 4-39 姜出上去|chiang"
474	第	3	hiang	hiang3	3	十五音聲調	上去	"6-6-1055 第0003 hiang""# 4-39 姜喜上去|hiang"
474	尚	34	siang	siang7	7	十五音聲調	下去	"6-10-2353 尚0034 siang""# 4-46 姜時下去|siang"
474	向	8	hiang	hiang3	3	十五音聲調	上去	"7-4-650 向0008 hiang""# 4-39 姜喜上去hiang"
474	蔣	1	hiang	hiang3	3	十五音聲調	上去	"6-5-1924 蒋0001 hiang"" 4-39 姜喜上去hiang"
474	雨	1	liang	liang7	7	十五音聲調	下去	"6-14-220 雨0001 liang""# 4 45 姜柳下去liang"
474	亮	4	liang	liang7	7	十五音聲調	下去	"6-12-2164 亮0004 liang""# 4-45 姜柳下去liang"
474	量	10	liang	liang7	7	十五音聲調	下去	"7-4-1803 量0010 Liang""# 4-45 姜柳下去liang"
474	瓊	4	liang	liang7	7	十五音聲調	下去	"5-15-829 琼0004 liang""# 4-45 姜柳下去iang"
474	義	22	jang	jang7	7	十五音聲調	下去	"3-1227 义0022 jang""# 4 46 姜入下去jiang"
474	將	17	ciang	tsiang3	3	十五音聲調	上去	"7-1-4666 将0017 ciang""# 4-38 姜會上去|ciang"
474	匠	11	chiang	tshiang7	7	十五音聲調	下去	"6-2-1796 匠0011 chiang"" 4-46 姜出下去chiang"
474	相	47	siang	siang3	3	十五音聲調	上去	"6-12-905 相0047 siang""# 4-39 姜時上去siang"
474	恙	2	iong	iong7	7	十五音聲調	下去	"7-3-5575 恙0002 iong""# 4-46 姜英下去|iangi -iang"
474	菱	22	iang	iang7	7	十五音聲調	下去	"6-9-1187 菱0022 iang""# 4-46 姜英下去liang"
474	博	26	phok	phok4	4	十五音聲調	上入	"43652 博0026 phok""# 2-29 公頭上入phok"
475	毫	4	pok	pok8	8	十五音聲調	下入	"6-6-957 毫0004 pok""# 2-40 公逸下入pok"
475	薄	22	pok	pok8	8	十五音聲調	下入	"2-260 薄0022 pok""# 2-40 公逐下入pok"
475	簿	1	pok	pok8	8	十五音聲調	下入	6-10-1350 簿0001 2-40 公逐下入pok
475	莫	109	bok	bok8	8	十五音聲調	下入	"5-7-753 莫0109 bok""# 2-42 公門下入bok"
475	竇	1	bok	bok8	8	十五音聲調	下入	"7-2-1524 窦0001 bok""# 2-42 公門下入bok"
475	漠	2	bok	bok8	8	十五音聲調	下入	"2-604 漠0002 bok""# 2-42 公門下入bok"
475	黎	2	boo	boo7	7	十五音聲調	下去	7-2-2492 黎0002 boo* 3-16 活下去boo
475	膜	1	mooh	mooh8	8	十五音聲調	下入	"7-4-3721 膜0001 mooh""# 8-81 扛阿下入 boonnh' -*b~0onnh"
475	搏	4	phok	phok4	4	十五音聲調	上入	"6-8-293 搏0004 phok"" 2-29 公上入 phok'"
475	柒	3	thok	thok4	4	十五音聲調	上入	"1-972 柒0003 thok""# 2-30 公他上入thok"
475	摔	1	thok	thok4	4	十五音聲調	上入	"7-2-7119 摔0001 thok"" 2-30 公他上入|thok"
475	度	4	tok	tok8	8	十五音聲調	下入	"6-1-1807 度0004 tok""# 2-41 公地下入tok -8"
475	輯	3	tok	tok8	8	十五音聲調	下入	"7-2-1882 辑0003 tok""# 2-41 公地下入tok"
475	諾	7	lok	lok8	8	十五音聲調	下入	"5-7-283 诺0007 lok""# 2-40 公柳下入1ok"
475	各	10	kok	kok4	4	十五音聲調	上入	5-4-198 各0010 kok* 2-28 公求上入kok
475	圖	5	kok	kok4	4	十五音聲調	上入	"7-1-2996 图0005 kok""# 2-28 公求上入kok"
475	蔣	2	kok	kok4	4	十五音聲調	上入	"5-12-391 蒋0002 kok""# 2-28 公求上入kok"
475	格	1	khok	khok4	4	十五音聲調	上入	"7-4-5417 格0001 khok""# 5-8 江去上入khak -ak"
475	鄂	1	gok	gok8	8	十五音聲調	下入	7-1-947 鄂0001 gok1* 2-43 公语下入gok
475	萼	2	gok	gok8	8	十五音聲調	下入	"7-4-5614 萼0002 gok""# 2-43 公语下入lgok"
475	作	112	cok	tsok4	4	十五音聲調	上入	"1-480 作0112 cok""# 2-30 公上入cok"
475	錯	9	chok	tshok4	4	十五音聲調	上入	"7-3-4806 错0009 chok""# [2-31 公出上入|chok"
475	作	2	ca	tsa8	8	十五音聲調	下入	"5-14-647 作0002 ca""# 241 公下入|cok →0k-8"
475	慈	50	ok	ok4	4	十五音聲調	上入	"5-20-180 慈0050 ok""# 2-31 公英上入ok"
475	郝	1	hik	hik4	4	十五音聲調	上入	7-2-4484 郝0001 hik 2-71 经喜上入hik
475	鶴	7	hok	hok8	8	十五音聲調	下入	"6-1-242 鹤0007 hok""# 2-43 公喜下入hok"
475	洛	5	lok	lok8	8	十五音聲調	下入	"2-420 洛0005 lok""# 2-39 公柳下入|1ok"
475	落	16	lok	lok8	8	十五音聲調	下入	"6-9-975 落0016 lok""# 2-40 公柳下入1ok"
475	酪	2	lok	lok8	8	十五音聲調	下入	7-2-955 酪0002 lok*2 2-40 公柳下入1ok
475	楽	95	lok	lok8	8	十五音聲調	下入	"6-2-119 楽0095 lok""# 2-40 公柳下入ok"
475	嬰	1	ku	ku8	8	十五音聲調	下入	7-2-4757 婴0001 ku* 447 姜求下入kiak →iak→8
475	露	2	khiak	khiak4	4	十五音聲調	上入	5-10-69 露0002 4-40 姜去上入/khiak -iak
475	虐	8	giak	giak8	8	十五音聲調	下入	"5-20-321 虐0008 giak""# 4-48 姜语下入 Igiak"
475	勺	1	ciak	tsiak4	4	十五音聲調	上入	7-2-4880 勺0001 ciak 4-41 姜含上入 ciak
475	的	3	ciak	tsiak4	4	十五音聲調	上入	"7-2-4431 的0003 ciak""# 4-41 姜会上入 ciak"
475	灼	2	ciak	tsiak4	4	十五音聲調	上入	"7-2-890 灼0002 ciak"" 4-41 姜含上入 ciak'"
475	的	3	ciak	tsiak4	4	十五音聲調	上入	"6-11-498 的0003 ciak"" 441 姜會上入ciak"
475	數	1	kik	kik4	4	十五音聲調	上入	"6-11-1590 数0001 kik""# 441 姜會上入ciak c-iak"
476	掉	9	chiok	tshiok4	4	十五音聲調	上入	"5-14-263 掉0009 chiok""# 441 姜出上入 chiak →iak"
476	第	3	siak	siak4	4	十五音聲調	上入	"7-2-4758 第0003 1ik""# 441 姜時上入 siak' →s→iak-→4"
476	豹	17	iak	iak4	4	十五音聲調	上入	"6-12-1898 豹0017 iak""# 441 姜英上入 iak'"
476	路	8	liok	liok8	8	十五音聲調	下入	"7-1-4127 路0008 liok""# 447 姜柳下入！ liak' →iak"
476	若	163	jiak	jiak8	8	十五音聲調	下入	6-3-1481 若0163 jiak'# 448 姜入下入！ jiak'
476	我	12	jiok	jiok8	8	十五音聲調	下入	"1-894 我0012 jiok""# 4 48 姜入下入！ jiak -iak"
476	停	23	ciak	tsiak4	4	十五音聲調	上入	"4-1641 停0023 ciak""# 441 姜誉上入ciak"
476	減	1	ciaks	tsiaks4	4	十五音聲調	上入	7-3-2101 减0001 ciaks 441 姜誉上入 ciak'
476	雀	9	chiak	tshiak4	4	十五音聲調	上入	"7-4-4594 雀0009 chiak""# 441 姜出上入 chiak'"
476	鵡	6	chiak	tshiak4	4	十五音聲調	上入	"7-3-1998 鹉0006 chiak""# 441 姜出上入/chiak'"
476	創	9	siet	siet4	4	十五音聲調	上入	"1-900 创0009 siet""# 4-41 姜時上入/siak →iak"
476	羅	7	iak	iak8	8	十五音聲調	下入	6-1-250 羅0007 iak'并 4 48 姜英下入liak
476	篇	2	iak	iak8	8	十五音聲調	下入	6-2-164 篇0002 4 48 姜英下入iak
476	第	3	iak	iak8	8	十五音聲調	下入	7-3-3775 第0003 iak 448 姜英下入liak
476	渝	1	ikig	ikig8	8	十五音聲調	下入	6-5-1558 渝0001 i0kig 448 姜英下入jiak →iak
476	光	35	kong	kong1	1	十五音聲調	上平	"2-56 光0035 kong""# 2-17 公求上卒kong"
476	汪	1	ong	ong1	1	十五音聲調	上平	7-2-4967 汪0001 ong. 2-20 公英上卒long
476	育	1	bong	bong5	5	十五音聲調	下平	"7-3-5604 育0001 bong"" 2-35 公用下卒bong"
476	荒	12	hong	hong1	1	十五音聲調	上平	"2-8 荒0012 hong"" 2-21 公喜上卒hong"
476	皇	24	hong	hong5	5	十五音聲調	下平	"1-543 皇0024 hong""# 2-36 公喜下卒hong"
476	杭	1	hang	hang5	5	十五音聲調	下平	"7-2-3340 杭0001 hang""# 2-36 公喜下平hang"
476	煌	2	hong	hong5	5	十五音聲調	下平	"2-880 煌0002 hong""# 2-36 公喜下平hong"
476	黃	35	hong	hong5	5	十五音聲調	下平	"24 黄0035 hong""# 2-36 公喜下卒hong"
476	煌	2	hong	hong5	5	十五音聲調	下平	"2-840 煌0002 hong""# 2-36 公喜下至bong"
476	璜	1	hong	hong5	5	十五音聲調	下平	7-3-4519 璜0001 2-36 公喜下平,hong
476	潢	1	hong	hong5	5	十五音聲調	下平	"7-1-2762 潢0001 hong""# 2-36 公喜下平hong"
476	狂	16	kong	kong5	5	十五音聲調	下平	"5-17-425 狂0016 kong""# 2-33 公求下平kong"
476	王	406	ong	ong5	5	十五音聲調	下平	"1-597 王0406 ong""# 2-35 公英下卒long"
476	廣	20	kong	kong2	2	十五音聲調	上上	"1-777 广0020 kong""# [2-22 公求上上kong"
476	慌	1	hong	hong1	1	十五音聲調	上平	"7-2-5840 慌0001 hong""# 2-21 公喜上平hong"
476	柱	15	ong	ong2	2	十五音聲調	上上	"5-2-418 柱0015 ong""# 2-24 公英上上]ong"
476	往	57	ong	ong2	2	十五音聲調	上上	"2-20 往0057 ong""# [2-24 公英上上ong"
476	讀	2	khong	khong3	3	十五音聲調	上去	"6-7-1093 读0002 khong"" 2-26 公去上去khong"
477	賴	2	khong	khong3	3	十五音聲調	上去	"7-3-5698 赖0002 khong""# 2-26 公去上去khong"
477	橫	3	khong	khong4	4	十五音聲調	上入	"6-3-2249 横0003 khong"" 2-29 公去上入khok *0k→4"
477	況	15	hong	hong3	3	十五音聲調	上去	"6-4-676 况0015 hong""# 2-28 公喜上去hong -3"
477	脫	2	hong	hong2	2	十五音聲調	上上	"7-3-173 脱0002 hong""# 2-25 公喜上上hong"
477	郭	14	kok	kok4	4	十五音聲調	上入	"6-4-29 郭0014 kok""# 2-28 公求上入kok"
477	翟	2	hok	hok4	4	十五音聲調	上入	"7-4-643 翟0002 hok"" 2-31 公喜上入hok"
477	烹	9	phing	phing1	1	十五音聲調	上平	"6-9-602 烹0009 phing""# 2-57 經颜上平phing"
477	彭	5	phing	phing5	5	十五音聲調	下平	"5-7-20 彭0005 phing""# 2-75 经颜下平phing"
477	盲	2	bong	bong5	5	十五音聲調	下平	"7-3-968 盲0002 bong""# 2-76 经胃下至bing -ing"
477	振	2	ching	tshing5	5	十五音聲調	下平	"5-5-366 振0002 ching""# 2-75 經地下平ing"
477	杭	1	king	king1	1	十五音聲調	上平	"7-3-2957 杭0001 king""# 2-56 經求上卒[king"
477	更	11	king	king1	1	十五音聲調	上平	"7-2-2785 更0011 king""# 2-56 經求上平[king"
477	庚	4	king	king1	1	十五音聲調	上平	"7-1-1731 庚0004 king""# 2-56 经求上平[king"
477	熒	11	king	king1	1	十五音聲調	上平	"5-10-409 荧0011 king""# 2-56 經求上平king"
477	坑	1	khong	khong1	1	十五音聲調	上平	7-4491 坑0001 khong 2-57 经去上卒khing →ing-+1
477	京	1	king	king5	5	十五音聲調	下平	"7-2-6368 京0001 king."" 2-74 经求下卒king"
477	信	1	chong	tshong5	5	十五音聲調	下平	"7-2-6463 信0001 chong"" 2-77 经出下卒ching →ing"
477	生	203	sing	sing1	1	十五音聲調	上平	"1-1059 生0203 sing""# 2-59 经時上卒sing"
477	牲	7	sing	sing1	1	十五音聲調	上平	"6-12-1490 牲0007 sing""# 2-59 經时上卒sing"
477	笙	1	sing	sing1	1	十五音聲調	上平	"2-456 笙0001 sing""# 2-59 經時上卒sing"
477	猩	2	sing	sing1	1	十五音聲調	上平	"7-4-5265 猩0002 sing"" 2-59 经时上平sing"
477	行	250	hing	hing5	5	十五音聲調	下平	"1-201 行0250 hing""# 2-77 經喜下卒hing"
477	衡	10	hing	hing5	5	十五音聲調	下平	"2-536 衡0010 hing""# 2-77 羟喜下平hing"
477	乒	27	ping	ping1	1	十五音聲調	上平	"2-504 乒0027 ping""# 2-56 经遗上平ping"
477	平	54	ping	ping5	5	十五音聲調	下平	"1-651 平0054 ping""# 2-74 经逐下平ping"
477	明	130	bing	bing5	5	十五音聲調	下平	"1-501 明0130 bing""# 2-76 轻門下平bing"
477	盟	7	bing	bing5	5	十五音聲調	下平	"2-584 盟0007 bing""# 2-76 经间下卒bing"
477	嗚	17	bing	bing5	5	十五音聲調	下平	"6-3-393 呜0017 bing""# 2-76 經门下平bing"
477	荊	9	king	king1	1	十五音聲調	上平	"5-13-316 荆0009 king""# 2-56 经求上平king"
477	京	6	king	king1	1	十五音聲調	上平	"1-804 京0006 king""# 2-56 經求上平king"
477	鄂	37	khing	khing1	1	十五音聲調	上平	"2-496 鄂0037 khing""# 2-57 经去上平khing"
477	擎	1	king	king5	5	十五音聲調	下平	"7-2-3584 擎0001 king""# 2-74 經求下平[king -5"
478	英	25	ing	ing1	1	十五音聲調	上平	"2-480 英0025 ing""# 2-59 經英上平ing"
478	真	7	cing	tsing1	1	十五音聲調	上平	5-15-826 真0007 2-58 经會上平cing
478	巔	2	cing	tsing1	1	十五音聲調	上平	"1-810 巅0002 cing""# 2-58 短會上平cing"
478	呈	3	thing	thing5	5	十五音聲調	下平	"7-2-251 呈0003 thing"" 2-75 經地下卒ting"
478	程	10	ting	ting5	5	十五音聲調	下平	"44 程0010 ting""# 2-75 经地下平ting"
478	程	2	thing	thing5	5	十五音聲調	下平	"6-3-2633 程0002 thing"" 2-75 经地下平ting"
478	醒	1	thing	thing5	5	十五音聲調	下平	"7-3-2398 醒0001 thing""# 2-75 經地下平ting"
478	名	100	bing	bing5	5	十五音聲調	下平	"41355 名0100 bing""# 2-76 經下平bing"
478	輕	26	khing	khing1	1	十五音聲調	上平	"2-520 轻0026 khing""# 2-57 经去上卒[khing"
478	輕	1	khin	khin1	1	十五音聲調	上平	"6-5-2109 轻0001 khin"" 415 巾去上卒khin"
478	旌	6	sing	sing1	1	十五音聲調	上平	"6-6-55 旌0006 sing""# 12-59 經時上卒[sing"
478	晶	1	cing	tsing1	1	十五音聲調	上平	"7-1-1476 晶0001 cing""# 2-58 经鲁上平[cing"
478	菁	1	ching	tshing1	1	十五音聲調	上平	"7-4-6369 菁0001 ching""# 2-60 經出上卒ching"
478	晴	1	ching	tshing1	1	十五音聲調	上平	"7-4-2279 晴0001 ching""# 2-58 经鲁上平[cing"
478	精	24	cing	tsing1	1	十五音聲調	上平	2-600 精0024 2-58 經鲁上平cing
478	清	32	ching	tshing1	1	十五音聲調	上平	"5-18-514 清0032 ching""# 2-60 經出上平ching"
478	情	24	cing	tsing5	5	十五音聲調	下平	"5-13-240 情0024 cing"" 2-75 经會下卒ing"
478	晴	2	ching	tshing5	5	十五音聲調	下平	"7-1-2198 晴0002 ching"" 2-75 经會下卒cing"
478	嬰	2	ing	ing1	1	十五音聲調	上平	"7-2-4538 婴0002 ing""# 2-59 經英上卒ing"
478	接	1	ing	ing1	1	十五音聲調	上平	"6-14-890 接0001 ing""# 2-59 經英上平ling"
478	盈	16	ing	ing5	5	十五音聲調	下平	"5-7-560 盈0016 ing""# 2-76 经英下卒ling"
478	橙	1	ing	ing5	5	十五音聲調	下平	"2-448 橙0001 ing""# 2-76 经英下卒ling"
478	贏	4	ing	ing5	5	十五音聲調	下平	"1-1218 赢0004 ing""# 2-76 經英下平ling"
478	贏	2	ing	ing5	5	十五音聲調	下平	"7-3-1942 赢0002 ing""# 2-76 經英下平ling"
478	猛	9	bing	bing2	2	十五音聲調	上上	"5-7-874 猛0009 bing""# 2-63 经上上bing"
478	猛	1	bing	bing2	2	十五音聲調	上上	"7-3-3689 猛0001 bing""# 2-63 经門上上bing"
478	打	1	tanns	tanns2	2	十五音聲調	上上	"7-43717 打0001 tann""s 6-4 盟地上上tann?"
478	梗	1	king	king7	7	十五音聲調	下去	"7-3-1277 梗0001 king""# 2-78 經求下去king"
478	復	1	king	king2	2	十五音聲調	上上	"7-1-3576 复0001 king""# 2-61 經求上上king"
478	杏	3	hing	hing7	7	十五音聲調	下去	"7-4-6231 杏0003 hing""# 2-80 經喜下去hing"
478	丙	4	ping	ping2	2	十五音聲調	上上	"6-9-1882 丙0004 ping."" 2-61 经逐上上ping"
478	秉	7	ping	ping2	2	十五音聲調	上上	"5-6-127 秉0007 ping""# 2-61 经逐上上ping"
478	炳	2	ping	ping2	2	十五音聲調	上上	"7-1-3989 炳0002 ping""# 2-61 经逸上上ping"
478	景	26	king	king2	2	十五音聲調	上上	7-1-1776 景0026 2-61-- 經求上上king
478	境	8	king	king2	2	十五音聲調	上上	"6-2457 境0008 king""# 2-61 [经求上上[king"
478	警	3	king	king2	2	十五音聲調	上上	"1-1134 警0003 king""# 2-61 經求上上king"
478	微	1	king	king2	2	十五音聲調	上上	"7-2-596 微0001 king"" 2-61 經求上上king"
478	影	4	ing	ing2	2	十五音聲調	上上	"7-2-5096 影0004 ing""# 2-63 经英上上ling"
479	餅	2	ping	ping2	2	十五音聲調	上上	"7-2-4532 饼0002 ping"" 2-61 经遗上上ping"
479	屏	3	ping	ping2	2	十五音聲調	上上	"5-20-178 屏0003 ping""# 2-61 经逐上上ping"
479	頸	2	king	king7	7	十五音聲調	下去	"7-4-2415 颈0002 king""# 2-78 经求下去king"
479	並	19	cing	tsing2	2	十五音聲調	上上	"6-3-2095 并0019 cing""# 2-62 经鲁上上cing"
479	靖	6	cing	tsing7	7	十五音聲調	下去	"7-3-3224 靖0006 cing""# 2-79 经會下去cing"
479	靜	7	cing	tsing7	7	十五音聲調	下去	"3-85 静0007 cing""# 2-79 经含下去|cing"
479	省	17	sing	sing2	2	十五音聲調	上上	"4-2217 省0017 sing""# 2-63 經时上上sing"
479	孟	336	bing	bing7	7	十五音聲調	下去	"6-11-2476 孟0336 bing""# 2-80 經門下去bingi"
479	更	14	king	king3	3	十五音聲調	上去	7-3-4544 更0014 2-64 经求上去king
479	行	36	hing	hing7	7	十五音聲調	下去	"6-3-1184 行0036 hing""# 2-80 经喜下去hing"
479	柄	1	ping	ping2	2	十五音聲調	上上	"7-3-1046 柄0001 ping"" 2-61 经逐上上ping"
479	病	34	ping	ping7	7	十五音聲調	下去	"5-7-808 病0034 ping""# 2-78 经逐下去ping"
479	命	117	bing	bing7	7	十五音聲調	下去	"1-435 命0117 bing""# 2-80 经門下去bing"
479	數	90	king	king3	3	十五音聲調	上去	"1-309 数0090 king""# 2-64 经求上去[king"
479	競	5	king	king2	2	十五音聲調	上上	"2-304 竞0005 king""# 2-61 经求上上king"
479	鏡	8	king	king3	3	十五音聲調	上去	"7-2-1386 镜0008 king""# 2-64 经求上去king"
479	度	8	khing	khing3	3	十五音聲調	上去	"2-232 度0008 khing""# 2-65 經去上去khing"
479	娩	6	king	king7	7	十五音聲調	下去	"2-240 娩0006 king""# 2-78 经求下去king"
479	迎	4	ging	ging7	7	十五音聲調	下去	"7-2-3202 迎0004 ging""# 2-80 经语下去lging"
479	映	3	iang	iang3	3	十五音聲調	上去	"2-280 映0003 iang'""# 4-39 姜英上去liang"
479	並	4	ping	ping3	3	十五音聲調	上去	"1-636 并0004 ping""# 2-64 经逻上去ping"
479	娉	1	phing	phing1	1	十五音聲調	上平	"7-2-3907 娉0001 phing"" 2-57 经頭上平phing"
479	聘	9	phing	phing3	3	十五音聲調	上去	"4-2257 聘0009 phing""# 2-65 经颜上去phing"
479	勁	1	king	king7	7	十五音聲調	下去	"7-3-4137 劲0001 king"" 2-78 经求下去king"
479	倩	1	ching	tshing3	3	十五音聲調	上去	"7-3-6391 倩0001 ching"" 2-66 经出上去|ching"
479	清	1	ching	tshing3	3	十五音聲調	上去	"2-264 清0001 ching""# 2-66 經出上去|ching"
479	姓	36	sing	sing3	3	十五音聲調	上去	"5-7-705 姓0036 sing""# 2-65 经時上去sing"
479	性	67	sing	sing3	3	十五音聲調	上去	"3-1900 性0067 sing""# 2-65 经时上去|sing"
479	百	152	pik	pik4	4	十五音聲調	上入	"1-138 百0152 pik""# 2-67 经邀上入pik"
479	伯	75	pik	pik4	4	十五音聲調	上入	"5-2-155 伯0075 pik""# 2-67 经透上入(pik"
479	柏	6	pik	pik4	4	十五音聲調	上入	"5-3478 柏0006 pik""# 2-67 经逐上入pik"
479	追	1	pik	pik4	4	十五音聲調	上入	"6-6-1492 追0001 pik"" 2-67 经逻上入pk"
479	珀	2	phik	phik4	4	十五音聲調	上入	7-3-4207 珀0002 phik 2-68 经颂上入|phik
479	晚	8	phik	phik4	4	十五音聲調	上入	"7-1-2095 晚0008 phik""# 2-69 经赖上入/phik"
479	白	60	pik	pik8	8	十五音聲調	下入	"6-11-234 白0060 pik""# 2-81 轻逻下入pik"
479	帛	12	pik	pik8	8	十五音聲調	下入	"5-17-502 帛0012 pik""# [2-81 经下入pik"
480	栢	2	bik	bik8	8	十五音聲調	下入	43697 栢0002 bik# 2-84 經門下入b退
480	磷	1	kiet	kiet8	8	十五音聲調	下入	"7-1-2485 磷0001 kiet"" 1-39 坚求下入kiet"""
480	作	1	ceh	tseh8	8	十五音聲調	下入	7-3-3688 作0001 1-85 嘉曾下入|ceh” →eh→8
480	嫡	4	tik	tik8	8	十五音聲調	下入	7-2-1211 嫡0004 tik”# 2-82 經地下入[tik
480	宅	15	thik	thik8	8	十五音聲調	下入	"6-1-539 宅0015 thik""# 2-82 经他下入thk"
480	揮	19	ik	ik8	8	十五音聲調	下入	4-547 挥0019 2-82 經地下入ik
480	格	9	kik	kik4	4	十五音聲調	上入	"3-182 格0009 kik""# 2-67 經求上入[kik"
480	客	21	khik	khik4	4	十五音聲調	上入	"5-14-623 客0021 khik""# 2-67 羟去上入khik"
480	毅	2	giah	giah8	8	十五音聲調	下入	"74-1191 毅0002 giah""# 2-84 经语下入gik"
480	索	7	sik	sik4	4	十五音聲調	上入	"4-99 索0007 sik""# 2-71 經時上入|sik"
480	薪	5	hik	hik4	4	十五音聲調	上入	"6-2-653 薪0005 hik""# 2-71 经喜上入|hik"""
480	載	2	kik	kik4	4	十五音聲調	上入	"7-2-6406 载0002 kik""# 2-67 经求上入[kik"
480	隙	2	khik	khik4	4	十五音聲調	上入	"6-6-650 隙0002 khik""# 12-68 經去上入khik"
480	豁	1	khik	khik4	4	十五音聲調	上入	"5-10-227 豁0001 khik""# 2-68 經去上入khik"
480	逆	12	lgik	lgik8	8	十五音聲調	下入	6-8-1456 逆0012 2-84 經语下入lgik
480	闢	19	phik	phik4	4	十五音聲調	上入	"6-5-2199 辟0019 phik""# 2-69 經頭上入phik"
480	薛	17	pi	pi7	7	十五音聲調	下去	4-518 薛0017 6-71 居逐下去pi
480	壁	7	phik	phik4	4	十五音聲調	上入	"6-9-2538 壁0007 phik""# 2-68 经颇上入phik"
480	癖	1	phik	phik4	4	十五音聲調	上入	7-3-5014 癖0001 phik# 2-68 經類上入phik
480	薛	7	pit	pit8	8	十五音聲調	下入	"6-12-1382 薛0007 pit""# 4-30 市逐下入pit"
480	薛	5	phi	phi3	3	十五音聲調	上去	43549 薛0005 phi 6-58 居颇上去phi
480	陳	5	cik	tsik4	4	十五音聲調	上入	"2-612 陈0005 cik""# 2-70 经鲁上入cik"
480	橫	5	cik	tsik4	4	十五音聲調	上入	2-228 横0005 2-69 經會上入cik
480	贛	1	cik	tsik4	4	十五音聲調	上入	7-1-2556 赣0001 2-70 经會上入|cik
480	籍	1	cik	tsik8	8	十五音聲調	下入	2-301 籍0001 2-82 經會下入|cik
480	籍	10	cik	tsik8	8	十五音聲調	下入	"1-1050 籍0010 cik""# 2-82 经會下入cik"
480	療	4	cit	tsit4	4	十五音聲調	上入	"7-2-6130 疗0004 cit""# 4-23 巾曾上入cit*"
480	昔	35	sik	sik4	4	十五音聲調	上入	"6-8-2052 昔0035 sik""# 2-71 經時上入[sik"
480	借	12	sik	sik4	4	十五音聲調	上入	"7-3-4316 借0012 sik""# 2-71 經時上入sik"
480	烹	3	sik	sik4	4	十五音聲調	上入	7-2-6488 烹0003 sik 2-71 經時上入[sik
480	席	11	sik	sik8	8	十五音聲調	下入	"1-102 席0011 sik""# 2-83 經時时下入sik"
480	夕	9	sik	sik8	8	十五音聲調	下入	"7-1-267 夕0009 sik""# 2-82 經時下入sik"
480	歲	2	sik	sik8	8	十五音聲調	下入	"7-3-6130 岁0002 sik""# 2-83 經时下入|sik"
480	亦	197	k	k8	8	十五音聲調	下入	5-11-172 亦0197 2-83 經英下入k°
480	膠	2	k	k8	8	十五音聲調	下入	"7-2-6673 胶0002 退""# 2-83 經英下入k"
481	驛	3	k	k8	8	十五音聲調	下入	"7-1-2869 驿0003 ""# 2-83 经英下入k"
481	雙	1	hong	hong5	5	十五音聲調	下平	"7-3-3302 双0001 hong"" 2-36 公喜下卒hong"
481	橫	6	hing	hing5	5	十五音聲調	下平	"2-576 横0006 hing""# 2-77 經喜下平hing"
481	兄	79	hing	hing1	1	十五音聲調	上平	"4-1001 兄0079 hing""# 2-60 经喜上平hing"
481	第	21	ing	ing5	5	十五音聲調	下平	"5-19-836 第0021 ing""# 2-76 经英下平ling"
481	籤	1	ing	ing5	5	十五音聲調	下平	"1-1087 签0001 ing"" 2-76 经英下卒ing"
481	玫	10	king	king5	5	十五音聲調	下平	"7-2-1077 玫0010 king""# 2-74 經求下卒[king"
481	築	1	khing	khing5	5	十五音聲調	下平	"6-2-1262 筑0001 khing"" 2-74 经求下平[king"
481	禁	1	ing	ing5	5	十五音聲調	下平	"7-2-3596 禁0001 ing""# 2-76 经英下平[ing"
481	營	9	ing	ing5	5	十五音聲調	下平	"2-544 营0009 ing""# 2-76 经英下平ing"
481	永	6	ing	ing2	2	十五音聲調	上上	2-965 永0006 ing 2-63 经英上上ing
481	穎	2	ing	ing2	2	十五音聲調	上上	"7-1-4335 颖0002 ing""# 2-63 经英上上ing"
481	統	2	khik	khik4	4	十五音聲調	上入	"2-580 统0002 khik""# 2-68 经去上入khk"
481	疫	1	k	k8	8	十五音聲調	下入	"7-1-1649 疫0001 k""# 2-83 经英下入退"
481	萌	3	bing	bing5	5	十五音聲調	下平	"7-3-362 萌0003 bing""# 2-76 经門下平bing"
481	氓	3	bin	bin5	5	十五音聲調	下平	"6-5-1110 氓0003 bin""# 4-27 市門下卒[bin"
481	耕	36	king	king1	1	十五音聲調	上平	"5-18-178 耕0036 king""# 2-56 经求上平king"
481	鋰	2	kien	kien1	1	十五音聲調	上平	"7-4-3155 锂0002 kien""# 1-22 暨去上平khien' ->kh"
481	砼	4	king	king1	1	十五音聲調	上平	"5-13-762 砼0004 king"" 2-56 经求上平king"
481	爭	18	cing	tsing1	1	十五音聲調	上平	"1-642 争0018 cing""# 2-58 经含上卒cing"
481	翠	1	ing	ing1	1	十五音聲調	上平	"7-1-4560 翠0001 ing"" 2-59 经英上平ing"
481	徵	34	cing	tsing1	1	十五音聲調	上平	"6-2-1198 征0034 cing""# 2-58 经鲁上平cing"
481	正	2	cing	tsing1	1	十五音聲調	上平	"6-2-2868 正0002 cing"" 2-58 经含上平cing"
481	登	55	sing	sing1	1	十五音聲調	上平	"1-1203 登0055 sing""# 2-59 经時上卒[sing"
481	成	129	sing	sing5	5	十五音聲調	下平	"1-924 成0129 sing""# 2-76 轻时下平sing"
481	城	30	sing	sing5	5	十五音聲調	下平	"2-632 城0030 sing'""# 2-76 经时下卒[sing,"
481	盛	4	sing	sing5	5	十五音聲調	下平	"6-14-537 盛0004 sing""# 2-76 經時下平;sing"
482	截	64	sing	sing5	5	十五音聲調	下平	"3-192 截0064 sing""# 2-76 經時下卒sing"
482	萍	2	phing	phing5	5	十五音聲調	下平	"7-3-369 萍0002 phing"" 2-75 經颇下平phing"
482	屏	2	pin	pin5	5	十五音聲調	下平	"7-2-3189 屏0002 pin""# 4-25 巾逐下卒pin"
482	瓶	1	phin	phin5	5	十五音聲調	下平	"7-3-4768 瓶0001 phin""# 4-25 巾逐下卒pin"
482	冥	2	bing	bing5	5	十五音聲調	下平	"2-648 冥0002 bing""# 2-76 經門下平bing"
482	銘	5	bing	bing5	5	十五音聲調	下平	"2-528 铭0005 bing""# 2-76 经用下卒bing"
482	娛	2	bing	bing5	5	十五音聲調	下平	"7-2-145 娱0002 bing"" 2-76 经胃下卒bing"
482	冀	2	bing	bing5	5	十五音聲調	下平	"7-3-3451 冀0002 bing"" 2-76 羟下平bing"
482	囍	1	thing	thing1	1	十五音聲調	上平	"6-11-1177 囍0001 thing"" 2-58 经他上卒thing"
482	喜	1	thing	thing1	1	十五音聲調	上平	7-3-3225 喜0001 thing 2-57 經他上平[thing
482	廷	12	ting	ting5	5	十五音聲調	下平	"1-1071 廷0012 ting""# 2-74 经地下卒[ting"
482	亭	4	ting	ting5	5	十五音聲調	下平	"2-624 亭0004 ting""# 2-74 经地下卒ting"
482	庭	12	ting	ting5	5	十五音聲調	下平	"2-640 庭0012 ting""# 2-74 经地下卒ling"
482	停	2	thing	thing5	5	十五音聲調	下平	7-3-6217 停0002 2-75 经他下卒thing
482	婷	1	ting	ting5	5	十五音聲調	下平	"7-2-3908 婷0001 ting""# 2-74 经地下至ing"
482	享	14	ling	ling5	5	十五音聲調	下平	"2-568 享0014 ling""# 2-73 經柳下卒[ling"
482	涇	2	king	king1	1	十五音聲調	上平	"2-424 泾0002 king""# 2-56 經求上平[king"
482	經	49	kking	kking1	1	十五音聲調	上平	"1-399 经0049 Kking""# 2-56 經求上平[king"
482	星	22	sing	sing1	1	十五音聲調	上平	"1-156 星0022 sing""# 2-59 经时上卒[sing"
482	馨	3	hing	hing1	1	十五音聲調	上平	"2-268 馨0003 hing""# 2-60 經喜上卒hing"
482	刑	29	hing	hing5	5	十五音聲調	下平	"2-592 刑0029 hing""# 2-77 經喜下卒,hing"
482	形	17	hing	hing5	5	十五音聲調	下平	"42672 形0017 hing""# 2-77 经喜下卒,hing"
482	恰	2	ling	ling5	5	十五音聲調	下平	"7-3-2400 恰0002 ling"" 2-73 经柳下至ing"
482	玲	1	ling	ling5	5	十五音聲調	下平	7-3-3405 玲0001 ling 2-73 经柳下平ling
482	聆	1	ling	ling5	5	十五音聲調	下平	"2-689 聆0001 ling"" 2-73 经柳下平ling"
482	嶺	1	ling	ling5	5	十五音聲調	下平	"7-2-146 龄岭0001 ling""# 2-73 經柳下卒[ling"
482	霧	1	ling	ling5	5	十五音聲調	下平	7-2-5143 雾0001 2-73 经柳下卒ling
482	號	2	ling	ling5	5	十五音聲調	下平	"7-2-759 号0002 ling""# 2-73 經柳下平ling"
482	齡	4	ling	ling5	5	十五音聲調	下平	"1-99 龄0004 ling""# 2-73 经柳下至[ling"
482	冏	3	ling	ling5	5	十五音聲調	下平	"7-4-2541 冏0003 ling"" 2-73 经柳下平[ling"
482	幸	18	hing	hing7	7	十五音聲調	下去	"4-1148 幸0018 hing""# 2-80 經喜下去hing"
482	遇	3	thing	thing2	2	十五音聲調	上上	"1-613 遇0003 thing"" 2-62 經他上上thing"
482	聘	1	phing	phing3	3	十五音聲調	上去	"6-14-1596 聘0001 phing"" 2-65 經颤上去|phing"
482	整	2	cing	tsing2	2	十五音聲調	上上	7-34102 整0002 cing? 2-62 经鲁上上 cing
482	領	5	ling	ling2	2	十五音聲調	上上	"2-972 领0005 ling""# 2-60 經柳上上ing"
482	薇	4	ling	ling2	2	十五音聲調	上上	"7-1-1493 薇0004 ling""# 2-60 经柳上上ling"
483	亞	18	ping	ping7	7	十五音聲調	下去	"2-933 亚0018 ping"" 2-78 經透下去ping"
483	茗	2	bing	bing5	5	十五音聲調	下平	"7-3-2356 茗0002 bing""# 2-76 经門下至bing"
483	鼎	12	ting	ting2	2	十五音聲調	上上	"1-672 鼎0012 ting""# 2-62 经地上上ting"
483	挺	1	thing	thing2	2	十五音聲調	上上	"7-1-2883 挺0001 thing"" 2-62 经他上上thing"
483	挺	2	thing	thing2	2	十五音聲調	上上	"6-1-700 挺0002 thing""# 2-62 经他上上thing"
483	醒	3	sing	sing2	2	十五音聲調	上上	"7-3-2778 醒0003 sing""# 2-63 經時上上sing"
483	腔	1	king	king7	7	十五音聲調	下去	"5-14-1305 腔0001 king""# 2-78 经求下去king"
483	冷	2	ling	ling2	2	十五音聲調	上上	"7-1-2258 冷0002 ling"" 2-60 经柳上上ling"
483	進	1	ping	ping2	2	十五音聲調	上上	"3-1837 进0001 ping"" 2-61 经逻上上ping"
483	硬	1	king	king7	7	十五音聲調	下去	"7-4-836 硬0001 king"" 2-80 經语下去ging"
483	政	123	cing	tsing3	3	十五音聲調	上去	"2-312 政0123 cing""# 2-65 经鲁上去|cing"
483	正	105	cing	tsing3	3	十五音聲調	上去	"3-967 正0105 cing""# 2-65 经誉上去cing"
483	聖	82	sing	sing3	3	十五音聲調	上去	"2-208 聖0082 sing""# 2-65 經时上去|sing"
483	盛	22	sing	sing7	7	十五音聲調	下去	"2-272 盛0022 sing""# 2-79 经时下去|sing"
483	今	41	ling	ling7	7	十五音聲調	下去	"1-981 今0041 ling""# 2-78 经柳下去[ling"
483	定	44	ting	ting7	7	十五音聲調	下去	"1-834 定0044 ting""# 2-79 经地下去ing"
483	倭	14	lin	lin7	7	十五音聲調	下去	"5-5-98 倭0014 lin""# 2-78 經柳下去ling ing"
483	徑	2	king	king3	3	十五音聲調	上去	"5-6436 径0002 king""# 2-64 经求上去king"
483	磐	4	khing	khing3	3	十五音聲調	上去	"5-14-1129 磐0004 khing"" 2-65 經去上去khing"
483	姿	7	bik	bik8	8	十五音聲調	下入	"6-11-943 姿0007 bik""# 2-84 经阿下入bik"
483	摘	1	ik	ik4	4	十五音聲調	上入	7-3-3203 摘0001 2-68 经地上入ik
483	革	6	kik	kik4	4	十五音聲調	上入	"1-255 革0006 kik""# 2-67 经求上入[kik"
483	畐	2	kik	kik4	4	十五音聲調	上入	"6-3-301 畐0002 kik""# 2-67 經求上入[kik"
483	青	13	cik	tsik4	4	十五音聲調	上入	"5-15-398 青0013 cik""# 2-69 经鲁上入|cik"
483	黃	2	cik	tsik4	4	十五音聲調	上入	7-3-5363 黄0002 2-70 经鲁上入cik
483	箕	1	cik	tsik4	4	十五音聲調	上入	"7-3-5701 箕0001 cik""# 2-69 经旨上入cik"
483	策	8	chik	tshik4	4	十五音聲調	上入	"4-1760 策0008 chik""# 2-72 经出上入chik"
483	距	4	ik	ik4	4	十五音聲調	上入	"6-3-2616 距0004 ik"" 2-72 經英上入ik"
483	核	1	hik	hik8	8	十五音聲調	下入	"7-4-5963 核0001 hik""# 2-84 经喜下入|hik"
483	碧	4	phik	phik4	4	十五音聲調	上入	"7-1-1464 碧0004 phik"" 2-69 經颂上入phik"
483	找	3000	kaki	kaki8	8	十五音聲調	下入	7-2-6063 找30005 kaki9 2-81 經地下入ik -t-ik
483	雋	1	ciah	tsiah4	4	十五音聲調	上入	"7-4-3500 隽0001 ciah"" 5-54 迦誉上入|ciah"
483	路	3	cik	tsik4	4	十五音聲調	上入	"6-6-2371 路0003 cik""# 2-70 经售上入cik"
484	跪	2	cik	tsik4	4	十五音聲調	上入	6-13-1310 跪0002 2-70 經鲁上入|cik
484	斥	1	thik	thik4	4	十五音聲調	上入	"7-1-3645 斥0001 thik""# 2-69 經他上入(thik"
484	赤	24	chik	tshik4	4	十五音聲調	上入	"5-11-1034 赤0024 chik""# 2-72 經出上入chk"
484	時	4	sik	sik8	8	十五音聲調	下入	"5-7-577 时0004 sik""0 2-82 經時下入sik"
484	遮	17	sik	sik4	4	十五音聲調	上入	"6-11-2246 遮0017 sik""# 2-71 經時上入[sik"
484	釋	20	sik	sik4	4	十五音聲調	上入	"3-666 释0020 sik""# 2-71 经時上入sik"
484	筷	2	sik	sik4	4	十五音聲調	上入	"7-3-3874 筷0002 sik""# 2-71 經時上入si退"
484	石	47	sik	sik8	8	十五音聲調	下入	"2-636 石0047 sik""# 2-82 經時下入|sik"
484	碩	2	sik	sik8	8	十五音聲調	下入	3-1115 硕0002 sik”# 2-82 經時下入[sik
484	壁	5	phik	phik4	4	十五音聲調	上入	"7-1-663 壁0005 phik"" 2-68 经類上入phik"
484	薛	1	phik	phik4	4	十五音聲調	上入	"6-5-550 薛0001 phik""# 2-68 經上入phik"
484	第	2	ba	ba8	8	十五音聲調	下入	"7-4-2455 第0002 ba"" 2-84 经用下入bik →k→8"
484	的	2	ik	ik4	4	十五音聲調	上入	2-755 的0002 2-68 经地上入ik
484	滴	1	bik	bik4	4	十五音聲調	上入	7-2-3571 滴0001 2-68 经地上入bik
484	剔	1	thik	thik4	4	十五音聲調	上入	"7-4-6168 剔0001 thik""# 2-69 经他上入thik"
484	惕	1	thik	thik4	4	十五音聲調	上入	"6-3-2099 惕0001 thik""# 2-69 经他上入thik"
484	狄	21	tik	tik8	8	十五音聲調	下入	41083 狄0021 tik”# 2-82 经地下入ik
484	獲	1	tik	tik8	8	十五音聲調	下入	"7-4-5915 获0001 tik"" 2-82 经地下入[ik"
484	翟	2	ik	ik8	8	十五音聲調	下入	6-6-2011 翟0002 2-82 經地下入ik
484	散	31	tik	tik8	8	十五音聲調	下入	"6-1-970 散0031 tik""# 2-82 經地下入ik"
484	耀	1	tiap	tiap8	8	十五音聲調	下入	"6-12-1562 耀0001 tiap""# 2-82 經地下入[bik →-→8"
484	激	3	kik	kik4	4	十五音聲調	上入	6-11-186 激0003 kik 2-67 經求上入[kik
484	翠	9	kik	kik4	4	十五音聲調	上入	"7-1-2532 翠0009 kik""# 2-67 經求上入kik +-50"
484	貌	4	giet	giet8	8	十五音聲調	下入	6-6-2482 貌0004 1-42 坚语下入giet -iet8
484	績	5	cik	tsik4	4	十五音聲調	上入	"6-9-454 绩0005 cik""# 2-69 经會上入cik"
484	威	25	chik	tshik4	4	十五音聲調	上入	"5-3-87 威0025 chik""# 2-72 經出上入chik"
484	感	1	chik	tshik4	4	十五音聲調	上入	2-749 感0001 2-72 经出上入chik
484	哲	4	sik	sik4	4	十五音聲調	上入	"6-7-1959 哲0004 sik""# 2-71 經時上入[sik"
484	析	1	sik	sik4	4	十五音聲調	上入	"5-16-249 析0001 sik""# 2-71 經時上入sik"
484	浙	2	sik	sik4	4	十五音聲調	上入	"6-10-266 浙0002 sik"" 2-71 經時上入[sik"
484	錫	5	sik	sik4	4	十五音聲調	上入	"7-2-6501 锡0005 sik""# 2-71 經時上入sik"
484	皙	3	sik	sik4	4	十五音聲調	上入	"5-11-747 皙0003 sik""# 2-71 經時上入sik"
484	楊	2	thik	thik4	4	十五音聲調	上入	"6-3-2631 楊0002 thik""# 2-69 經他上入thik"
484	寂	3	cik	tsik8	8	十五音聲調	下入	"7-4-3314 寂0003 cik""# 2-82 經會下入lcik*"
484	撤	4	hik	hik8	8	十五音聲調	下入	"7-4-881 撤0004 hik""# 2-85 經喜下入hik"
484	期	1	hik	hik8	8	十五音聲調	下入	"7-43343 期0001 hik""# 2-84 經喜下入hik"
484	臀	4	lik	lik8	8	十五音聲調	下入	5-20-13 臀0004 2-81 经柳下入[lik°
484	楚	7	lik	lik8	8	十五音聲調	下入	"2-756 楚0007 lik""# 2-81 经柳下入[lik"
484	模	1	lik	lik8	8	十五音聲調	下入	"74-5677 模0001 lik""# 2-81 经柳下入ik"
485	宏	3	hong	hong5	5	十五音聲調	下平	"7-1-3976 宏0003 hong""# 2-36 公喜下平|hong"
485	蛋	2	ing	ing5	5	十五音聲調	下平	1-1017 蛋0002 ing'# 2-76 經英下平ing
485	編	1	king	king2	2	十五音聲調	上上	"4-3811 编0001 king""# 2-61 經求上上king"
485	迥	1	king	king2	2	十五音聲調	上上	"7-2-6219 迥0001 king"" 2-61 [經求上上king"
485	獨	23	hik	hik8	8	十五音聲調	下入	"4-2324 独0023 hik""# 2-84 经喜下入hik"
485	夏	1	pue	pue5	5	十五音聲調	下平	"7-3-6196 夏0001 pue""# 3-11 活逻下平poo -00"
485	兜	2	tau	tau1	1	十五音聲調	上平	"6-9-687 兜0002 tau""# 5-33 交地上卒|tau"
485	愉	3	thoo	thoo1	1	十五音聲調	上平	"5-8-71 愉0003 thoo""# 3-2 活他上卒thoo"
485	投	15	too	too5	5	十五音聲調	下平	"7-2-2302 投0015 too""# [3-12 沾地下卒to0"
485	設	1	koo	koo5	5	十五音聲調	下平	"7-4-2205 設0001 koo"" 3-12 沽地下平|t00° →t→5"
485	頭	34	thio	thio5	5	十五音聲調	下平	"7-1-679 頭0034 thio""# 3-12 活他下卒thoo° 00"
485	句	2	koo	koo1	1	十五音聲調	上平	"6-13-290 句0002 koo"" 3-2 活求上卒k00"
485	溝	11	koo	koo1	1	十五音聲調	上平	"7-2-3102 溝0011 koo"" 3-2 沽求上平ko0"
485	約	4	koo	koo1	1	十五音聲調	上平	"7-3-4790 约0004 koo""# 3-2 活求上平k00"
485	蜀	1	coo	tsoo1	1	十五音聲調	上平	7-3-62 蜀0001 3-2 活鲁上平|coo
485	鶴	1	khis	khis1	1	十五音聲調	上平	7-4-5364 鹤0001 khis 3-3 活英上平00 110~00
485	歐	3	au	au1	1	十五音聲調	上平	7-1-2592 欧0003 5-33 交英上卒au
485	甄	1	au	au1	1	十五音聲調	上平	"7-1-3357 甄0001 au""# 5-33 交英上平au"
485	侯	91	hoo	hoo5	5	十五音聲調	下平	"4-2138 侯0091 hoo""# 3-13 活喜下卒hoo°"
485	喉	3	hoo	hoo5	5	十五音聲調	下平	"7-4-1936 喉0003 hoo""# 3-13 沽喜下平hoo"
485	猴	1	hoo	hoo5	5	十五音聲調	下平	"7-4-5068 猴0001 hoo""3 3-13 活喜下平hoo°"
485	候	2	ihoo	ihoo5	5	十五音聲調	下平	"7-2-2392 候0002 Ihoo"" 3-14 活喜下平hoo°"
485	要	4	l	l5	5	十五音聲調	下平	"6-7-2 要0004 l00""# 3-11 活柳下平[100°"
485	搜	4	l	l5	5	十五音聲調	下平	6-12-196 搜0004 l00~# 3-11 活柳下平[100°
485	樓	11	lo	lo5	5	十五音聲調	下平	"6-12-105 楼0011 lo0""# 3-11 活柳下平[100°"
485	鄂	14	coo	tsoo1	1	十五音聲調	上平	"6-1-2088 鄂0014 coo""# 3-2 活曾上平co0"
485	鄂	1	coo	tsoo1	1	十五音聲調	上平	5-3-354 鄂0001 3-2 活鲁上平coo
485	甄	1	coo	tsoo1	1	十五音聲調	上平	5-10-214 甄0001 3-2 沾鲁上平coo
485	搜	1	so	so1	1	十五音聲調	上平	7-4-3617 搜0001 3-3 活时上平so0
485	澧	1	s	s1	1	十五音聲調	上平	7-3-1294 澧0001 3-3 活時上平s00
485	浮	8	hu	hu5	5	十五音聲調	下平	"5-5-143 浮0008 hu""# 6-26 居喜下平|hu"
485	浮	1	hu	hu5	5	十五音聲調	下平	"7-4-4705 浮0001 hu"" 6-26 居喜下平hu"
485	車	3	boo	boo5	5	十五音聲調	下平	"5-17-308 车0003 boo"" 3-13 活門下卒boo"
486	胖	5	boo	boo5	5	十五音聲調	下平	"6-7-1633 胖0005 boo"" 3-13 活下卒boo° 21]"
486	伴	1	pien	pien5	5	十五音聲調	下平	"7-4-5395 伴0001 pien""# 3-13 活下卒[boo° →b→00 211"
486	菱	1	boo	boo5	5	十五音聲調	下平	6-11-942 菱0001 boo' 3-13 活下卒boo 211
486	矛	1	mau	mau5	5	十五音聲調	下平	"7-3-4162 矛0001 mau'"" 8-65 交下卒baunn +b→aunn 21"
486	整	1	boo	boo5	5	十五音聲調	下平	"7-3-3786 整0001 boo""# 8-64 交下至baunn +b→aunn 21"
486	抽	3	gnq	gnq1	1	十五音聲調	上平	2-759 抽0003 gnq? 6-78 他上平thiu 20
486	第	1	tu	tu5	5	十五音聲調	下平	7-3-1970 第0001 tu' 6-86 地下平liu 20
486	萬	8	khiu	khiu1	1	十五音聲調	上平	"7-3-4785 万0008 khiu"" 6-78 去上卒khiu 20"
486	邱	4	khiu	khiu1	1	十五音聲調	上平	"6-4-1003 邱0004 khiu""# 6-14 据去上平khu 20"
486	丘	33	khiu	khiu1	1	十五音聲調	上平	"7441 丘0033 khiu""# 6-78 去上卒khiu? 20"
486	仇	8	kiu	kiu5	5	十五音聲調	下平	"7-1-454 仇0008 kiu""# 6-85 求下卒iu 21"
486	求	145	kiu	kiu5	5	十五音聲調	下平	"1-414 求0145 kiu""# 6-85 求下卒iu 21"
486	裘	19	kiu	kiu5	5	十五音聲調	下平	"5-5-794 裘0019 kiu""# 16-86 求下卒kiu"
486	速	1	na	na5	5	十五音聲調	下平	7-2-3213 速0001 #.nA 6-85 求下卒kiu 21
486	牛	57	ngiu	ngiu5	5	十五音聲調	下平	"5-11-54 牛0057 ngiu""# 8-86 牛語下至 Igiunn giunn 20"
486	收	10	ns	ns1	1	十五音聲調	上平	6-8-307 收0010 #,n[s 6-79 時上卒[siu
486	夏	51	iu	iu1	1	十五音聲調	上平	"5-2-166 夏0051 iu""# 6-79 英上卒[liu"
486	復	10	iu	iu1	1	十五音聲調	上平	"5-14-269 复0010 iu""# 6-79 英上平iu"
486	鹿	3	ju	ju1	1	十五音聲調	上平	"7-3-2006 鹿0003 ju""# 6-79 英上平iu"
486	體	10	hiu	hiu1	1	十五音聲調	上平	"6-2-970 体0010 hiu""# 6-80 喜上卒hiu'"
486	陳	1	hiu	hiu1	1	十五音聲調	上平	6-6-1354 陈0001 6-80 喜上卒hiu'
486	鄄	3	iu	iu5	5	十五音聲調	下平	"7-3-2340 鄄0003 iu""# 6-87 英下卒liu"
486	流	33	liu	liu5	5	十五音聲調	下平	"4-657 流0033 liu""# [6-85 柳下平[liu"
486	留	14	liu	liu5	5	十五音聲調	下平	"6-12-402 留0014 liu""# 6-85 柳下卒liu"
486	到	16	liu	liu5	5	十五音聲調	下平	6-2-1295 到0016 liu*3 16-85 柳下平liu
486	柔	10	jiu	jiu5	5	十五音聲調	下平	"43618 柔0010 jiu""# 6-87 入下卒jiu"""
486	秋	53	chiu	tshiu1	1	十五音聲調	上平	"1-408 秋0053 chiu""# 6-80 出上平|chiu"
486	修	34	siu	siu1	1	十五音聲調	上平	"5-7-45 修0034 siu""# 6-79 時上平[siu'"
486	差	13	siu	siu1	1	十五音聲調	上平	"5-13-844 差0013 siu""# 6-79 時上平siu"
487	份	26	siu	siu1	1	十五音聲調	上平	"3-204 份0026 siu""# 6-79 時上平siu"
487	四	4	siu	siu5	5	十五音聲調	下平	"7-3-704 四0004 siu""# 6-87 時下平siu"
487	由	103	iu	iu5	5	十五音聲調	下平	"1-750 由0103 iu""# 6-87 英下平iu"
487	攸	10	iu	iu1	1	十五音聲調	上平	"6-6-1177 攸0010 iu""# 6-79 英上平u"
487	悠	5	iu	iu1	1	十五音聲調	上平	"4-2846 悠0005 iu"" 6-79 英上卒lu"
487	蔣	1	liu	liu5	5	十五音聲調	下平	7-4-5774 蒋0001 6-87 英下平liu
487	彪	4	piu	piu1	1	十五音聲調	上平	"7-2-2794 彪0004 piu""# 6-77 逐上平piu"
487	參	3	biu	biu5	5	十五音聲調	下平	"7-2-4072 参0003 biu""# 6-88 下平biu"
487	剖	2	pio	pio2	2	十五音聲調	上上	"7-4-6334 剖0002 pio* 3-5 活頭上上phoo"" ~ph→00"
487	社	4	boo	boo2	2	十五音聲調	上上	"5-20-43 社0004 boo""# 3-7 活上上boo"
487	某	4	boo	boo2	2	十五音聲調	上上	"5-15-884 某0004 boo"" 3-7 活阿上上boo"
487	款	23	boo	boo2	2	十五音聲調	上上	"2-660 款0023 boo""# 3-7 活上上boo"
487	母	95	bo	bo2	2	十五音聲調	上上	"1-27 母0095 bo""# 3-72 高上上[b0°"
487	拇	1	bo	bo2	2	十五音聲調	上上	"7-2-6226 拇0001 bo""# 3-72 高阴上上[bo'"
487	鬥	15	too	too2	2	十五音聲調	上上	"7-2-2146 斗0015 too""# 3-5 活地上上to0°"
487	狗	12	koo	koo2	2	十五音聲調	上上	"7-2-2846 狗0012 koo""# 3-5 活求上上k00"
487	垢	1	koo	koo2	2	十五音聲調	上上	"2-890 垢0001 koo"" 3-5 活求上上k00"
487	苟	40	koo	koo2	2	十五音聲調	上上	"5-13-176 苟0040 koo""# 3-5 活求上上k00"
487	偶	8	ngo	ngo2	2	十五音聲調	上上	"7-1-536 偶0008 ngo""# 8-5 适语上上goonn goonn"
487	耦	1	dgoo	dgoo2	2	十五音聲調	上上	"5-18-176 耦0001 Dgoo""# 18-5 站语上上goonn g→00nn~2"
487	走	12	co	tso2	2	十五音聲調	上上	6-1-413 走0012 co0°# 3-6 活上上|co0”
487	度	1	so	so1	1	十五音聲調	上平	6-14-1266 度0001 3-3 活时上平so0
487	叟	6	s	s2	2	十五音聲調	上上	"6-1-15 叟0006 so0""# 3-6 活时上上s00"
487	腹	11	s	s2	2	十五音聲調	上上	"6-7-2371 腹0011 s00""# 3-6 活时上上so0"
487	吼	1	khong	khong2	2	十五音聲調	上上	"7-2-1290 吼0001 khong""# 3-7 活喜上上hoo"" -h→00"
487	後	44	hoo	hoo7	7	十五音聲調	下去	"3-1395 后0044 hoo""# 3-17 沽喜下去hoo"""
487	厚	27	hoo	hoo7	7	十五音聲調	下去	"3-259 厚0027 hoo""# 3-17 沽喜下去|hoo'"
487	俊	194	hoo	hoo7	7	十五音聲調	下去	"1-891 俊0194 hoo""# 3-17 活喜下去hoo"
487	否	29	hoo	hoo2	2	十五音聲調	上上	"6-1-1560 否0029 hoo""# 3-7 活喜上上|hoo"
487	阜	3	hu	hu7	7	十五音聲調	下去	"7-3-2770 阜0003 hu""# 6-29 歸喜下去|hu"
487	負	19	hu	hu7	7	十五音聲調	下去	"6-1-603 负0019 hu'"" 6-29 喜下去|hu'"
487	婦	59	hu	hu7	7	十五音聲調	下去	"4-853 婦0059 hu""# 6-29 锯喜下去|hu"
487	肘	3	tiu	tiu2	2	十五音聲調	上上	"7-2-5209 肘0003 tiu""# 8-82 牛柳上上iunn -}-→iunn"
488	射	20	tiu	tiu7	7	十五音聲調	下去	"1-600 射0020 tiu""# 6-89 地下去iu"""
488	九	56	kiu	kiu2	2	十五音聲調	上上	"5-94 九0056 kiu""# 6-81 求上上iu"
488	久	42	kiu	kiu2	2	十五音聲調	上上	1-606 久0042 6-81 求上上kiu
488	玖	1	iu	iu2	2	十五音聲調	上上	7-2-3634 玖0001 6-81 求上上iu
488	韭	1	kiu	kiu2	2	十五音聲調	上上	"7-4-6065 韭0001 6-81 求上上kiu"""
488	名	3	kiu	kiu7	7	十五音聲調	下去	"5-3-503 名0003 kiu""# 6-89 求下去kiu'"
488	勇	1	kiu	kiu7	7	十五音聲調	下去	"3-1717 勇0001 6-89 求下去kiu"""
488	帝	1	n	n2	2	十五音聲調	上上	7-2-3050 帝0001 #n 6-81 上上ciu
488	醇	10	siu	siu2	2	十五音聲調	上上	"6-4-631 醇0010 siu""# 6-82 出上上[chiu' +ch"
488	手	31	siu	siu2	2	十五音聲調	上上	"5-6-318 手0031 siu""# 6-82 时上上[siu?"
488	守	43	siu	siu2	2	十五音聲調	上上	"6-7-1948 守0043 siu""# 6-82 時上上siu"
488	首	30	siu	siu2	2	十五音聲調	上上	"2-116 首0030 siu""# 6-82 時上上[siu"
488	受	98	siu	siu7	7	十五音聲調	下去	"5-12-261 受0098 siu""并 6-90 時下去siu'"
488	授	3	siu	siu7	7	十五音聲調	下去	"7-1-3463 授0003 siu""# 6-90 時下去[siu'"
488	朽	3	hiu	hiu2	2	十五音聲調	上上	"5-5-305 朽0003 hiu"" 6-82 喜上上hiu"""
488	友	86	iu	iu2	2	十五音聲調	上上	"1-93 友0086 iu""# 6-82 英上上iu"
488	有	915	iu	iu2	2	十五音聲調	上上	"3-102 有0915 iu""# 6-82 英上上iu"
488	柳	35	liu	liu2	2	十五音聲調	上上	"6-4-2036 柳0035 Liu"" 6-80 柳上上liu"
488	酒	52	ciu	tsiu2	2	十五音聲調	上上	5-10-368 酒0052 6-81 上上|ciu?
488	酉	1	iu	iu2	2	十五音聲調	上上	"7-3-5681 酉0001 iu""# 6-82 英上上iu"
488	芬	2	iu	iu2	2	十五音聲調	上上	"6-14-2078 芬0002 iu""# 6-82 英上上iu"
488	屆	6	iu	iu2	2	十五音聲調	上上	"5-6-315 届0006 iu""# 6-82 英上上iu"
488	美	1	iu	iu2	2	十五音聲調	上上	7-4-2647 美0001 6-82 英上上iu
488	橋	2	iu	iu2	2	十五音聲調	上上	7-4-1279 橋0002 iu*3 6-82 英上上u
488	制	2	kiu	kiu2	2	十五音聲調	上上	"5-14 463 制0002 kiu""# 6-81 求上上kiu"""
488	戊	5	boo	boo7	7	十五音聲調	下去	"7-1-1781 戊0005 boo""# 3-16 活下去boo'"
488	茂	6	boo	boo7	7	十五音聲調	下去	"6-5-1505 茂0006 boo""# 3-16 活胃下去boo'"
488	貿	1	boo	boo7	7	十五音聲調	下去	"7-4-1667 貿0001 boo"" 3-16 活阴下去[boo'"
488	姆	1	m	m2	2	十五音聲調	上上	"7-2-3059 姆0001 m"" 8-13 姆英上上m²"
488	透	1	thau	thau3	3	十五音聲調	上去	"7-2-6429 透0001 thau"" 5-37 交他上去thau"
488	豆	10	too	too7	7	十五音聲調	下去	"7-2 4949 豆0010 too""# 3-15 沽地下去|too"
488	貿	6	too	too7	7	十五音聲調	下去	"7-3-3350 贸0006 too""# 3-15 沽地下去too"""
488	橘	7	ko	ko3	3	十五音聲調	上去	"7-3-3492 橘0007 ko0""# 3-8 活求上去koo°"
488	段	4	ko	ko3	3	十五音聲調	上去	"741256 段0004 ko0""# 3-8 活求上去koo° -3"
488	扣	2	khoo	khoo3	3	十五音聲調	上去	"6-8-1166 扣0002 khoo"" 3-8 沽去上去khoo"
489	寇	24	khoo	khoo3	3	十五音聲調	上去	"6-8-1976 寇0024 khoo""# 3-8 活去上去khoo"""
489	炎	5	coo	tsoo3	3	十五音聲調	上去	"2-746 炎0005 coo""* 3-9 活鲁上去|coo°"
489	候	3	hoo	hoo7	7	十五音聲調	下去	"7-4-1354 候0003 hoo"" |3-17 沾喜下去hoo'"
489	逅	1	hoo	hoo7	7	十五音聲調	下去	"7-3-316 逅0001 hoo."" 3-17 活喜下去hoo"
489	漏	3	nau	nau7	7	十五音聲調	下去	"7-2-5200 漏0003 nau""# 5-43 交柳下去|lau"""
489	驟	1	cu	tsu7	7	十五音聲調	下去	"7-1-2940 骤0001 cu"" 3-16 沾鲁下去coo 00"
489	瘦	1	s	s2	2	十五音聲調	上上	"7-2-5381 瘦0001 S00""# 3-6 活時上上s00"
489	激	1	s	s3	3	十五音聲調	上去	7-3-2733 激0001 S00* 3-9 活時上去so0
489	富	71	hu	hu3	3	十五音聲調	上去	"1-843 富0071 hu""# 6-22 号喜上去|hu"
489	副	3	hu	hu3	3	十五音聲調	上去	"7-1-3210 副0003 hu""# 6-22 隔喜上去[hu"
489	我	9	hu	hu3	3	十五音聲調	上去	"4-3709 我0009 hu""# 6-22 解喜上去hu"
489	復	22	hiu	hiu7	7	十五音聲調	下去	"6-14-855 复0022 hiu""# 16-90 喜下去hiui"
489	畜	17	thiok	thiok4	4	十五音聲調	上入	"1-237 畜0017 thiok""# 3-56 恭他上入thiok"
489	宙	2	tiu	tiu7	7	十五音聲調	下去	"2-6 宙0002 tiu"" 6-89 地下去bu'"
489	胃	1	tiu	tiu7	7	十五音聲調	下去	"7-4-1621 胃0001 tiu"" 6-89 地下去liu"
489	胃	1	tiu	tiu7	7	十五音聲調	下去	7-1-2764 胃0001 6-89 地下去tiu'
489	灸	1	kiu	kiu3	3	十五音聲調	上去	"7-4-998 灸0001 kiu""# 6-83 求上去kiu -*3"
489	究	1	kiu	kiu3	3	十五音聲調	上去	"1-324 究0001 kiu""# 6-83 求上去kiu"
489	茨	3	kiu	kiu3	3	十五音聲調	上去	"4-2313 茨0003 kiu""# 6-83 求上去kiu"
489	效	14	kiu	kiu3	3	十五音聲調	上去	"6-2-2292 效0014 kiu""# 6-83 求上去kiu"
489	度	6	ki	ki3	3	十五音聲調	上去	"5-10-466 度0006 ki""# 6-83 求上去kiu →iu-3"
489	樞	3	kiu	kiu7	7	十五音聲調	下去	"7-3-5739 枢0003 kiu""# 6-89 求下去kiu'"
489	舊	17	kiu	kiu7	7	十五音聲調	下去	"2-820 舊0017 kiu""# 6-89 求下去kiu'"
489	咒	1	ciu	tsiu3	3	十五音聲調	上去	"7-4-3240 咒0001 ciu"" 6-84 鲁上去|ciu"
489	臭	9	hiu	hiu3	3	十五音聲調	上去	"3-836 臭009 hiu""# 6-84 出上去|chiu"
489	守	6	siu	siu3	3	十五音聲調	上去	"7-1-3795 守0006 siu""# 6-84 時上去siu"
489	狩	4	siu	siu3	3	十五音聲調	上去	"6-2-918 狩0004 siu""# 6-84 時上去siu"
489	默	39	siu	siu3	3	十五音聲調	上去	"2-436 默0039 siu""# 6-84 時上去[siu"
489	授	13	siu	siu7	7	十五音聲調	下去	"5-10-187 授0013 siu""# 6-90 時下去siu'"
489	嗅	1	hiu	hiu3	3	十五音聲調	上去	"5-10-644 嗅0001 hiu"" 6-85 喜上去hiu"
489	又	76	iu	iu7	7	十五音聲調	下去	"6-2-2207 又0076 iu""# 6-90 英下去iu"
489	右	71	iu	iu7	7	十五音聲調	下去	"3-1494 右0071 iu""# 6-90 英下去iu"
489	佑	3	iu	iu7	7	十五音聲調	下去	"4-1400 佑0003 iu""# 6-90 英下去u"
489	有	1	iu	iu7	7	十五音聲調	下去	7-3-5166 有0001 6-90 英下去iu
489	有	3	liu	liu7	7	十五音聲調	下去	7-4-3006 有0003 6-90 英下去liu'
489	就	1	liui	liui7	7	十五音聲調	下去	7-4-5873 就0001 6-90 』英下去liui
489	修	1	liok	liok8	8	十五音聲調	下入	3-1576 修0001 3-64 恭柳下入liok
489	就	29	ciu	tsiu7	7	十五音聲調	下去	"6-8-1321 就0029 ciu""# 6-89 鲁下去ciu"
490	秀	7	siu	siu3	3	十五音聲調	上去	"7-2-752 秀0007 siu""# 6-84 時上去 siu"
490	宿	3	siu	siu3	3	十五音聲調	上去	"7-1-3082 宿0003 siu""# 6-84 時上去siu°"
490	線	6	siu	siu3	3	十五音聲調	上去	"7-3-5314 线0006 siu""# 6-84 時上去[siu"""
490	瑗	1	siu	siu3	3	十五音聲調	上去	"7-3-2791 瑗0001 siu""! 6-84 時上去[siu"
490	袖	2	siu	siu7	7	十五音聲調	下去	"7-1-1511 袖0002 siu""# 6-90 時下去siu'"
490	袖	3	siu	siu7	7	十五音聲調	下去	"7-3-486 袖0003 siu""# 6-90 4時下去 siu'"
490	幼	23	iu	iu3	3	十五音聲調	上去	"1-1149 幼0023 iu""# 6-84 英上去liu°"
490	箸	2	ciam	tsiam1	1	十五音聲調	上平	"7-1-2812 箸0002 ciam"" 4-50 甘鲁上卒|cam →am"
490	參	1	cham	tsham1	1	十五音聲調	上平	"5-11-467 参0001 cham""# [8-51 笈时上卒[som"
490	森	1	sim	sim1	1	十五音聲調	上平	"7-4-894 森0001 sim"" [8-51 綫時上平som"
490	磚	1	tiam	tiam1	1	十五音聲調	上平	7-2-1172 砖0001 tiam# 1-43 金含上平cim -→im
490	沈	4	tim	tim5	5	十五音聲調	下平	"2-733 沈0004 tim"" 1-51 金地下平lim"
490	今	161	kim	kim1	1	十五音聲調	上平	"1-951 今0161 kim""# 1-42 金求上平[kim"
490	金	72	kim	kim1	1	十五音聲調	上平	"1-258 金0072 kim""# [1-42 金求上平kim'"
490	襟	5	khim	khim1	1	十五音聲調	上平	"7-2-6570 襟0005 khim""# 1-42 金去上卒khim"
490	於	1	khim	khim1	1	十五音聲調	上平	"7-2-6533 於0001 khim""# 1-42 金去上平khim"
490	會	1	khim	khim1	1	十五音聲調	上平	"6-2-2852 会0001 khim""# 1-42 金去上卒khim"
490	琴	16	khim	khim5	5	十五音聲調	下平	"1-1116 琴0016 khim""# 1-51 金去下卒khim"
490	禽	26	khim	khim5	5	十五音聲調	下平	"5-1-247 禽0026 khim""# 1-51 金求下平kim"
490	擒	3	khim	khim5	5	十五音聲調	下平	"7-1-4523 擒0003 khim""# 1-51 金去下卒khim"
490	黔	2	khiam	khiam5	5	十五音聲調	下平	7-1-903 黔0002 khiam3 5-26 去下卒khiam
490	吟	5	gim	gim5	5	十五音聲調	下平	"1-1122 吟0005 gim""# 1-53 金語下平gim"
490	笈	2	cam	tsam1	1	十五音聲調	上平	"2-367 笈0002 cam"" 8-51 发鲁上平|com →om"
490	深	26	chim	tshim1	1	十五音聲調	上平	"6-2-2006 深0026 chim""# 144 金出上平lchim"
490	音	16	im	im1	1	十五音聲調	上平	"1-264 音0016 im""# 1-43 金英上平im"
490	燴	17	im	im1	1	十五音聲調	上平	"6-9-1688 烩0017 im""# 143 金英上平im"
490	款	1	him	him1	1	十五音聲調	上平	"7-2-2582 款0001 him""# 1-44 金喜上卒|him'"
490	林	26	lim	lim5	5	十五音聲調	下平	"1-816 林0026 lim""# 1-51 金柳下平[lim²"
490	琳	1	lim	lim5	5	十五音聲調	下平	"7-4987 琳0001 lim""3 1-51 金柳下平[lim"
490	霖	2	lim	lim5	5	十五音聲調	下平	"7-1-703 霖0002 lim""# 1-51 金柳下卒[lim"
490	隍	12	lim	lim5	5	十五音聲調	下平	4-3613 隍0012 lim* 1-51 金柳下平[lim'
490	任	3	jim	jim5	5	十五音聲調	下平	"6-12-6 任0003 jim"" 1-52 金入下卒jim"""
490	王	2	jim	jim5	5	十五音聲調	下平	7-1-1963 王0002 jim* 1-52 金入下平jim
491	侵	5	chim	tshim1	1	十五音聲調	上平	"6-2-2481 侵0005 chim"" 1-44 金出上平 chim'"
491	心	209	sim	sim1	1	十五音聲調	上平	"3-1020 心0209 sim""# 1-43 金時上平sim"
491	等	7	sim	sim5	5	十五音聲調	下平	"6-6-37 等0007 sim""# 1-52 金时下平sim"
491	澤	12	im	im5	5	十五音聲調	下平	"5-3-454 泽0012 im""# 1-52 金英下平im"
491	品	13	phin	phin2	2	十五音聲調	上上	"7-1-2345 品0013 phin""# 4-18 市颜上上phin"
491	朕	7	tim	tim7	7	十五音聲調	下去	"6-9-465 朕0007 tim""# 1-54 金地下去|tim"
491	錦	15	kim	kim2	2	十五音聲調	上上	"5-17-781 锦0015 kim""# 1-45 金求上上kim²"
491	枕	5	cim	tsim2	2	十五音聲調	上上	"7-3-4197 枕0005 cim"" 1-45 金含上上cim²"
491	蜜	4	sim	sim2	2	十五音聲調	上上	4-2437 蜜0004 sim 1-46 金时上上sim
491	甚	58	sim	sim7	7	十五音聲調	下去	"5-7-635 甚0058 sim""# 1-55 金時下去sim"
491	飲	37	im	im2	2	十五音聲調	上上	"5-6-352 饮0037 im""# 1-46 金英上上im"
491	桌	1	ling	ling2	2	十五音聲調	上上	"4-2221 桌0001 ling""# 1-44 金柳上上[lim *im"
491	陝	8	lim	lim2	2	十五音聲調	上上	"6-5-1223 陕0008 lim""# 1-44 金柳上上lim"
491	低	1	jim	jim2	2	十五音聲調	上上	"7-2-6600 低0001 jim""# 1-45 金入上上jim²"
491	徑	1	jim	jim2	2	十五音聲調	上上	"5-17-521 径0001 jim""# 1-45 金入上上jim"
491	旺	2	jim	jim2	2	十五音聲調	上上	"5-10-334 旺0002 jim""# 1-45 金入上上jim²"
491	穩	1	sim	sim2	2	十五音聲調	上上	7-3-1565 稳0001 sim 1-45 金入上上jim²
491	渡	9	chim	tshim2	2	十五音聲調	上上	"5-5-302 渡0009 chim""# 1-46 金出上上|chim"
491	截	1	chiam	tshiam3	3	十五音聲調	上去	"7-3-6364 截0001 chiam"" 4-56 甘出上去|cham ->am"
491	鄂	1	chuan	tshuan7	7	十五音聲調	下去	"1-818 鄂0001 chuan"" 8-26 光出下去chuang ->uang"
491	雞	2	thim	thim3	3	十五音聲調	上去	"7-3-1820 鸡0002 thim"" 1-47 金他上去|thim"
491	禁	13	kim	kim3	3	十五音聲調	上去	"6-2-462 禁0013 kim""# 1-47 金求上去|kim'"
491	阪	1	im	im3	3	十五音聲調	上去	"7-3-2258 阪0001 im""# 1-48 金英上去im"
491	任	25	jim	jim7	7	十五音聲調	下去	"5-8-265 任0025 jim""# 1-54 金入下去jim"
491	遷	2	jim	jim2	2	十五音聲調	上上	"4-634 迁0002 jim""# 1-45 金入上上jim"
491	浸	2	cim	tsim3	3	十五音聲調	上去	"5-12-256 浸0002 cim"" 1-47 金含上去|cim"
491	沁	1	sim	sim3	3	十五音聲調	上去	7-2-3924 沁0001 sim 1-48 金出上去|chim -*ch
491	戴	1	chip	tship4	4	十五音聲調	上入	"6-2-1313 戴0001 chip"" [1-51 金出上入|chip"
491	極	4	khip	khip4	4	十五音聲調	上入	"6-10-1720 极0004 khip""# 1-49 金求上入kip"
491	汲	5	khip	khip4	4	十五音聲調	上入	"7-2-1416 汲0005 khip""# 1-49 金去上入khip"
491	急	17	kip	kip4	4	十五音聲調	上入	"3-2158 急0017 kip""# 1-49 金求上入ip"
491	給	5	kip	kip4	4	十五音聲調	上入	"5-5-108 给0005 kip""# 1-49 金求上入kip"
491	泣	13	khip	khip4	4	十五音聲調	上入	"6-8-2310 泣0013 khip""# 1-49 金去上入khip"
491	及	94	kip	kip8	8	十五音聲調	下入	"7-2-6118 及0094 kip""# 1-56 金求下入kip"
492	波	1	khip	khip4	4	十五音聲調	上入	"7-2-2000 波0001 khip"" 1-49 金去上入khip 532"
492	發	2	gip	gip8	8	十五音聲調	下入	6-9-930 发0002 gip* 1-57 金語下入gip 53
492	熱	48	cip	tsip4	4	十五音聲調	上入	"1-108 熱0048 cip""# 1-49 金上入cip 53"
492	汁	1	ciap	tsiap4	4	十五音聲調	上入	"7-2-5031 汁0001 ciap""# 5-24 兼曾上入ciap 53"
492	涯	1	sip	sip4	4	十五音聲調	上入	"6-3-1719 涯0001 sip""# 1-50 金時上入sip"
492	什	5	sip	sip8	8	十五音聲調	下入	6-5-632 什0005 sip' 1-57 金時下入sip 53
492	拾	3	sip	sip8	8	十五音聲調	下入	7-1-1408 拾0003 sip' 1-57 金時下入sip 53
492	邑	13	ip	ip4	4	十五音聲調	上入	"5-5-214 邑0013 ip""# 1-50 金英上入lip 53"
492	吸	1	khip	khip4	4	十五音聲調	上入	"7-2-5320 吸0001 khip"" 1-49 金去上入khip 53"
492	翁	4	hih	hih4	4	十五音聲調	上入	"4-1202 翁0004 hih""# [1-51 金喜上入hip -ip 53"
492	立	78	lip	lip8	8	十五音聲調	下入	"2-212 立0078 lip""# 1-56 金柳下入[ip 53"
492	粒	4	liap	liap8	8	十五音聲調	下入	"7-3-2326 粒0004 liap""# 5-30 亲柳下入liap 53"
492	入	74	jip	jip8	8	十五音聲調	下入	"3-1674 入0074 jip""# 1-56 金入下入lip 53"
492	短	3	chip	tship4	4	十五音聲調	上入	"7-3-5918 短0003 chip"" [1-51 金出上入Jchip 53"
492	集	10	cip	tsip8	8	十五音聲調	下入	"5-10-629 集0010 cip""# 1-56 金曾下入cip 53"
492	智	11	sip	sip8	8	十五音聲調	下入	1-10 智0011 sip 1-57 金時下入sip 53
492	要	3	sip	sip8	8	十五音聲調	下入	"43533 要0003 sip"" 4-31 巾時下入 sit it→8 53"
492	揖	8	ip	ip4	4	十五音聲調	上入	"5-10-184 揖0008 ip""# 1-50 金英上入ip 53"
492	把	2	lip	lip4	4	十五音聲調	上入	7-2-5630 把0002 1-50 金英上入lip 53
492	耽	3	tam	tam1	1	十五音聲調	上平	"4-1206 耽0003 tam""# 4-49 甘地上卒tam"" 22"
492	探	4	tham	tham3	3	十五音聲調	上去	"5-16-655 探0004 tham"" 4-55 甘他上去|tham 22"
492	食	12	tham	tham1	1	十五音聲調	上平	"5-20-209 食0012 tham""# 4-50 甘他上卒[tham 22"
492	覃	1	tham	tham5	5	十五音聲調	下平	"7-1-2849 覃0001 tham"" 4-60 甘他下卒tham"" 22"
492	潭	1	tham	tham5	5	十五音聲調	下平	"7-3-3131 潭0001 tham"" 4-60 甘他下卒|tham 22"
492	男	30	lam	lam5	5	十五音聲調	下平	"6-10-575 男0030 lam""# 4-59 甘柳下卒[lam"
492	南	53	lam	lam5	5	十五音聲調	下平	"5-17-473 南0053 lam""# 4-59 甘柳下平[lam 22"
492	穗	1	lam	lam5	5	十五音聲調	下平	"74-5685 穗0001 lam""# 4-59 甘柳下卒[lam 22"
492	堪	25	kham	kham1	1	十五音聲調	上平	"7-1-2442 堪0025 kham""# 4 49 甘去上卒kham' 22"
492	參	13	cham	tsham1	1	十五音聲調	上平	"5-15-169 参0013 cham""# 4-51 甘出上卒[cham"" 22"
492	合	7	ham	ham5	5	十五音聲調	下平	"7-2-6052 合0007 ham"" 4-61 甘喜下平|ham"""
492	函	6	ham	ham5	5	十五音聲調	下平	"7-3-281 函0006 ham""# 4-61 甘喜下平|ham"
492	送	3	ham	ham5	5	十五音聲調	下平	"7-1-1066 送0003 ham""# 4-61 甘喜下卒,ham°"
492	婪	1	lim	lim1	1	十五音聲調	上平	7-3-4629 婪0001 lim3 4 49 甘柳上平[lam' -am
492	崖	2	lam	lam5	5	十五音聲調	下平	"7-1-1549 崖0002 lam""# 4-59 甘柳下平lam"
492	裁	2	ham	ham1	1	十五音聲調	上平	"7-3-284 裁0002 ham""# 5-16 象求上卒[kiam →k→iam→1"
493	砭	1	pien	pien2	2	十五音聲調	上上	"7-3-1815 砭0001 pien"" 1-25 整透上上pien"
493	沾	5	ciam	tsiam1	1	十五音聲調	上平	"7-1-616 沾0005 ciam""# 5-16 兼地上卒iam"
493	給	1	khiam	khiam5	5	十五音聲調	下平	"7-2-2675 给0001 khiam"" 5-26 象去下卒[khiam"
493	箱	1	khiam	khiam5	5	十五音聲調	下平	"7-1-3369 箱0001 khiam"" 5-26 象去下平khiam"
493	佔	4	ciam	tsiam1	1	十五音聲調	上平	"5-13-848 占0004 ciam""# 5-17 兼台上平ciam"
493	倍	1	ciam	tsiam1	1	十五音聲調	上平	"7-4-2104 倍0001 ciam"" 5-17 聚鲁上平|ciam"
493	晚	11	ciam	tsiam1	1	十五音聲調	上平	"3-1562 晚0011 ciam""# 5-17 鲁上平(ciam"
493	始	1	siam	siam5	5	十五音聲調	下平	"7-1-77 始0001 Siam"" 5-27 時下卒siam"
493	格	1	ciam	tsiam1	1	十五音聲調	上平	"5-10-82 格0001 ciam"" 5-18 第出上卒|chiam -ch"
493	苫	1	ciam	tsiam1	1	十五音聲調	上平	"7-3-5761 苫0001 ciam"" 5-17 余上卒ciam"
493	海	6	am	am1	1	十五音聲調	上平	"7-1-4082 海0006 am""# 5-17 兼英上卒iam →iam"
493	炎	7	iam	iam5	5	十五音聲調	下平	"7-2-5378 炎0007 iam""# 5-27 英下平liam"
493	廉	22	liam	liam5	5	十五音聲調	下平	"5-17-615 廉0022 liam""# 5-25 象柳下平[iam"
493	籟	1	liam	liam5	5	十五音聲調	下平	"7-4-2009 籁0001 liam"" 5-25 象柳下卒liam"
493	估	1	ciam	tsiam1	1	十五音聲調	上平	"7-4-361 估0001 ciam"" 5-17 含上卒|ciam"
493	添	1	thiam	thiam1	1	十五音聲調	上平	"7-4-4265 添0001 thiam"" 5-17 兼他上平/thiam"
493	話	2	thiam	thiam5	5	十五音聲調	下平	"2-921 话0002 thiam"" 5-26 兼地下平iam"
493	甜	1	thiam	thiam5	5	十五音聲調	下平	"7-2-5854 甜0001 thiam""# 5-26 兼地下平liam"
493	兼	1	khiam	khiam1	1	十五音聲調	上平	"7-2-4304 兼0001 khiam"" 5-17 乘求上卒[kiam"
493	謙	24	khiam	khiam1	1	十五音聲調	上平	"3-845 谦0024 Khiam""# 5-16 去上卒[khiam"
493	嫌	6	hiam	hiam5	5	十五音聲調	下平	"7-1-3661 嫌0006 hiam""# 5-27 喜下平hiam"
493	醇	1	tham	tham7	7	十五音聲調	下去	"7-3-5961 醇0001 tham"" 4-62 甘地下去|tam'"
493	感	9	kam	kam2	2	十五音聲調	上上	"7-1-3626 感0009 kam""# 4-52 甘求上上[kam"
493	坎	1	kham	kham2	2	十五音聲調	上上	"7-1-1959 坎0001 kham"" 4-52 甘去上上kham"
493	修	2	cham	tsham2	2	十五音聲調	上上	"7-3-5138 修0002 cham""# 4-53 甘出上上[cham"
493	領	2	am	am7	7	十五音聲調	下去	"7-2-303 领0002 am""# 4-63 甘英下去[ami"
493	歐	1	kham	kham2	2	十五音聲調	上上	6-13-430 欧0001 kham* 4-52 甘去上上(kham'
493	靳	5	cam	tsam2	2	十五音聲調	上上	6-8-880 靳0005 4-53 甘誉上上cam
493	籍	1	am	am2	2	十五音聲調	上上	"7-1-3509 籍0001 am""# 4-53 甘英上上am"
493	陝	1	siam	siam2	2	十五音聲調	上上	"7-1-872 陕0001 siam"" 5-19 象時上上siam"
493	陽	1	siam	siam2	2	十五音聲調	上上	"7-1-105 阳0001 siam"" 5-19 兼時上上siam"
494	敏	7	liam	liam2	2	十五音聲調	上上	"5-11-444 敏0007 liam""# 5-18 柳上上liam"
494	款	2	liam	liam2	2	十五音聲調	上上	"4-2209 款0002 liam""# 5-18 柳上上iam²"
494	冉	20	jiam	jiam2	2	十五音聲調	上上	"5-3-110 冉0020 jiam"" 5-19 兼入上上jiam²"
494	染	2	jiam	jiam2	2	十五音聲調	上上	"2-196 染0002 jiam""# 5-19 第入上上iam²"
494	點	12	tiam	tiam2	2	十五音聲調	上上	"5-11-892 點0012 tiam""# 5-19 地上上tiam"
494	泰	2	thiam	thiam2	2	十五音聲調	上上	"7-2-1624 泰0002 thiam""# 5-19 兼他上上thiam²"
494	款	1	khiam	khiam2	2	十五音聲調	上上	"7-1-2304 款0001 khiam""# 5-19 去上上khiam'"
494	餓	2	khiam	khiam2	2	十五音聲調	上上	6-4-502 饿0002 Khiam 5-19 去上上khiam²
494	鉗	1	kham	kham3	3	十五音聲調	上去	"5-10-213 钳0001 kham""# 4-54 甘去上去|kham"""
494	暗	2	am	am3	3	十五音聲調	上去	"7-3-946 暗0002 am""# 4-55 甘英上去|am"
494	圈	1	am	am3	3	十五音聲調	上去	"4-3823 圈0001 am"" 4-55 甘英上去[am'"
494	德	5	ham	ham7	7	十五音聲調	下去	"4-809 德0005 ham""# 4-64 甘喜下去ham"
494	蒙	1	liam	liam7	7	十五音聲調	下去	"7-4-1320 蒙0001 liam"" 5-28 余下去ciam"
494	陷	10	ham	ham7	7	十五音聲調	下去	"6-3-1129 陷0010 ham""# 4-64 甘喜下去ham'"
494	驗	1	giam	giam3	3	十五音聲調	上去	"7-3-6377 验0001 giam""# 5-22 余语上去 lgiam"
494	佔	3	ciam	tsiam3	3	十五音聲調	上去	"7-1-4043 占0003 ciam""# 5-21 會上去ciam"
494	路	3	siam	siam7	7	十五音聲調	下去	"6-1-2338 路0003 siam""# 5-29 時下去siam"
494	數	1	liam	liam7	7	十五音聲調	下去	"7-3-6045 数0001 liam*"" 5-28 象柳下去liam"
494	墊	1	tiam	tiam3	3	十五音聲調	上去	"6-13-1637 垫0001 tiam""# 5-21 象地上去iam"
494	站	2	tiam	tiam3	3	十五音聲調	上去	"5-3-559 站0002 tiam""# 5-21 兼地上去|tiam"""
494	念	6	liam	liam7	7	十五音聲調	下去	"7-2 4050 念0006 liam""# 5-28 廉柳下去liam"
494	答	8	tap	tap4	4	十五音聲調	上入	"5-14131 答0008 tap""# 4-57 甘地上入tap"""
494	漯	1	lap	lap4	4	十五音聲調	上入	"6-5-1560 漯0001 lap""# 2-8 于柳上入lat' →at"
494	路	2	tap	tap8	8	十五音聲調	下入	7-1-2421 路0002 tap 4-65 甘地下入tap
494	查	4	tap	tap8	8	十五音聲調	下入	"6-7-316 查0004 tap"" 4-65 甘地下入|tap°"
494	內	15	lap	lap8	8	十五音聲調	下入	"6-6-1487 内0015 lap""# 4-64 甘柳下入lap"
494	納	8	lap	lap8	8	十五音聲調	下入	"4-506 纳0008 lap""# 4-64 甘柳下入[lap°"
494	柄	1	lap	lap8	8	十五音聲調	下入	7-2-6937 柄0001 lap: 4-64 甘柳下入[lap
494	籍	2	cap	tsap8	8	十五音聲調	下入	"7-3-544 籍0002 cap""# 4-65 甘鲁下入 cap"
494	合	25	hap	hap8	8	十五音聲調	下入	"2-548 合0025 hap""# 4-66 甘喜下入hap"
494	路	1	khap	khap4	4	十五音聲調	上入	"42301 路0001 khap""# 4-57 甘去上入khap"""
494	灰	2	kiap	kiap4	4	十五音聲調	上入	2-494 灰0002 kiap 5-23 兼求上入kiap
494	招	1	liap	liap8	8	十五音聲調	下入	"7-3-6383 招0001 liap"" 1-56 金去下入khip →kh-ip"
494	篷	2	ciet	tsiet8	8	十五音聲調	下入	"7-3-3673 篷0002 ciet""# 141 坚曾下入ciet'"
494	洽	2	hiap	hiap8	8	十五音聲調	下入	"7-2-4083 洽0002 hiap""# 5-32 喜下入hiap"
495	峽	1	kiap	kiap4	4	十五音聲調	上入	7-4-5419 峡0001 kiap 5-23 求上入kiap'
495	路	1	liap	liap4	4	十五音聲調	上入	"7-2-5576 路0001 liap"" 5-22 兼柳上入liap"
495	攝	8	liap	liap4	4	十五音聲調	上入	"5-3-527 摄0008 liap""# 5-24 兼時上入siap"
495	涉	3	siap	siap8	8	十五音聲調	下入	"7-1-1221 涉0003 siap""# 5-31 象時下入siap"
495	瑕	10	lap	lap8	8	十五音聲調	下入	"6-2-235 瑕0010 lap""# 4-64 甘柳下入lapi"
495	段	1	lap	lap8	8	十五音聲調	下入	"7-3-1511 段0001 lap""2 4-64 甘柳下入[lap"
495	度	2	lap	lap4	4	十五音聲調	上入	"7-4-4009 度0002 lap""# 5-22 余柳上入liap -→iap"
495	站	1	thiap	thiap4	4	十五音聲調	上入	"7-3-275 站0001 thiap""# 5-24 兼他上入/thiap"
495	貼	1	thiet	thiet4	4	十五音聲調	上入	"7-2-6799 貼贴0001 thiet'"" 5-24 兼他上入/thiat' →iap"
495	噗	2	tiap	tiap8	8	十五音聲調	下入	"7-2-5731 噗0002 tiap"" 5-30 兼地下入tiap"
495	膜	2	tiap	tiap8	8	十五音聲調	下入	"7-1-2770 膜0002 tiap""# 5-30 策地下入iap"
495	操	2	tiap	tiap8	8	十五音聲調	下入	"7-3-4580 操0002 tiap"" 5-30 象地下入tiap"
495	至	2	tiap	tiap8	8	十五音聲調	下入	"7-2-2483 至0002 tiap"" 5-30 策地下入tiap"
495	英	1	kiap	kiap4	4	十五音聲調	上入	"7-4-5739 英0001 kiap""# 5-23 兼求上入kiap"
495	筷	2	kiap	kiap4	4	十五音聲調	上入	"7-3-2167 筷0002 kiap""# 5-23 黛求上入[kiap"
495	葉	2	hiapi	hiapi8	8	十五音聲調	下入	7-2-4606 叶0002 hiapi 5-32 喜下入hiap
495	俠	1	kiap	kiap8	8	十五音聲調	下入	"7-1-3964 侠0001 kiap""# 5-32 喜下入hiap h-8"
495	換	12	hiap	hiap8	8	十五音聲調	下入	"6-10-784 换0012 hiap""# 5-32 喜下入|hiap"
495	獲	12	hiap	hiap8	8	十五音聲調	下入	"6-10-784 获0012 hiap""# 5-32 喜下入[hiap"
495	找	1	tam	tam1	1	十五音聲調	上平	"7-2-5524 找0001 tam""# 4-49 甘地上平tam"
495	信	1	tam	tam1	1	十五音聲調	上平	"7-3-5055 信0001 tam"" 4-49 甘地上平(tam"
495	聘	1	jiam	jiam1	1	十五音聲調	上平	"7-4-3107 聘0001 jiam"" 4-50 甘地上平|tam² +t→am→1"
495	懿	8	tam	tam5	5	十五音聲調	下平	"7-3-4000 懿0008 tam""# 4-60 甘地下卒|tam"
495	甘	14	kam	kam1	1	十五音聲調	上平	"5-17-802 甘0014 kam""# 4-49 甘求上平[kam'"
495	柑	2	kam	kam1	1	十五音聲調	上平	"7-4-6032 柑0002 kam""# 4-49 甘求上平kam"
495	停	2	cham	tsham5	5	十五音聲調	下平	"7-2-3286 停0002 cham""# 4-61 甘出下平cham"
495	惠	1	cham	tsham5	5	十五音聲調	下平	"6-4-1515 惠0001 cham""# 4-61 甘出下卒cham"
495	三	251	sam	sam1	1	十五音聲調	上平	"4-1896 三0251 sam""# 4-50 甘時上平[sam"
495	邯	1	ham	ham1	1	十五音聲調	上平	"7-3-2779 邯0001 ham"" 4-51 甘喜上卒|ham"
495	藍	6	lam	lam5	5	十五音聲調	下平	"7-2-1951 蓝0006 lam""# 4-59 甘柳下平[lam"""
495	籃	1	lam	lam5	5	十五音聲調	下平	"2-845 篮0001 lam"" 4-59 甘柳下卒[lam"
495	搭	1	lam	lam5	5	十五音聲調	下平	"7-2-6578 搭0001 lam"" 4-59 甘柳下卒[lam"
495	餓	6	giam	giam5	5	十五音聲調	下平	"3-1554 饿0006 giam""# 5-27 聚语下卒giam"
495	衫	1	san	san1	1	十五音聲調	上平	"7-4-1547 衫0001 san""# 2-2 干时上卒[san'"
495	唧	5	ham	ham5	5	十五音聲調	下平	"7-4-1417 唧0005 ham""# 4-61 甘喜下平|ham"
495	街	1	ham	ham5	5	十五音聲調	下平	"7-2-2190 街0001 ham""# 4-61 甘喜下卒|ham"
495	崴	16	giam	giam5	5	十五音聲調	下平	"1-57 崴0016 giam""# 5-27 下平lgiam"
496	尖	1	ciam	tsiam1	1	十五音聲調	上平	"7-2-6245 尖0001 ciam"" 5-17 兼曾上卒|ciam"
496	滘	2	ciam	tsiam5	5	十五音聲調	下平	"2-70 滘0002 ciam""3 5-26 廉鲁下卒|ciam"
496	載	3	chiam	tshiam1	1	十五音聲調	上平	"7-2-3536 载0003 chiam"" 5-17 時上卒[siam"
496	間	2	giam	giam5	5	十五音聲調	下平	"7-3-3252 間0002 giam""# 5-27 英下卒liam"
496	度	7	tam	tam2	2	十五音聲調	上上	"7-2-5412 度0007 tam""# 4-52 甘地上上tam²"
496	毯	1	than	than2	2	十五音聲調	上上	"7-3-3803 毯0001 than"" 24 于他上上than"""
496	淡	3	tam	tam2	2	十五音聲調	上上	"7-4-3680 淡0003 tam"" 452 甘地上上tam"
496	淡	3	tam	tam7	7	十五音聲調	下去	"2-68 淡003 tam""# 4-62 甘地下去|tam'"
496	敢	83	kam	kam2	2	十五音聲調	上上	"4-3295 敢0083 kam""# 4-52 甘求上上kam"
496	檢	1	kiam	kiam2	2	十五音聲調	上上	"6-1-639 检0001 kiam""# 5-19 兼求上上kiam²"
496	會	19	khiam	khiam7	7	十五音聲調	下去	"5-3-80 会0019 khiam""# 5-28 去下去khiam"
496	露	2	giam	giam2	2	十五音聲調	上上	5-19-226 露0002 giam* 5-20 余语上上giam
496	掩	7	iam	iam2	2	十五音聲調	上上	"6-7-1639 掩0007 iam"" 5-19 英上上iam"
496	擦	3	iam	iam2	2	十五音聲調	上上	"41302 擦0003 iam""# 5-19 英上上iam"" 12"
496	險	6	hiam	hiam2	2	十五音聲調	上上	"64-114 险0006 hiam""# 5-20 喜上上hiam²"
496	攝	1	hiam	hiam2	2	十五音聲調	上上	"7-2-5131 摄0001 hiam"" [5-20 喜上上|hiam²"
496	新	3	ciam	tsiam7	7	十五音聲調	下去	"7-1-2006 新0003 ciam"" 5-28 會下去|ciam"
496	琰	1	liam	liam2	2	十五音聲調	上上	"7-3-4416 琰0001 liam"" 5-20 英上上 Ejiam? +0~2"
496	嵌	1	ien	ien7	7	十五音聲調	下去	"7-1-4575 嵌0001 ien"" 5-29 英下去liam 0→iam→7"
496	靈	1	iam	iam2	2	十五音聲調	上上	"7-3-5107 灵0001 iam"" 5-19 廉英上上liam²"
496	晟	1	kham	kham3	3	十五音聲調	上去	"7-4-3605 晟0001 kham"" 4-54 甘去上去kham"
496	三	4	sam	sam3	3	十五音聲調	上去	5-5-645 三0004 sam 4-55 甘時上去[sam
496	登	4	lam	lam7	7	十五音聲調	下去	"6-5-1498 登0004 lam""# 4-62 甘柳下去[lam'"
496	監	4	kam	kam3	3	十五音聲調	上去	"7-1-3475 监0004 kam""# 4-54 甘求上去|kam"
496	筆	8	kam	kam3	3	十五音聲調	上去	"7-2-3545 笔0008kam""# 4-54 甘求上去|kam"
496	塹	1	cham	tsham7	7	十五音聲調	下去	"7-1-1489 堑0001 cham""# 4-63 甘曾下去|cam"
496	躍	27	iam	iam3	3	十五音聲調	上去	"4-640 跃0027 iam""# 5-22 英上去liam"
496	翼	4	iam	iam3	3	十五音聲調	上去	"6-1-128 翼0004 iam""# 5-22 英上去|iam"
496	塔	2	that	that4	4	十五音聲調	上入	"74-1805 塔0002 2 that""# 457 [甘他上入thap"" -ap"
497	楊	4	thap	thap4	4	十五音聲調	上入	"7-2-2550 杨0004 thap"" 4-57 甘他上入thap"
497	益	11	ap	ap8	8	十五音聲調	下入	"6-4-1807 益0011 ap""# 4-65 甘英下入ap"
497	益	1	khap	khap4	4	十五音聲調	上入	"6-4-1123 益0001 khap"" 4-57 甘去上入khap"
497	股	2	lap	lap8	8	十五音聲調	下入	"7-1-1844 股0002 lap""# 4-64 甘柳下入lap"
497	數	1	lap	lap8	8	十五音聲調	下入	"7-3-5240 数0001 lap"" 4-64 甘柳下入iap"
497	甲	21	kah	kah4	4	十五音聲調	上入	"6-1-409 甲0021 kah""# 6-36 膠求上入kah"
497	鵑	6	ap	ap4	4	十五音聲調	上入	"7-3-3823 鹃0006 ap""# 6-37 医英上入lah -""ah"
497	押	3	ap	ap8	8	十五音聲調	下入	"5-10-567 押0003 ap"" 4-65 甘英下入ap"
497	秤	1	ap	ap8	8	十五音聲調	下入	"5-16-124 秤0001 ap""# 4-65 甘英下入[ap"
497	劫	1	kiap	kiap4	4	十五音聲調	上入	"7-4-3459 劫0001 kiap""# 5-23 兼求上入kiap"
497	榮	17	giap	giap8	8	十五音聲調	下入	"6-2-2515 荣0017 giap""# 5-31 语下入giap"
497	智	3	hiap	hiap8	8	十五音聲調	下入	"7-2-5253 智0003 hiap""# 5-32 喜下入hiap"
497	接	11	ciap	tsiap4	4	十五音聲調	上入	"6-1-407 接0011 ciap""# 5-24 余鲁上入ciap"
497	妾	15	chiap	tshiap4	4	十五音聲調	上入	"6-8-2164 妾0015 chiap""# 5-25 出上入chiap"
497	捷	6	ciet	tsiet8	8	十五音聲調	下入	"7-1-3347 捷0006 ciet""# [1-41 暨鲁下入|ciet"
497	柒	12	iap	iap8	8	十五音聲調	下入	"7-2-3104 柒0012 iap""# 5-31 康英下入iap"
497	凡	24	huan	huan5	5	十五音聲調	下平	"6-11-1716 凡0024 huan""# 2-99 喜下平huan"
497	犯	14	huan	huan7	7	十五音聲調	下去	"7-3-1109 犯0014 huan""# 2-102 喜下去huan"
497	範	9	huan	huan7	7	十五音聲調	下去	"7-1-3671 范0009 huan""# 2-102 喜下去huan"
497	箍	4	huan	huan7	7	十五音聲調	下去	"6-6-202 箍0004 huan""# 2-102 翻喜下去huan"
497	匯	1	huan	huan3	3	十五音聲調	上去	"6-6-1728 汇0001 huan"" 2-93 汉喜上去|huan"
497	沉	1	huan	huan3	3	十五音聲調	上去	"5-1-155 沉0001 huan"" 2-93 親喜上去huan -3"
497	泛	2	huan	huan3	3	十五音聲調	上去	"7-2-1769 泛0002 huan"" 2-93 親喜上去|huan"
497	梵	3	huan	huan7	7	十五音聲調	下去	"7-3-3859 梵0003 huan"" 2-102 親喜下去huan'"
497	法	41	huat	huat4	4	十五音聲調	上入	"1-855 法0041 huat""# 2-96 汉喜上入|huat'"
497	乏	6	huat	huat8	8	十五音聲調	下入	6-11-1866 乏0006 huat'? 2-105 认喜下入|huat
497	崩	10	phing	phing1	1	十五音聲調	上平	"5-16-247 崩0010 phing""# 2-56 經逸上平ping"
497	朋	24	ping	ping5	5	十五音聲調	下平	"1-306 朋0024 ping""# 2-74 经逐下卒ping"
497	瑪	1	phing	phing5	5	十五音聲調	下平	"7-4-4730 玛0001 phing""# 2-75 经颜下平phing"
497	登	19	ting	ting1	1	十五音聲調	上平	"6-5-1513 登0019 ting""# 2-57 经地上平ing"
497	燈	5	ting	ting1	1	十五音聲調	上平	"7-3-3864 燈0005 ting""# 2-57 经地上平ting"
497	滕	25	ting	ting5	5	十五音聲調	下平	"6-2-2396 滕0025 ting""# 2-75 经地下至ting"
498	騰	5	thing	thing5	5	十五音聲調	下平	"7-4-2285 腾0005 thing""# 2-75 經他下平thing"
498	藤	1	tin	tin5	5	十五音聲調	下平	7-4-839 藤0001 tin'3 4-26 巾地下平in
498	能	300	ling	ling5	5	十五音聲調	下平	"3-1314 能0300 ling""# 2-73 經柳下平[ing"
498	魯	73	cing	tsing1	1	十五音聲調	上平	"7-3-5173 鲁0073 cing""# 2-58 經鲁上卒cing"
498	信	17	cing	tsing1	1	十五音聲調	上平	"7-4-2453 信0017 cing""# 2-58 经鲁上卒[cing"
498	增	8	cing	tsing1	1	十五音聲調	上平	"7-2-4816 增0008 cing""# 2-58 经鲁上卒|cing"
498	恰	4	lcing	ltsing1	1	十五音聲調	上平	5-5-110 恰0004 2-58 经鲁上平lcing
498	返	20	hing	hing5	5	十五音聲調	下平	5-13-828 返0020 2-77 經喜下平hing
498	恆	4	hing	hing5	5	十五音聲調	下平	6-12-2538 恒0004 2-77 經喜下卒hing
498	棱	1	ling	ling5	5	十五音聲調	下平	"7-1-3817 棱0001 ling"" 2-73 經柳下平[ling"
498	棱	1	ling	ling5	5	十五音聲調	下平	"7-3-1222 棱0001 ling""# 2-73 經柳下平[ling"
498	冰	15	ping	ping1	1	十五音聲調	上平	"5-8-100 冰0015 ping""# 2-56 经透上平ing"
498	愚	3	pin	pin5	5	十五音聲調	下平	"7-2-621 愚0003 pin""# 4-25 巾逐下平pin’"
498	濤	8	pang	pang5	5	十五音聲調	下平	"6-8-13 涛0008 pang""# 5-10 江逐下平pang"
498	徽	17	tin	tin1	1	十五音聲調	上平	4-2843 徽0017 tin*# 415 市地上平lin
498	澄	3	ting	ting5	5	十五音聲調	下平	"7-43236 澄0003 ting""# 2-75 經地下平ting"
498	悠	5	tin	tin5	5	十五音聲調	下平	6-5-2053 悠0005 tin*# 2-75 经地下平[ing →ing~5
498	黔	11	kim	kim1	1	十五音聲調	上平	"3-1070 黔0011 kim""# 2-56 经求上平[king ing"
498	蔬	2	king	king1	1	十五音聲調	上平	"5-8-92 蔬0002 King""# 2-56 經求上卒[king"
498	凝	3	ging	ging5	5	十五音聲調	下平	4 3134 凝0003 ging. 2-77 经语下至[ging
498	蒸	5	cing	tsing1	1	十五音聲調	上平	"7-3-4907 蒸0005 cing"" 4-16 巾鲁上卒|cin' →in"
498	蒸	3	cing	tsing1	1	十五音聲調	上平	"7-3-2013 蒸0003 cing""# 4-16 市鲁上平|cin →in"
498	稗	158	ching	tshing1	1	十五音聲調	上平	"7-1-2434 稗0158 ching""# 2-60 經出上卒ching"
498	乘	8	sing	sing5	5	十五音聲調	下平	"6-8-87 乘0008 sing"" 2-76 经时下卒[sing"
498	涯	1	sing	sing5	5	十五音聲調	下平	"7-1-1269 涯0001 sing"" 4-26 巾會下平|cin' in"
498	拜	7	sin	sin5	5	十五音聲調	下平	"6-7-131 拜0007 sin""# 4-26 巾會下平[cin"
498	升	10	sing	sing1	1	十五音聲調	上平	"5-3-149 升0010 sing""# 2-59 经時上卒sing"
498	桂	2	sing	sing1	1	十五音聲調	上平	"7-1-3433 桂0002 sing""# 2-59 經時上平[sing"
498	膀	20	sin	sin1	1	十五音聲調	上平	"6-2-1808 膀0020 sin""# 4-16 巾时上平[sin"
498	丞	4	cing	tsing5	5	十五音聲調	下平	"7-1-3140 丞0004 cing""# 4-26 市時下卒[sin° *s→in→5"
498	承	17	sin	sin5	5	十五音聲調	下平	"1-684 承0017 sin""# 4-26 巾時下卒|sin'"
498	席	9	ing	ing1	1	十五音聲調	上平	"4558 席009 ing""# 2-59 经英上平ing"
498	輿	57	hin	hin1	1	十五音聲調	上平	"1-753 舆0057 hin""# 4-17 巾喜上平hin'"
498	凌	3	ling	ling5	5	十五音聲調	下平	"7-3-3506 凌0003 ling"" 2-73 經柳下平ling"
498	陵	18	ling	ling5	5	十五音聲調	下平	"1-690 陵0018 ling""# 2-73 经柳下卒[ling"
498	菱	1	ling	ling5	5	十五音聲調	下平	"7-3-3702 菱0001 ling"" 2-73 經柳下平ling"
498	矮	1	ling	ling5	5	十五音聲調	下平	"741369 矮0001 ling""# 2-73 经柳下平ling"
498	智	1	cing	tsing1	1	十五音聲調	上平	"7-3-5328 智0001 cing"" 2-58 经鲁上平|cing"
499	等	15	ting	ting2	2	十五音聲調	上上	"5-10-151 等0015 ting""# 2-62 经地上上ting"
499	肯	6	khing	khing2	2	十五音聲調	上上	"7-2-6776 肯0006 khing."" 2-62 經去上上khing"
499	拯	3	cin	tsin2	2	十五音聲調	上上	"6-2-2158 拯0003 cin"" 4-18 市上上jcin"
499	鄂	2	ting	ting7	7	十五音聲調	下去	"7-1-3652 鄂0002 ting"" 2-79 經地下去ting"
499	贈	5	cing	tsing7	7	十五音聲調	下去	"7-2-2859 赠0005 cing""# 2-79 经鲁下去cing"
499	證	1	cing	tsing3	3	十五音聲調	上去	"5-13-654 證0001 cing"" 4-21 市智上去|cin -in"
499	種	4	ching	tshing3	3	十五音聲調	上去	"6-4-1249 种0004 ching"" 2-66 经出上去|ching"
499	乘	39	sing	sing7	7	十五音聲調	下去	"3-2001 乘0039 sing""# 2-79 經時下去sing"
499	滕	35	sin	sin3	3	十五音聲調	上去	"7-3-1235 滕0035 sin""# 4-21 市時上去|sin"
499	惠	20	ing	ing3	3	十五音聲調	上去	"6-4-1982 惠0020 ing""# 2-65 經英上去ing"
499	翼	3	hin	hin3	3	十五音聲調	上去	"7-2-2783 翼0003 hin""# 4-22 巾喜上去hin"
499	甄	3	cing	tsing7	7	十五音聲調	下去	"7-3-3978 甄0003 cing""# 2-79 经鲁下去cing"
499	孕	4	in	in7	7	十五音聲調	下去	"7-1-626 孕0004 in""# 4-29 市英下去in"
499	胺	1	in	in7	7	十五音聲調	下去	"7-1-2803 胺0001 in"" 4-29 巾英下去in"
499	北	36	pok	pok4	4	十五音聲調	上入	"1-183 北0036 pok""# 2-28 公逐上入pok"
499	匐	4	pok	pok8	8	十五音聲調	下入	"7-3-935 匐0004 pok""# 2-40 公逸下入pok"
499	墨	23	bik	bik8	8	十五音聲調	下入	"6-5-395 墨0023 bik""# 2-84 经罚下入bik"
499	默	4	bik	bik8	8	十五音聲調	下入	"7-3-677 默0004 bik""# 2-84 经罚下入bik"
499	得	299	ik	ik4	4	十五音聲調	上入	4-2415 得0299 2-68 经地上入ik
499	德	152	tik	tik4	4	十五音聲調	上入	"1-363 德0152 tik""# 2-68 经地上入ik"
499	得	5	it	it4	4	十五音聲調	上入	"6-1-938 得0005 it""# 4-23 市地上入t"
499	思	5	thik	thik4	4	十五音聲調	上入	6-2-1011 思0005 thik# 2-69 经他上入thik
499	武	1	thik	thik4	4	十五音聲調	上入	"3-1381 武0001 thik""# 2-69 经他上入thik"
499	特	1	tik	tik8	8	十五音聲調	下入	"2-900 特0001 tik""# 2-82 经地下入[ik"
499	克	18	khik	khik4	4	十五音聲調	上入	"6-12-1903 克0018 khik""# 2-67 经去上入[khik"
499	刻	6	khik	khik4	4	十五音聲調	上入	2-527 刻0006 khik* 2-68 经去上入khik
499	則	661	cik	tsik4	4	十五音聲調	上入	"3-1572 则0661 cik""# 2-70 经鲁上入cik -4"
499	塞	13	sik	sik4	4	十五音聲調	上入	"6-6-2103 塞0013 sik""# 2-71 經時上入[sik"
499	黑	8	hik	hik4	4	十五音聲調	上入	"7-1-1974 黑0008 hik""# 2-71 经喜上入,hik"
499	劾	1	iik	iik8	8	十五音聲調	下入	7-1-3641 劾0001 Iik [2-85 经喜下入hik
499	助	1	ik	ik8	8	十五音聲調	下入	7-2-5762 助0001 2-81 经柳下入ik
499	勒	2	ik	ik8	8	十五音聲調	下入	2-525 勒0002 2-81 经柳下入ik
499	側	10	chik	tshik4	4	十五音聲調	上入	"5-11-315 侧0010 chik""# 2-72 经出上入chik"
499	昂	1	cik	tsik4	4	十五音聲調	上入	"2-12 昂0001 cik""# 2-70 经鲁上入cik"
499	測	6	chik	tshik4	4	十五音聲調	上入	"4-2926 测0006 chik""# 2-72 經出上入chik"
499	劃	6	chik	tshik4	4	十五音聲調	上入	"2-372 划0006 chik""# 2-72 轻出上入chik"
499	色	78	sik	sik4	4	十五音聲調	上入	"2-696 色0078 sik""# [2-71 經時上入sk"
500	畜	1	sik	sik4	4	十五音聲調	上入	7-2-6545 畜0001 sik# 2-71 經時上入sik
500	稿	2	sik	sik4	4	十五音聲調	上入	"2-656 稿0002 sik""# [2-71 羟時上入|sik"
500	逼	3	pik	pik4	4	十五音聲調	上入	2-728 逼0003 2-67 經逐上入pik
500	福	1	pik	pik4	4	十五音聲調	上入	6-5-1516 福0001 2-67 羟逐上入pik
500	陟	3	thik	thik4	4	十五音聲調	上入	"2-672 陟0003 thik""# 2-69 經他上入thik"
500	效	2	thik	thik4	4	十五音聲調	上入	"2-688 效002 thik""# 4-23 巾他上入thit it"
500	直	43	tit	tit8	8	十五音聲調	下入	"2-680 直0043 tit""# 4-31 市地下入bt"
500	愛	2	ik	ik8	8	十五音聲調	下入	5-5-759 爱0002 2-81 经柳下入ik
500	棘	10	kik	kik4	4	十五音聲調	上入	"6-11-2191 棘0010 kik""# 2-67 經求上入[kik"
500	砭	1	kik	kik4	4	十五音聲調	上入	6-9-697 砭0001 kik* 2-67 短求上入[ik
500	桓	19	ik	ik8	8	十五音聲調	下入	2-712 桓0019 2-81 經求下入ik
500	曦	18	cit	tsit4	4	十五音聲調	上入	6-2-934 曦0018 4-23 中會上入cit'
500	羧	7	it	it4	4	十五音聲調	上入	6-5-1297 羧0007 4-23 巾曾上入it
500	食	152	sit	sit8	8	十五音聲調	下入	"7-2-4383 食0152 sit""# 431 巾時下入[sit"
500	鱸	5	sk	sk4	4	十五音聲調	上入	"5-10-215 鲈0005 sk""# 2-71 经時上入sik"
500	式	8	sit	sit4	4	十五音聲調	上入	"6-4-1805 式0008 sit""# 4-24 巾時上入[sit"
500	載	32	sit	sit4	4	十五音聲調	上入	"6-2-1554 载0032 sit""# 4-24 巾时上入|sit"
500	植	6	sit	sit8	8	十五音聲調	下入	"2-704 植006 sit""# 4-31 巾時下入|sit"
500	殖	4	sit	sit8	8	十五音聲調	下入	"6-5-1509 殖0004 sit""# 4-31 巾時下入sit"
500	憶	1	k	k4	4	十五音聲調	上入	743919 憶0001 2-72 經英上入k
500	即	33	cik	tsik4	4	十五音聲調	上入	2-720 即0033 2-70 经曾上入cik
500	稷	21	jcik	jtsik4	4	十五音聲調	上入	1-222 稷0021 2-70 经曾上入jcik
500	息	23	sit	sit4	4	十五音聲調	上入	"2-276 息0023 sit""# 4-24 市時上入sit"
500	肱	3	kiong	kiong1	1	十五音聲調	上平	"5-7-330 肱0003 kiong""# 2-56 經求上平king →ing"
500	莫	4	hing	hing1	1	十五音聲調	上平	"5-14-1208 莫0004 hing""# 2-59 經英上卒ling"
500	或	72	hik	hik8	8	十五音聲調	下入	"5-2-557 或0072 hik"" 2-84 經喜下入 hik"
500	惠	18	hik	hik8	8	十五音聲調	下入	"42089 惠0018 3 hik""# 2-84 經喜下入hik”"
500	漁	1	hiok	hiok4	4	十五音聲調	上入	"5-8-612 渔001 hiok""# 2-31 公喜上入hok"
500	罵	1	hik	hik8	8	十五音聲調	下入	"5-10-117 骂0001 hik""# 2-84 經喜下入hik"
500	域	3	hik	hik8	8	十五音聲調	下入	"7-1-860 域0003 hik""# 2-84 經喜下入hik"
500	或	1	hik	hik8	8	十五音聲調	下入	"7-3-1810 或0001 hik""# 2-84 經喜下入|hik"
